Product	Voltage	pressure	pH	TOF_Coverage
CH3CH2OH_g	-1.85	0.0	6.8	0.0009256659288179
CH3CH2OH_g	-1.8414141414141416	0.0	6.8	0.0010016427241843
CH3CH2OH_g	-1.8328282828282831	0.0	6.8	0.0010773579107516
CH3CH2OH_g	-1.8242424242424244	0.0	6.8	0.0011523282968113
CH3CH2OH_g	-1.8156565656565655	0.0	6.8	0.0012261214188633
CH3CH2OH_g	-1.8070707070707075	0.0	6.8	0.0012983588474542
CH3CH2OH_g	-1.7984848484848486	0.0	6.8	0.0013687172782789
CH3CH2OH_g	-1.78989898989899	0.0	6.8	0.0014369278059887
CH3CH2OH_g	-1.7813131313131314	0.0	6.8	0.0015027737765907
CH3CH2OH_g	-1.772727272727273	0.0	6.8	0.0015660875909149
CH3CH2OH_g	-1.7641414141414142	0.0	6.8	0.0016267467869475
CH3CH2OH_g	-1.7555555555555555	0.0	6.8	0.0016846696865784
CH3CH2OH_g	-1.746969696969697	0.0	6.8	0.0017398108389073
CH3CH2OH_g	-1.7383838383838386	0.0	6.8	0.001792156444964
CH3CH2OH_g	-1.72979797979798	0.0	6.8	0.001841719904717
CH3CH2OH_g	-1.7212121212121212	0.0	6.8	0.0018885375884795
CH3CH2OH_g	-1.7126262626262627	0.0	6.8	0.001932664902051
CH3CH2OH_g	-1.7040404040404042	0.0	6.8	0.0019741726880559
CH3CH2OH_g	-1.6954545454545455	0.0	6.8	0.0020131439845499
CH3CH2OH_g	-1.6868686868686869	0.0	6.8	0.0020496711454985
CH3CH2OH_g	-1.6782828282828284	0.0	6.8	0.0020838533154934
CH3CH2OH_g	-1.66969696969697	0.0	6.8	0.0021157942423831
CH3CH2OH_g	-1.6611111111111112	0.0	6.8	0.0021456004056981
CH3CH2OH_g	-1.6525252525252525	0.0	6.8	0.0021733794352463
CH3CH2OH_g	-1.643939393939394	0.0	6.8	0.0021992387925302
CH3CH2OH_g	-1.6353535353535356	0.0	6.8	0.0022232846872517
CH3CH2OH_g	-1.6267676767676769	0.0	6.8	0.0022456212017516
CH3CH2OH_g	-1.6181818181818182	0.0	6.8	0.0022663495974986
CH3CH2OH_g	-1.6095959595959597	0.0	6.8	0.002285567779449
CH3CH2OH_g	-1.6010101010101012	0.0	6.8	0.0023033698960724
CH3CH2OH_g	-1.5924242424242423	0.0	6.8	0.0023198460549461
CH3CH2OH_g	-1.5838383838383838	0.0	6.8	0.0023350821359512
CH3CH2OH_g	-1.5752525252525251	0.0	6.8	0.0023491596861976
CH3CH2OH_g	-1.5666666666666669	0.0	6.8	0.0023621558828104
CH3CH2OH_g	-1.5580808080808082	0.0	6.8	0.0023741435515917
CH3CH2OH_g	-1.5494949494949497	0.0	6.8	0.0023851912313149
CH3CH2OH_g	-1.540909090909091	0.0	6.8	0.0023953632750062
CH3CH2OH_g	-1.5323232323232323	0.0	6.8	0.0024047199810014
CH3CH2OH_g	-1.5237373737373738	0.0	6.8	0.0024133177478493
CH3CH2OH_g	-1.5151515151515151	0.0	6.8	0.0024212092482415
CH3CH2OH_g	-1.5065656565656569	0.0	6.8	0.0024284436180866
CH3CH2OH_g	-1.4979797979797982	0.0	6.8	0.0024350666575959
CH3CH2OH_g	-1.4893939393939395	0.0	6.8	0.0024411210417812
CH3CH2OH_g	-1.4808080808080808	0.0	6.8	0.0024466465380743
CH3CH2OH_g	-1.4722222222222223	0.0	6.8	0.0024516802288203
CH3CH2OH_g	-1.4636363636363638	0.0	6.8	0.0024562567361807
CH3CH2OH_g	-1.4550505050505051	0.0	6.8	0.0024604084464982
CH3CH2OH_g	-1.4464646464646465	0.0	6.8	0.0023075406086734
CH3CH2OH_g	-1.437878787878788	0.0	6.8	0.0020665872309314
CH3CH2OH_g	-1.4292929292929295	0.0	6.8	0.0018325268220018
CH3CH2OH_g	-1.4207070707070708	0.0	6.8	0.0016096032236983
CH3CH2OH_g	-1.412121212121212	0.0	6.8	0.0014012114906388
CH3CH2OH_g	-1.4035353535353536	0.0	6.8	0.0012097562838883
CH3CH2OH_g	-1.394949494949495	0.0	6.8	0.0010366337476912
CH3CH2OH_g	-1.3863636363636365	0.0	6.8	0.0008823158065682
CH3CH2OH_g	-1.3777777777777778	0.0	6.8	0.0007465027746438
CH3CH2OH_g	-1.3691919191919193	0.0	6.8	0.0006283079546812
CH3CH2OH_g	-1.3606060606060606	0.0	6.8	0.0005264436708468
CH3CH2OH_g	-1.352020202020202	0.0	6.8	0.0004393877806681
CH3CH2OH_g	-1.3434343434343434	0.0	6.8	0.0003655195673799
CH3CH2OH_g	-1.334848484848485	0.0	6.8	0.0003032218645517
CH3CH2OH_g	-1.3262626262626265	0.0	6.8	0.0002509515518535
CH3CH2OH_g	-1.3176767676767678	0.0	6.8	0.0002072833691071
CH3CH2OH_g	-1.309090909090909	0.0	6.8	0.000170932945948
CH3CH2OH_g	-1.3005050505050506	0.0	6.8	0.0001407647267091
CH3CH2OH_g	-1.291919191919192	0.0	6.8	0.0001157896549894
CH3CH2OH_g	-1.2833333333333334	0.0	6.8	9.515646327842086e-05
CH3CH2OH_g	-1.2747474747474747	0.0	6.8	7.813942169571554e-05
CH3CH2OH_g	-1.2661616161616165	0.0	6.8	6.412454854768087e-05
CH3CH2OH_g	-1.2575757575757576	0.0	6.8	5.259561006944817e-05
CH3CH2OH_g	-1.248989898989899	0.0	6.8	4.312073150359864e-05
CH3CH2OH_g	-1.2404040404040404	0.0	6.8	3.5340081618758204e-05
CH3CH2OH_g	-1.231818181818182	0.0	6.8	2.8954847493750905e-05
CH3CH2OH_g	-1.2232323232323232	0.0	6.8	2.371755705729039e-05
CH3CH2OH_g	-1.2146464646464648	0.0	6.8	1.942370918602582e-05
CH3CH2OH_g	-1.206060606060606	0.0	6.8	1.5904616062424923e-05
CH3CH2OH_g	-1.1974747474747476	0.0	6.8	1.302133574631235e-05
CH3CH2OH_g	-1.1888888888888889	0.0	6.8	1.065956429320987e-05
CH3CH2OH_g	-1.1803030303030304	0.0	6.8	8.725359144533261e-06
CH3CH2OH_g	-1.1717171717171715	0.0	6.8	7.141574116323939e-06
CH3CH2OH_g	-1.1631313131313132	0.0	6.8	5.844897980894522e-06
CH3CH2OH_g	-1.1545454545454543	0.0	6.8	4.783401383753279e-06
CH3CH2OH_g	-1.145959595959596	0.0	6.8	3.914509468403502e-06
CH3CH2OH_g	-1.1373737373737374	0.0	6.8	3.203329418851751e-06
CH3CH2OH_g	-1.128787878787879	0.0	6.8	2.621272837008375e-06
CH3CH2OH_g	-1.1202020202020202	0.0	6.8	2.144922326558019e-06
CH3CH2OH_g	-1.1116161616161615	0.0	6.8	1.7550998668885544e-06
CH3CH2OH_g	-1.103030303030303	0.0	6.8	1.4361016228900036e-06
CH3CH2OH_g	-1.0944444444444446	0.0	6.8	1.175069878606089e-06
CH3CH2OH_g	-1.085858585858586	0.0	6.8	9.614779123679873e-07
CH3CH2OH_g	-1.0772727272727274	0.0	6.8	7.867078867705571e-07
CH3CH2OH_g	-1.068686868686869	0.0	6.8	6.437052351111352e-07
CH3CH2OH_g	-1.0601010101010102	0.0	6.8	5.266957447683909e-07
CH3CH2OH_g	-1.0515151515151515	0.0	6.8	4.309538486667205e-07
CH3CH2OH_g	-1.042929292929293	0.0	6.8	3.52612716635349e-07
CH3CH2OH_g	-1.0343434343434343	0.0	6.8	2.885085583178116e-07
CH3CH2OH_g	-1.025757575757576	0.0	6.8	2.360530265838657e-07
CH3CH2OH_g	-1.0171717171717172	0.0	6.8	1.9312875729403169e-07
CH3CH2OH_g	-1.0085858585858587	0.0	6.8	1.580039749638804e-07
CH3CH2OH_g	-1.0	0.0	6.8	1.292627751097793e-07
CH3CH2OH_g	-1.85	-3.0	6.8	3.7793883535140375e-08
CH3CH2OH_g	-1.8414141414141416	-3.0	6.8	5.264877810178899e-08
CH3CH2OH_g	-1.8328282828282831	-3.0	6.8	7.330494803821064e-08
CH3CH2OH_g	-1.8242424242424244	-3.0	6.8	1.0200405908147785e-07
CH3CH2OH_g	-1.8156565656565655	-3.0	6.8	1.4183882893835465e-07
CH3CH2OH_g	-1.8070707070707075	-3.0	6.8	1.9706662191108325e-07
CH3CH2OH_g	-1.7984848484848486	-3.0	6.8	2.7353269779916773e-07
CH3CH2OH_g	-1.78989898989899	-3.0	6.8	3.7923784613509844e-07
CH3CH2OH_g	-1.7813131313131314	-3.0	6.8	5.25093947688033e-07
CH3CH2OH_g	-1.772727272727273	-3.0	6.8	7.259207084382103e-07
CH3CH2OH_g	-1.7641414141414142	-3.0	6.8	1.001746573696988e-06
CH3CH2OH_g	-1.7555555555555555	-3.0	6.8	1.3794850929111269e-06
CH3CH2OH_g	-1.746969696969697	-3.0	6.8	1.8950621865601775e-06
CH3CH2OH_g	-1.7383838383838386	-3.0	6.8	2.5960659657426333e-06
CH3CH2OH_g	-1.72979797979798	-3.0	6.8	3.54497357469353e-06
CH3CH2OH_g	-1.7212121212121212	-3.0	6.8	4.822972195280722e-06
CH3CH2OH_g	-1.7126262626262627	-3.0	6.8	6.534326434220992e-06
CH3CH2OH_g	-1.7040404040404042	-3.0	6.8	8.811145325001755e-06
CH3CH2OH_g	-1.6954545454545455	-3.0	6.8	1.1818266364616664e-05
CH3CH2OH_g	-1.6868686868686869	-3.0	6.8	1.5757806230229345e-05
CH3CH2OH_g	-1.6782828282828284	-3.0	6.8	2.0872744866664103e-05
CH3CH2OH_g	-1.66969696969697	-3.0	6.8	2.744874339140284e-05
CH3CH2OH_g	-1.6611111111111112	-3.0	6.8	3.581329338207641e-05
CH3CH2OH_g	-1.6525252525252525	-3.0	6.8	4.633131059502478e-05
CH3CH2OH_g	-1.643939393939394	-3.0	6.8	5.939646961545836e-05
CH3CH2OH_g	-1.6353535353535356	-3.0	6.8	7.541795227058224e-05
CH3CH2OH_g	-1.6267676767676769	-3.0	6.8	9.480283309316324e-05
CH3CH2OH_g	-1.6181818181818182	-3.0	6.8	0.0001179349774514
CH3CH2OH_g	-1.6095959595959597	-3.0	6.8	0.0001451519637048
CH3CH2OH_g	-1.6010101010101012	-3.0	6.8	0.0001767220218223
CH3CH2OH_g	-1.5924242424242423	-3.0	6.8	0.000212823188644
CH3CH2OH_g	-1.5838383838383838	-3.0	6.8	0.0002535267524634
CH3CH2OH_g	-1.5752525252525251	-3.0	6.8	0.0002987866122062
CH3CH2OH_g	-1.5666666666666669	-3.0	6.8	0.0003484354972004
CH3CH2OH_g	-1.5580808080808082	-3.0	6.8	0.0004021882158474
CH3CH2OH_g	-1.5494949494949497	-3.0	6.8	0.0004596513662199
CH3CH2OH_g	-1.540909090909091	-3.0	6.8	0.0005203383620896
CH3CH2OH_g	-1.5323232323232323	-3.0	6.8	0.0005836882690854
CH3CH2OH_g	-1.5237373737373738	-3.0	6.8	0.0006490868202426
CH3CH2OH_g	-1.5151515151515151	-3.0	6.8	0.0007158880582334
CH3CH2OH_g	-1.5065656565656569	-3.0	6.8	0.0007834352774354
CH3CH2OH_g	-1.4979797979797982	-3.0	6.8	0.0008510802486583
CH3CH2OH_g	-1.4893939393939395	-3.0	6.8	0.0009182000437752
CH3CH2OH_g	-1.4808080808080808	-3.0	6.8	0.0009842110906233
CH3CH2OH_g	-1.4722222222222223	-3.0	6.8	0.0010485803500494
CH3CH2OH_g	-1.4636363636363638	-3.0	6.8	0.0011108337016239
CH3CH2OH_g	-1.4550505050505051	-3.0	6.8	0.0011705617493984
CH3CH2OH_g	-1.4464646464646465	-3.0	6.8	0.0011494122543527
CH3CH2OH_g	-1.437878787878788	-3.0	6.8	0.0010729786391601
CH3CH2OH_g	-1.4292929292929295	-3.0	6.8	0.0009876589502431
CH3CH2OH_g	-1.4207070707070708	-3.0	6.8	0.0008970885350694
CH3CH2OH_g	-1.412121212121212	-3.0	6.8	0.0008047238115773
CH3CH2OH_g	-1.4035353535353536	-3.0	6.8	0.0007136014571202
CH3CH2OH_g	-1.394949494949495	-3.0	6.8	0.0006261839183996
CH3CH2OH_g	-1.3863636363636365	-3.0	6.8	0.0005442952054097
CH3CH2OH_g	-1.3777777777777778	-3.0	6.8	0.0004691341716089
CH3CH2OH_g	-1.3691919191919193	-3.0	6.8	0.000401343070151
CH3CH2OH_g	-1.3606060606060606	-3.0	6.8	0.0003411071547375
CH3CH2OH_g	-1.352020202020202	-3.0	6.8	0.0002882643591536
CH3CH2OH_g	-1.3434343434343434	-3.0	6.8	0.0002424099191436
CH3CH2OH_g	-1.334848484848485	-3.0	6.8	0.000202986947409
CH3CH2OH_g	-1.3262626262626265	-3.0	6.8	0.0001693590963366
CH3CH2OH_g	-1.3176767676767678	-3.0	6.8	0.0001408650418639
CH3CH2OH_g	-1.309090909090909	-3.0	6.8	0.000116856650122
CH3CH2OH_g	-1.3005050505050506	-3.0	6.8	9.672366542040093e-05
CH3CH2OH_g	-1.291919191919192	-3.0	6.8	7.990796192876603e-05
CH3CH2OH_g	-1.2833333333333334	-3.0	6.8	6.591015989325242e-05
CH3CH2OH_g	-1.2747474747474747	-3.0	6.8	5.429095980969317e-05
CH3CH2OH_g	-1.2661616161616165	-3.0	6.8	4.466904772546067e-05
CH3CH2OH_g	-1.2575757575757576	-3.0	6.8	3.671695695546769e-05
CH3CH2OH_g	-1.248989898989899	-3.0	6.8	3.0155874775473608e-05
CH3CH2OH_g	-1.2404040404040404	-3.0	6.8	2.4750067568271848e-05
CH3CH2OH_g	-1.231818181818182	-3.0	6.8	2.0301359695666875e-05
CH3CH2OH_g	-1.2232323232323232	-3.0	6.8	1.6643928544502365e-05
CH3CH2OH_g	-1.2146464646464648	-3.0	6.8	1.3639557435972504e-05
CH3CH2OH_g	-1.206060606060606	-3.0	6.8	1.1173406847800473e-05
CH3CH2OH_g	-1.1974747474747476	-3.0	6.8	9.150312019087083e-06
CH3CH2OH_g	-1.1888888888888889	-3.0	6.8	7.491583059043289e-06
CH3CH2OH_g	-1.1803030303030304	-3.0	6.8	6.132265983449276e-06
CH3CH2OH_g	-1.1717171717171715	-3.0	6.8	5.018815580508858e-06
CH3CH2OH_g	-1.1631313131313132	-3.0	6.8	4.107131080921722e-06
CH3CH2OH_g	-1.1545454545454543	-3.0	6.8	3.360910585602401e-06
CH3CH2OH_g	-1.145959595959596	-3.0	6.8	2.750285575599936e-06
CH3CH2OH_g	-1.1373737373737374	-3.0	6.8	2.2506978678558704e-06
CH3CH2OH_g	-1.128787878787879	-3.0	6.8	1.8419785335089085e-06
CH3CH2OH_g	-1.1202020202020202	-3.0	6.8	1.5075879914658312e-06
CH3CH2OH_g	-1.1116161616161615	-3.0	6.8	1.2339830361614945e-06
CH3CH2OH_g	-1.103030303030303	-3.0	6.8	1.01008675314856e-06
CH3CH2OH_g	-1.0944444444444446	-3.0	6.8	8.268454303407407e-07
CH3CH2OH_g	-1.085858585858586	-3.0	6.8	6.768606310563054e-07
CH3CH2OH_g	-1.0772727272727274	-3.0	6.8	5.540859577457081e-07
CH3CH2OH_g	-1.068686868686869	-3.0	6.8	4.535786099385468e-07
CH3CH2OH_g	-1.0601010101010102	-3.0	6.8	3.7129658225249654e-07
CH3CH2OH_g	-1.0515151515151515	-3.0	6.8	3.03933402288739e-07
CH3CH2OH_g	-1.042929292929293	-3.0	6.8	2.48783510659534e-07
CH3CH2OH_g	-1.0343434343434343	-3.0	6.8	2.036325624635265e-07
CH3CH2OH_g	-1.025757575757576	-3.0	6.8	1.6666798182450738e-07
CH3CH2OH_g	-1.0171717171717172	-3.0	6.8	1.3640599455669093e-07
CH3CH2OH_g	-1.0085858585858587	-3.0	6.8	1.1163209746201425e-07
CH3CH2OH_g	-1.0	-3.0	6.8	9.135248949574687e-08
CH4_g	-1.85	0.0	6.8	19450.13555715721
CH4_g	-1.8414141414141416	0.0	6.8	17117.875173897242
CH4_g	-1.8328282828282831	0.0	6.8	15020.050018650783
CH4_g	-1.8242424242424244	0.0	6.8	13142.483229193467
CH4_g	-1.8156565656565655	0.0	6.8	11469.75125492509
CH4_g	-1.8070707070707075	0.0	6.8	9985.793306495363
CH4_g	-1.7984848484848486	0.0	6.8	8674.411452626924
CH4_g	-1.78989898989899	0.0	6.8	7519.666146212851
CH4_g	-1.7813131313131314	0.0	6.8	6506.176351087183
CH4_g	-1.772727272727273	0.0	6.8	5619.335893335879
CH4_g	-1.7641414141414142	0.0	6.8	4845.45861874959
CH4_g	-1.7555555555555555	0.0	6.8	4171.864867153101
CH4_g	-1.746969696969697	0.0	6.8	3586.9209831406533
CH4_g	-1.7383838383838386	0.0	6.8	3080.042395858028
CH4_g	-1.72979797979798	0.0	6.8	2641.669414433912
CH4_g	-1.7212121212121212	0.0	6.8	2263.223455050019
CH4_g	-1.7126262626262627	0.0	6.8	1937.0500411412552
CH4_g	-1.7040404040404042	0.0	6.8	1656.3536603043497
CH4_g	-1.6954545454545455	0.0	6.8	1415.1284516081084
CH4_g	-1.6868686868686869	0.0	6.8	1208.0877460823224
CH4_g	-1.6782828282828284	0.0	6.8	1030.5946885792737
CH4_g	-1.66969696969697	0.0	6.8	878.5955199905063
CH4_g	-1.6611111111111112	0.0	6.8	748.5565794964949
CH4_g	-1.6525252525252525	0.0	6.8	637.4056798116158
CH4_g	-1.643939393939394	0.0	6.8	542.4781968492443
CH4_g	-1.6353535353535356	0.0	6.8	461.4679824477901
CH4_g	-1.6267676767676769	0.0	6.8	392.38303993287474
CH4_g	-1.6181818181818182	0.0	6.8	333.5057843682758
CH4_g	-1.6095959595959597	0.0	6.8	283.3576313036968
CH4_g	-1.6010101010101012	0.0	6.8	240.6676104211235
CH4_g	-1.5924242424242423	0.0	6.8	204.3446761384824
CH4_g	-1.5838383838383838	0.0	6.8	173.45337984114104
CH4_g	-1.5752525252525251	0.0	6.8	147.19257312961068
CH4_g	-1.5666666666666669	0.0	6.8	124.8768245059434
CH4_g	-1.5580808080808082	0.0	6.8	105.9202503567112
CH4_g	-1.5494949494949497	0.0	6.8	89.8224827233655
CH4_g	-1.540909090909091	0.0	6.8	76.15651954789195
CH4_g	-1.5323232323232323	0.0	6.8	64.5582266601636
CH4_g	-1.5237373737373738	0.0	6.8	54.71728390232531
CH4_g	-1.5151515151515151	0.0	6.8	46.3693899045682
CH4_g	-1.5065656565656569	0.0	6.8	39.28956078035282
CH4_g	-1.4979797979797982	0.0	6.8	33.2863771951032
CH4_g	-1.4893939393939395	0.0	6.8	28.19705178976557
CH4_g	-1.4808080808080808	0.0	6.8	23.883204798367323
CH4_g	-1.4722222222222223	0.0	6.8	20.227249930693265
CH4_g	-1.4636363636363638	0.0	6.8	17.129305277710284
CH4_g	-1.4550505050505051	0.0	6.8	14.504555240954367
CH4_g	-1.4464646464646465	0.0	6.8	12.281000760492851
CH4_g	-1.437878787878788	0.0	6.8	10.397536087286024
CH4_g	-1.4292929292929295	0.0	6.8	8.802315420291166
CH4_g	-1.4207070707070708	0.0	6.8	7.451360598660996
CH4_g	-1.412121212121212	0.0	6.8	6.307374474606302
CH4_g	-1.4035353535353536	0.0	6.8	5.338732132562691
CH4_g	-1.394949494949495	0.0	6.8	4.518623070103577
CH4_g	-1.3863636363636365	0.0	6.8	3.8243220579374793
CH4_g	-1.3777777777777778	0.0	6.8	3.23656961507736
CH4_g	-1.3691919191919193	0.0	6.8	2.7390458042575854
CH4_g	-1.3606060606060606	0.0	6.8	2.3179234315864004
CH4_g	-1.352020202020202	0.0	6.8	1.9614887758339263
CH4_g	-1.3434343434343434	0.0	6.8	1.6598197226680176
CH4_g	-1.334848484848485	0.0	6.8	1.4045126776169157
CH4_g	-1.3262626262626265	0.0	6.8	1.1884509133144108
CH4_g	-1.3176767676767678	0.0	6.8	1.0056081017942655
CH4_g	-1.309090909090909	0.0	6.8	0.8508817173567877
CH4_g	-1.3005050505050506	0.0	6.8	0.7199517924912912
CH4_g	-1.291919191919192	0.0	6.8	0.6091611881661891
CH4_g	-1.2833333333333334	0.0	6.8	0.5154141175489297
CH4_g	-1.2747474747474747	0.0	6.8	0.4360901536437948
CH4_g	-1.2661616161616165	0.0	6.8	0.3689713691578312
CH4_g	-1.2575757575757576	0.0	6.8	0.312180612048676
CH4_g	-1.248989898989899	0.0	6.8	0.2641292220214538
CH4_g	-1.2404040404040404	0.0	6.8	0.2234727496999853
CH4_g	-1.231818181818182	0.0	6.8	0.1890734580909217
CH4_g	-1.2232323232323232	0.0	6.8	0.1599685710615102
CH4_g	-1.2146464646464648	0.0	6.8	0.1353433907712851
CH4_g	-1.206060606060606	0.0	6.8	0.1145085395075091
CH4_g	-1.1974747474747476	0.0	6.8	0.096880694722399
CH4_g	-1.1888888888888889	0.0	6.8	0.081966282276087
CH4_g	-1.1803030303030304	0.0	6.8	0.0693476745222318
CH4_g	-1.1717171717171715	0.0	6.8	0.0586715091195483
CH4_g	-1.1631313131313132	0.0	6.8	0.0496388031724847
CH4_g	-1.1545454545454543	0.0	6.8	0.0419965870783185
CH4_g	-1.145959595959596	0.0	6.8	0.0355308246266878
CH4_g	-1.1373737373737374	0.0	6.8	0.0300604215940972
CH4_g	-1.128787878787879	0.0	6.8	0.0254321552555847
CH4_g	-1.1202020202020202	0.0	6.8	0.021516382708683
CH4_g	-1.1116161616161615	0.0	6.8	0.018203407380451
CH4_g	-1.103030303030303	0.0	6.8	0.0154004012221788
CH4_g	-1.0944444444444446	0.0	6.8	0.0130287954686009
CH4_g	-1.085858585858586	0.0	6.8	0.0110220657462615
CH4_g	-1.0772727272727274	0.0	6.8	0.0093238474845643
CH4_g	-1.068686868686869	0.0	6.8	0.0078863243639906
CH4_g	-1.0601010101010102	0.0	6.8	0.0066688357820892
CH4_g	-1.0515151515151515	0.0	6.8	0.005636649763013
CH4_g	-1.042929292929293	0.0	6.8	0.004759846383766
CH4_g	-1.0343434343434343	0.0	6.8	0.0040122560367709
CH4_g	-1.025757575757576	0.0	6.8	0.0033704077011232
CH4_g	-1.0171717171717172	0.0	6.8	0.0028125040019423
CH4_g	-1.0085858585858587	0.0	6.8	0.0023176606370228
CH4_g	-1.0	0.0	6.8	0.0018662387552652
CH4_g	-1.85	-3.0	6.8	124.28143331748066
CH4_g	-1.8414141414141416	-3.0	6.8	124.10451535086372
CH4_g	-1.8328282828282831	-3.0	6.8	123.89621003637568
CH4_g	-1.8242424242424244	-3.0	6.8	123.6511173807093
CH4_g	-1.8156565656565655	-3.0	6.8	123.36297334086004
CH4_g	-1.8070707070707075	-3.0	6.8	123.02453653633168
CH4_g	-1.7984848484848486	-3.0	6.8	122.62746987828808
CH4_g	-1.78989898989899	-3.0	6.8	122.1622212188706
CH4_g	-1.7813131313131314	-3.0	6.8	121.6179092187036
CH4_g	-1.772727272727273	-3.0	6.8	120.98222330196232
CH4_g	-1.7641414141414142	-3.0	6.8	120.24134982660502
CH4_g	-1.7555555555555555	-3.0	6.8	119.3799403972696
CH4_g	-1.746969696969697	-3.0	6.8	118.38114236057994
CH4_g	-1.7383838383838386	-3.0	6.8	117.2267155431332
CH4_g	-1.72979797979798	-3.0	6.8	115.89726251264112
CH4_g	-1.7212121212121212	-3.0	6.8	114.37260102199116
CH4_g	-1.7126262626262627	-3.0	6.8	112.63230545953812
CH4_g	-1.7040404040404042	-3.0	6.8	110.65643748058022
CH4_g	-1.6954545454545455	-3.0	6.8	108.4264729986804
CH4_g	-1.6868686868686869	-3.0	6.8	105.9264123803136
CH4_g	-1.6782828282828284	-3.0	6.8	103.14403322866944
CH4_g	-1.66969696969697	-3.0	6.8	100.07221268747256
CH4_g	-1.6611111111111112	-3.0	6.8	96.71021324389856
CH4_g	-1.6525252525252525	-3.0	6.8	93.06479930190328
CH4_g	-1.643939393939394	-3.0	6.8	89.15103926136852
CH4_g	-1.6353535353535356	-3.0	6.8	84.99265657417092
CH4_g	-1.6267676767676769	-3.0	6.8	80.62182697812047
CH4_g	-1.6181818181818182	-3.0	6.8	76.07837599795883
CH4_g	-1.6095959595959597	-3.0	6.8	71.40840271170491
CH4_g	-1.6010101010101012	-3.0	6.8	66.66242965377411
CH4_g	-1.5924242424242423	-3.0	6.8	61.89323991507111
CH4_g	-1.5838383838383838	-3.0	6.8	57.15359891421826
CH4_g	-1.5752525252525251	-3.0	6.8	52.49406380596107
CH4_g	-1.5666666666666669	-3.0	6.8	47.96105921212519
CH4_g	-1.5580808080808082	-3.0	6.8	43.595351333257895
CH4_g	-1.5494949494949497	-3.0	6.8	39.43099448895337
CH4_g	-1.540909090909091	-3.0	6.8	35.49476599694441
CH4_g	-1.5323232323232323	-3.0	6.8	31.806055967147834
CH4_g	-1.5237373737373738	-3.0	6.8	28.37714330907288
CH4_g	-1.5151515151515151	-3.0	6.8	25.213769527063263
CH4_g	-1.5065656565656569	-3.0	6.8	22.315916269110875
CH4_g	-1.4979797979797982	-3.0	6.8	19.67869791873154
CH4_g	-1.4893939393939395	-3.0	6.8	17.293292986602818
CH4_g	-1.4808080808080808	-3.0	6.8	15.14785411492814
CH4_g	-1.4722222222222223	-3.0	6.8	13.2283533107641
CH4_g	-1.4636363636363638	-3.0	6.8	11.519334610043249
CH4_g	-1.4550505050505051	-3.0	6.8	10.004559605394627
CH4_g	-1.4464646464646465	-3.0	6.8	8.667562729996325
CH4_g	-1.437878787878788	-3.0	6.8	7.492023028538939
CH4_g	-1.4292929292929295	-3.0	6.8	6.462123575411022
CH4_g	-1.4207070707070708	-3.0	6.8	5.562804759999931
CH4_g	-1.412121212121212	-3.0	6.8	4.779915258990862
CH4_g	-1.4035353535353536	-3.0	6.8	4.10031339258092
CH4_g	-1.394949494949495	-3.0	6.8	3.511918256087964
CH4_g	-1.3863636363636365	-3.0	6.8	3.003721637094564
CH4_g	-1.3777777777777778	-3.0	6.8	2.565770299110936
CH4_g	-1.3691919191919193	-3.0	6.8	2.189126710956858
CH4_g	-1.3606060606060606	-3.0	6.8	1.865814852044316
CH4_g	-1.352020202020202	-3.0	6.8	1.5887564060056574
CH4_g	-1.3434343434343434	-3.0	6.8	1.3517015088759077
CH4_g	-1.334848484848485	-3.0	6.8	1.1491572541991195
CH4_g	-1.3262626262626265	-3.0	6.8	0.9763163667033036
CH4_g	-1.3176767676767678	-3.0	6.8	0.8289878177981719
CH4_g	-1.309090909090909	-3.0	6.8	0.703530645125675
CH4_g	-1.3005050505050506	-3.0	6.8	0.5967918307669154
CH4_g	-1.291919191919192	-3.0	6.8	0.5060487683196272
CH4_g	-1.2833333333333334	-3.0	6.8	0.4289565923332799
CH4_g	-1.2747474747474747	-3.0	6.8	0.363500442956001
CH4_g	-1.2661616161616165	-3.0	6.8	0.3079525853977524
CH4_g	-1.2575757575757576	-3.0	6.8	0.2608341909444572
CH4_g	-1.248989898989899	-3.0	6.8	0.2208815076441289
CH4_g	-1.2404040404040404	-3.0	6.8	0.1870160987371389
CH4_g	-1.231818181818182	-3.0	6.8	0.158318800020889
CH4_g	-1.2232323232323232	-3.0	6.8	0.1340070385483315
CH4_g	-1.2146464646464648	-3.0	6.8	0.1134151596910344
CH4_g	-1.206060606060606	-3.0	6.8	0.0959774234595137
CH4_g	-1.1974747474747476	-3.0	6.8	0.0812133504492664
CH4_g	-1.1888888888888889	-3.0	6.8	0.0687151201338089
CH4_g	-1.1803030303030304	-3.0	6.8	0.0581367484252157
CH4_g	-1.1717171717171715	-3.0	6.8	0.0491847993458397
CH4_g	-1.1631313131313132	-3.0	6.8	0.0416104215957973
CH4_g	-1.1545454545454543	-3.0	6.8	0.0352025452200771
CH4_g	-1.145959595959596	-3.0	6.8	0.0297821131062892
CH4_g	-1.1373737373737374	-3.0	6.8	0.0251972338079389
CH4_g	-1.128787878787879	-3.0	6.8	0.0213191229820817
CH4_g	-1.1202020202020202	-3.0	6.8	0.0180386823189263
CH4_g	-1.1116161616161615	-3.0	6.8	0.0152635785665215
CH4_g	-1.103030303030303	-3.0	6.8	0.0129157249203148
CH4_g	-1.0944444444444446	-3.0	6.8	0.0109291046566264
CH4_g	-1.085858585858586	-3.0	6.8	0.0092478966703473
CH4_g	-1.0772727272727274	-3.0	6.8	0.0078248672942688
CH4_g	-1.068686868686869	-3.0	6.8	0.0066199909828482
CH4_g	-1.0601010101010102	-3.0	6.8	0.0055992594825306
CH4_g	-1.0515151515151515	-3.0	6.8	0.0047336362766603
CH4_g	-1.042929292929293	-3.0	6.8	0.0039981100808357
CH4_g	-1.0343434343434343	-3.0	6.8	0.0033707993541355
CH4_g	-1.025757575757576	-3.0	6.8	0.0028320684127745
CH4_g	-1.0171717171717172	-3.0	6.8	0.0023636676117515
CH4_g	-1.0085858585858587	-3.0	6.8	0.0019480961174705
CH4_g	-1.0	-3.0	6.8	0.0015688833707625
CHOH_t_1	-1.85	0.0	6.8	0.0001148892198204
CHOH_t_1	-1.8414141414141416	0.0	6.8	0.0001195111873633
CHOH_t_1	-1.8328282828282831	0.0	6.8	0.0001239458937137
CHOH_t_1	-1.8242424242424244	0.0	6.8	0.0001281858991838
CHOH_t_1	-1.8156565656565655	0.0	6.8	0.0001322266150784
CHOH_t_1	-1.8070707070707075	0.0	6.8	0.0001360659667608
CHOH_t_1	-1.7984848484848486	0.0	6.8	0.0001397040561986
CHOH_t_1	-1.78989898989899	0.0	6.8	0.0001431428353176
CHOH_t_1	-1.7813131313131314	0.0	6.8	0.0001463857981033
CHOH_t_1	-1.772727272727273	0.0	6.8	0.0001494376966793
CHOH_t_1	-1.7641414141414142	0.0	6.8	0.0001523042841259
CHOH_t_1	-1.7555555555555555	0.0	6.8	0.0001549920853473
CHOH_t_1	-1.746969696969697	0.0	6.8	0.0001575081958289
CHOH_t_1	-1.7383838383838386	0.0	6.8	0.0001598601072677
CHOH_t_1	-1.72979797979798	0.0	6.8	0.000162055558449
CHOH_t_1	-1.7212121212121212	0.0	6.8	0.0001641024093714
CHOH_t_1	-1.7126262626262627	0.0	6.8	0.0001660085364264
CHOH_t_1	-1.7040404040404042	0.0	6.8	0.0001677817463833
CHOH_t_1	-1.6954545454545455	0.0	6.8	0.0001694297069629
CHOH_t_1	-1.6868686868686869	0.0	6.8	0.0001709598918872
CHOH_t_1	-1.6782828282828284	0.0	6.8	0.0001723795384301
CHOH_t_1	-1.66969696969697	0.0	6.8	0.0001736956156607
CHOH_t_1	-1.6611111111111112	0.0	6.8	0.0001749148017466
CHOH_t_1	-1.6525252525252525	0.0	6.8	0.0001760434688577
CHOH_t_1	-1.643939393939394	0.0	6.8	0.0001770876743854
CHOH_t_1	-1.6353535353535356	0.0	6.8	0.0001780531573505
CHOH_t_1	-1.6267676767676769	0.0	6.8	0.0001789453390268
CHOH_t_1	-1.6181818181818182	0.0	6.8	0.0001797693269381
CHOH_t_1	-1.6095959595959597	0.0	6.8	0.0001805299215181
CHOH_t_1	-1.6010101010101012	0.0	6.8	0.0001812316248233
CHOH_t_1	-1.5924242424242423	0.0	6.8	0.0001818786507949
CHOH_t_1	-1.5838383838383838	0.0	6.8	0.0001824749366466
CHOH_t_1	-1.5752525252525251	0.0	6.8	0.0001830241550305
CHOH_t_1	-1.5666666666666669	0.0	6.8	0.0001835297267025
CHOH_t_1	-1.5580808080808082	0.0	6.8	0.0001839948334609
CHOH_t_1	-1.5494949494949497	0.0	6.8	0.0001844224311835
CHOH_t_1	-1.540909090909091	0.0	6.8	0.0001848152628314
CHOH_t_1	-1.5323232323232323	0.0	6.8	0.000185175871322
CHOH_t_1	-1.5237373737373738	0.0	6.8	0.0001855066122054
CHOH_t_1	-1.5151515151515151	0.0	6.8	0.0001858096661046
CHOH_t_1	-1.5065656565656569	0.0	6.8	0.0001860870508963
CHOH_t_1	-1.4979797979797982	0.0	6.8	0.0001863406336261
CHOH_t_1	-1.4893939393939395	0.0	6.8	0.0001865721421568
CHOH_t_1	-1.4808080808080808	0.0	6.8	0.0001867831765481
CHOH_t_1	-1.4722222222222223	0.0	6.8	0.0001869752201582
CHOH_t_1	-1.4636363636363638	0.0	6.8	0.0001871496504387
CHOH_t_1	-1.4550505050505051	0.0	6.8	0.0001873077493669
CHOH_t_1	-1.4464646464646465	0.0	6.8	0.0001874507341596
CHOH_t_1	-1.437878787878788	0.0	6.8	0.0001875797195
CHOH_t_1	-1.4292929292929295	0.0	6.8	0.0001876957465199
CHOH_t_1	-1.4207070707070708	0.0	6.8	0.0001877998077374
CHOH_t_1	-1.412121212121212	0.0	6.8	0.0001878928425899
CHOH_t_1	-1.4035353535353536	0.0	6.8	0.000187975742886
CHOH_t_1	-1.394949494949495	0.0	6.8	0.0001880493568758
CHOH_t_1	-1.3863636363636365	0.0	6.8	0.0001881144919077
CHOH_t_1	-1.3777777777777778	0.0	6.8	0.0001881719157468
CHOH_t_1	-1.3691919191919193	0.0	6.8	0.0001882223567426
CHOH_t_1	-1.3606060606060606	0.0	6.8	0.0001882665031263
CHOH_t_1	-1.352020202020202	0.0	6.8	0.0001883050017793
CHOH_t_1	-1.3434343434343434	0.0	6.8	0.0001883384568318
CHOH_t_1	-1.334848484848485	0.0	6.8	0.0001883674284186
CHOH_t_1	-1.3262626262626265	0.0	6.8	0.0001883924318568
CHOH_t_1	-1.3176767676767678	0.0	6.8	0.0001884139374187
CHOH_t_1	-1.309090909090909	0.0	6.8	0.0001884323707808
CHOH_t_1	-1.3005050505050506	0.0	6.8	0.0001884481141437
CHOH_t_1	-1.291919191919192	0.0	6.8	0.0001884615079522
CHOH_t_1	-1.2833333333333334	0.0	6.8	0.0001884728531003
CHOH_t_1	-1.2747474747474747	0.0	6.8	0.0001884824134853
CHOH_t_1	-1.2661616161616165	0.0	6.8	0.000188490418772
CHOH_t_1	-1.2575757575757576	0.0	6.8	0.0001884970672401
CHOH_t_1	-1.248989898989899	0.0	6.8	0.0001885025286058
CHOH_t_1	-1.2404040404040404	0.0	6.8	0.0001885069467297
CHOH_t_1	-1.231818181818182	0.0	6.8	0.0001885104421512
CHOH_t_1	-1.2232323232323232	0.0	6.8	0.0001885131144031
CHOH_t_1	-1.2146464646464648	0.0	6.8	0.0001885150440864
CHOH_t_1	-1.206060606060606	0.0	6.8	0.0001885162946971
CHOH_t_1	-1.1974747474747476	0.0	6.8	0.0001885169142101
CHOH_t_1	-1.1888888888888889	0.0	6.8	0.0001885169364379
CHOH_t_1	-1.1803030303030304	0.0	6.8	0.0001885163821815
CHOH_t_1	-1.1717171717171715	0.0	6.8	0.0001885152601728
CHOH_t_1	-1.1631313131313132	0.0	6.8	0.0001885135677408
CHOH_t_1	-1.1545454545454543	0.0	6.8	0.0001885112909214
CHOH_t_1	-1.145959595959596	0.0	6.8	0.0001885084031897
CHOH_t_1	-1.1373737373737374	0.0	6.8	0.0001885048606564
CHOH_t_1	-1.128787878787879	0.0	6.8	0.0001885005884589
CHOH_t_1	-1.1202020202020202	0.0	6.8	0.0001884954462774
CHOH_t_1	-1.1116161616161615	0.0	6.8	0.0001884891470506
CHOH_t_1	-1.103030303030303	0.0	6.8	0.0001884810769365
CHOH_t_1	-1.0944444444444446	0.0	6.8	0.0001884699189237
CHOH_t_1	-1.085858585858586	0.0	6.8	0.0001884529034315
CHOH_t_1	-1.0772727272727274	0.0	6.8	0.0001884243625984
CHOH_t_1	-1.068686868686869	0.0	6.8	0.0001883729711407
CHOH_t_1	-1.0601010101010102	0.0	6.8	0.0001882764641759
CHOH_t_1	-1.0515151515151515	0.0	6.8	0.0001880914780722
CHOH_t_1	-1.042929292929293	0.0	6.8	0.0001877340562921
CHOH_t_1	-1.0343434343434343	0.0	6.8	0.0001870427264963
CHOH_t_1	-1.025757575757576	0.0	6.8	0.000185710595282
CHOH_t_1	-1.0171717171717172	0.0	6.8	0.0001831679357296
CHOH_t_1	-1.0085858585858587	0.0	6.8	0.000178405486064
CHOH_t_1	-1.0	0.0	6.8	0.0001697960654593
CHOH_t_1	-1.85	-3.0	6.8	7.341129767476456e-07
CHOH_t_1	-1.8414141414141416	-3.0	6.8	8.664555522257855e-07
CHOH_t_1	-1.8328282828282831	-3.0	6.8	1.0223951625751508e-06
CHOH_t_1	-1.8242424242424244	-3.0	6.8	1.2060376559066055e-06
CHOH_t_1	-1.8156565656565655	-3.0	6.8	1.4221640930420863e-06
CHOH_t_1	-1.8070707070707075	-3.0	6.8	1.6763267559557292e-06
CHOH_t_1	-1.7984848484848486	-3.0	6.8	1.9749530025098365e-06
CHOH_t_1	-1.78989898989899	-3.0	6.8	2.325455196276192e-06
CHOH_t_1	-1.7813131313131314	-3.0	6.8	2.736343705418993e-06
CHOH_t_1	-1.772727272727273	-3.0	6.8	3.217338335447683e-06
CHOH_t_1	-1.7641414141414142	-3.0	6.8	3.779471490441831e-06
CHOH_t_1	-1.7555555555555555	-3.0	6.8	4.435173837122991e-06
CHOH_t_1	-1.746969696969697	-3.0	6.8	5.1983303342961125e-06
CHOH_t_1	-1.7383838383838386	-3.0	6.8	6.084291354745465e-06
CHOH_t_1	-1.72979797979798	-3.0	6.8	7.109820591699467e-06
CHOH_t_1	-1.7212121212121212	-3.0	6.8	8.292959032353328e-06
CHOH_t_1	-1.7126262626262627	-3.0	6.8	9.65278324594177e-06
CHOH_t_1	-1.7040404040404042	-3.0	6.8	1.120903752259966e-05
CHOH_t_1	-1.6954545454545455	-3.0	6.8	1.2981624054206433e-05
CHOH_t_1	-1.6868686868686869	-3.0	6.8	1.4989944287796036e-05
CHOH_t_1	-1.6782828282828284	-3.0	6.8	1.725209826599179e-05
CHOH_t_1	-1.66969696969697	-3.0	6.8	1.9783966794494546e-05
CHOH_t_1	-1.6611111111111112	-3.0	6.8	2.259822201791423e-05
CHOH_t_1	-1.6525252525252525	-3.0	6.8	2.5703332456185697e-05
CHOH_t_1	-1.643939393939394	-3.0	6.8	2.9102644684215117e-05
CHOH_t_1	-1.6353535353535356	-3.0	6.8	3.2793631259907176e-05
CHOH_t_1	-1.6267676767676769	-3.0	6.8	3.676738975269999e-05
CHOH_t_1	-1.6181818181818182	-3.0	6.8	4.100845948927022e-05
CHOH_t_1	-1.6095959595959597	-3.0	6.8	4.549499259281984e-05
CHOH_t_1	-1.6010101010101012	-3.0	6.8	5.019927866356095e-05
CHOH_t_1	-1.5924242424242423	-3.0	6.8	5.508858455140402e-05
CHOH_t_1	-1.5838383838383838	-3.0	6.8	6.01262388230864e-05
CHOH_t_1	-1.5752525252525251	-3.0	6.8	6.52728698732992e-05
CHOH_t_1	-1.5666666666666669	-3.0	6.8	7.048769957429704e-05
CHOH_t_1	-1.5580808080808082	-3.0	6.8	7.572980030938894e-05
CHOH_t_1	-1.5494949494949497	-3.0	6.8	8.095923923673392e-05
CHOH_t_1	-1.540909090909091	-3.0	6.8	8.613805549165022e-05
CHOH_t_1	-1.5323232323232323	-3.0	6.8	9.123103950851816e-05
CHOH_t_1	-1.5237373737373738	-3.0	6.8	9.62063052824565e-05
CHOH_t_1	-1.5151515151515151	-3.0	6.8	0.0001010356639736
CHOH_t_1	-1.5065656565656569	-3.0	6.8	0.0001056948197966
CHOH_t_1	-1.4979797979797982	-3.0	6.8	0.0001101634166319
CHOH_t_1	-1.4893939393939395	-3.0	6.8	0.0001144249668905
CHOH_t_1	-1.4808080808080808	-3.0	6.8	0.0001184666937858
CHOH_t_1	-1.4722222222222223	-3.0	6.8	0.0001222793153338
CHOH_t_1	-1.4636363636363638	-3.0	6.8	0.0001258567939916
CHOH_t_1	-1.4550505050505051	-3.0	6.8	0.0001291960706111
CHOH_t_1	-1.4464646464646465	-3.0	6.8	0.0001322971172137
CHOH_t_1	-1.437878787878788	-3.0	6.8	0.0001351619812986
CHOH_t_1	-1.4292929292929295	-3.0	6.8	0.0001377947790639
CHOH_t_1	-1.4207070707070708	-3.0	6.8	0.000140201732365
CHOH_t_1	-1.412121212121212	-3.0	6.8	0.0001423907632196
CHOH_t_1	-1.4035353535353536	-3.0	6.8	0.0001443712546158
CHOH_t_1	-1.394949494949495	-3.0	6.8	0.0001461538081871
CHOH_t_1	-1.3863636363636365	-3.0	6.8	0.0001477499962174
CHOH_t_1	-1.3777777777777778	-3.0	6.8	0.0001491721081175
CHOH_t_1	-1.3691919191919193	-3.0	6.8	0.0001504328945883
CHOH_t_1	-1.3606060606060606	-3.0	6.8	0.0001515453154701
CHOH_t_1	-1.352020202020202	-3.0	6.8	0.0001525222991564
CHOH_t_1	-1.3434343434343434	-3.0	6.8	0.0001533765220416
CHOH_t_1	-1.334848484848485	-3.0	6.8	0.0001541202156959
CHOH_t_1	-1.3262626262626265	-3.0	6.8	0.0001547650075609
CHOH_t_1	-1.3176767676767678	-3.0	6.8	0.0001553217983674
CHOH_t_1	-1.309090909090909	-3.0	6.8	0.000155800676726
CHOH_t_1	-1.3005050505050506	-3.0	6.8	0.0001562108688628
CHOH_t_1	-1.291919191919192	-3.0	6.8	0.0001565607196052
CHOH_t_1	-1.2833333333333334	-3.0	6.8	0.0001568576995867
CHOH_t_1	-1.2747474747474747	-3.0	6.8	0.0001571084332422
CHOH_t_1	-1.2661616161616165	-3.0	6.8	0.0001573187424163
CHOH_t_1	-1.2575757575757576	-3.0	6.8	0.0001574937011826
CHOH_t_1	-1.248989898989899	-3.0	6.8	0.0001576376986784
CHOH_t_1	-1.2404040404040404	-3.0	6.8	0.0001577545083666
CHOH_t_1	-1.231818181818182	-3.0	6.8	0.0001578473641627
CHOH_t_1	-1.2232323232323232	-3.0	6.8	0.0001579190463542
CHOH_t_1	-1.2146464646464648	-3.0	6.8	0.0001579719830232
CHOH_t_1	-1.206060606060606	-3.0	6.8	0.0001580083749472
CHOH_t_1	-1.1974747474747476	-3.0	6.8	0.0001580303512813
CHOH_t_1	-1.1888888888888889	-3.0	6.8	0.0001580401547426
CHOH_t_1	-1.1803030303030304	-3.0	6.8	0.0001580403317115
CHOH_t_1	-1.1717171717171715	-3.0	6.8	0.0001580338631879
CHOH_t_1	-1.1631313131313132	-3.0	6.8	0.0001580241369432
CHOH_t_1	-1.1545454545454543	-3.0	6.8	0.0001580146794019
CHOH_t_1	-1.145959595959596	-3.0	6.8	0.0001580086768114
CHOH_t_1	-1.1373737373737374	-3.0	6.8	0.0001580084641536
CHOH_t_1	-1.128787878787879	-3.0	6.8	0.0001580152050491
CHOH_t_1	-1.1202020202020202	-3.0	6.8	0.0001580288620071
CHOH_t_1	-1.1116161616161615	-3.0	6.8	0.0001580483721983
CHOH_t_1	-1.103030303030303	-3.0	6.8	0.0001580718389915
CHOH_t_1	-1.0944444444444446	-3.0	6.8	0.0001580965388172
CHOH_t_1	-1.085858585858586	-3.0	6.8	0.0001581185431372
CHOH_t_1	-1.0772727272727274	-3.0	6.8	0.0001581316763042
CHOH_t_1	-1.068686868686869	-3.0	6.8	0.0001581252954872
CHOH_t_1	-1.0601010101010102	-3.0	6.8	0.0001580798825795
CHOH_t_1	-1.0515151515151515	-3.0	6.8	0.0001579584826745
CHOH_t_1	-1.042929292929293	-3.0	6.8	0.0001576902619247
CHOH_t_1	-1.0343434343434343	-3.0	6.8	0.0001571393988547
CHOH_t_1	-1.025757575757576	-3.0	6.8	0.0001560479198527
CHOH_t_1	-1.0171717171717172	-3.0	6.8	0.0001539368892974
CHOH_t_1	-1.0085858585858587	-3.0	6.8	0.0001499576897432
CHOH_t_1	-1.0	-3.0	6.8	0.000142741770188
CHO_t_1	-1.85	0.0	6.8	1.9450135569920307e-09
CHO_t_1	-1.8414141414141416	0.0	6.8	1.7117875192444922e-09
CHO_t_1	-1.8328282828282831	0.0	6.8	1.5020050045523851e-09
CHO_t_1	-1.8242424242424244	0.0	6.8	1.314248326802008e-09
CHO_t_1	-1.8156565656565655	0.0	6.8	1.146975131087665e-09
CHO_t_1	-1.8070707070707075	0.0	6.8	9.985793386930714e-10
CHO_t_1	-1.7984848484848486	0.0	6.8	8.674411568001628e-10
CHO_t_1	-1.78989898989899	0.0	6.8	7.51966631136161e-10
CHO_t_1	-1.7813131313131314	0.0	6.8	6.506176587031087e-10
CHO_t_1	-1.772727272727273	0.0	6.8	5.619336229827381e-10
CHO_t_1	-1.7641414141414142	0.0	6.8	4.845459097854002e-10
CHO_t_1	-1.7555555555555555	0.0	6.8	4.1718655482857374e-10
CHO_t_1	-1.746969696969697	0.0	6.8	3.586921950147262e-10
CHO_t_1	-1.7383838383838386	0.0	6.8	3.080043766962356e-10
CHO_t_1	-1.72979797979798	0.0	6.8	2.6416713562068757e-10
CHO_t_1	-1.7212121212121212	0.0	6.8	2.2632262020179677e-10
CHO_t_1	-1.7126262626262627	0.0	6.8	1.9370539232989452e-10
CHO_t_1	-1.7040404040404042	0.0	6.8	1.6563591417053974e-10
CHO_t_1	-1.6954545454545455	0.0	6.8	1.415136184475172e-10
CHO_t_1	-1.6868686868686869	0.0	6.8	1.2080986466555218e-10
CHO_t_1	-1.6782828282828284	0.0	6.8	1.0306100434063971e-10
CHO_t_1	-1.66969696969697	0.0	6.8	8.786171348387442e-11
CHO_t_1	-1.6611111111111112	0.0	6.8	7.485869879275524e-11
CHO_t_1	-1.6525252525252525	0.0	6.8	6.374484352619364e-11
CHO_t_1	-1.643939393939394	0.0	6.8	5.425382815660528e-11
CHO_t_1	-1.6353535353535356	0.0	6.8	4.615523799278895e-11
CHO_t_1	-1.6267676767676769	0.0	6.8	3.925015361013989e-11
CHO_t_1	-1.6181818181818182	0.0	6.8	3.3367208872479357e-11
CHO_t_1	-1.6095959595959597	0.0	6.8	2.835909455960996e-11
CHO_t_1	-1.6010101010101012	0.0	6.8	2.4099482319614418e-11
CHO_t_1	-1.5924242424242423	0.0	6.8	2.048034325082024e-11
CHO_t_1	-1.5838383838383838	0.0	6.8	1.7409637502739498e-11
CHO_t_1	-1.5752525252525251	0.0	6.8	1.4809355702273898e-11
CHO_t_1	-1.5666666666666669	0.0	6.8	1.2613899827749308e-11
CHO_t_1	-1.5580808080808082	0.0	6.8	1.0768800700032655e-11
CHO_t_1	-1.5494949494949497	0.0	6.8	9.229782186534327e-12
CHO_t_1	-1.540909090909091	0.0	6.8	7.962199572123182e-12
CHO_t_1	-1.5323232323232323	0.0	6.8	6.940902920126048e-12
CHO_t_1	-1.5237373737373738	0.0	6.8	6.1506079149506916e-12
CHO_t_1	-1.5151515151515151	0.0	6.8	5.586899902169041e-12
CHO_t_1	-1.5065656565656569	0.0	6.8	5.258056214350548e-12
CHO_t_1	-1.4979797979797982	0.0	6.8	5.187953836132493e-12
CHO_t_1	-1.4893939393939395	0.0	6.8	5.420443042084982e-12
CHO_t_1	-1.4808080808080808	0.0	6.8	6.025725451315703e-12
CHO_t_1	-1.4722222222222223	0.0	6.8	7.1094946133125366e-12
CHO_t_1	-1.4636363636363638	0.0	6.8	8.825903401579321e-12
CHO_t_1	-1.4550505050505051	0.0	6.8	1.1395849555363155e-11
CHO_t_1	-1.4464646464646465	0.0	6.8	1.5132668418840605e-11
CHO_t_1	-1.437878787878788	0.0	6.8	2.0478146864323855e-11
CHO_t_1	-1.4292929292929295	0.0	6.8	2.805294627467302e-11
CHO_t_1	-1.4207070707070708	0.0	6.8	3.872713859380028e-11
CHO_t_1	-1.412121212121212	0.0	6.8	5.3718823522710404e-11
CHO_t_1	-1.4035353535353536	0.0	6.8	7.4731968722712e-11
CHO_t_1	-1.394949494949495	0.0	6.8	1.0414903543608325e-10
CHO_t_1	-1.3863636363636365	0.0	6.8	1.4530013307649104e-10
CHO_t_1	-1.3777777777777778	0.0	6.8	2.0283908041116626e-10
CHO_t_1	-1.3691919191919193	0.0	6.8	2.8326881277383057e-10
CHO_t_1	-1.3606060606060606	0.0	6.8	3.9567542518568407e-10
CHO_t_1	-1.352020202020202	0.0	6.8	5.52753681468194e-10
CHO_t_1	-1.3434343434343434	0.0	6.8	7.722397053186491e-10
CHO_t_1	-1.334848484848485	0.0	6.8	1.0789125112062806e-09
CHO_t_1	-1.3262626262626265	0.0	6.8	1.507390214151555e-09
CHO_t_1	-1.3176767676767678	0.0	6.8	2.106036419045812e-09
CHO_t_1	-1.309090909090909	0.0	6.8	2.942417547868001e-09
CHO_t_1	-1.3005050505050506	0.0	6.8	4.110926848465057e-09
CHO_t_1	-1.291919191919192	0.0	6.8	5.743435282916435e-09
CHO_t_1	-1.2833333333333334	0.0	6.8	8.024170995159176e-09
CHO_t_1	-1.2747474747474747	0.0	6.8	1.1210506132417921e-08
CHO_t_1	-1.2661616161616165	0.0	6.8	1.566199626214504e-08
CHO_t_1	-1.2575757575757576	0.0	6.8	2.1880948668181453e-08
CHO_t_1	-1.248989898989899	0.0	6.8	3.0569096452093994e-08
CHO_t_1	-1.2404040404040404	0.0	6.8	4.270677232103568e-08
CHO_t_1	-1.231818181818182	0.0	6.8	5.966351415736434e-08
CHO_t_1	-1.2232323232323232	0.0	6.8	8.33525802260591e-08
CHO_t_1	-1.2146464646464648	0.0	6.8	1.1644680509595724e-07
CHO_t_1	-1.206060606060606	0.0	6.8	1.6268014665586417e-07
CHO_t_1	-1.1974747474747476	0.0	6.8	2.272689403154947e-07
CHO_t_1	-1.1888888888888889	0.0	6.8	3.175003785714156e-07
CHO_t_1	-1.1803030303030304	0.0	6.8	4.435545950779104e-07
CHO_t_1	-1.1717171717171715	0.0	6.8	6.196530787311895e-07
CHO_t_1	-1.1631313131313132	0.0	6.8	8.656629450145963e-07
CHO_t_1	-1.1545454545454543	0.0	6.8	1.2093379958540316e-06
CHO_t_1	-1.145959595959596	0.0	6.8	1.6894492921587174e-06
CHO_t_1	-1.1373737373737374	0.0	6.8	2.360158207891677e-06
CHO_t_1	-1.128787878787879	0.0	6.8	3.2971248263529466e-06
CHO_t_1	-1.1202020202020202	0.0	6.8	4.606039504775639e-06
CHO_t_1	-1.1116161616161615	0.0	6.8	6.434536389114166e-06
CHO_t_1	-1.103030303030303	0.0	6.8	8.988822057018792e-06
CHO_t_1	-1.0944444444444446	0.0	6.8	1.255686395274346e-05
CHO_t_1	-1.085858585858586	0.0	6.8	1.7540666629480988e-05
CHO_t_1	-1.0772727272727274	0.0	6.8	2.450103513713985e-05
CHO_t_1	-1.068686868686869	0.0	6.8	3.421921817034922e-05
CHO_t_1	-1.0601010101010102	0.0	6.8	4.778060507082605e-05
CHO_t_1	-1.0515151515151515	0.0	6.8	6.66851062242734e-05
CHO_t_1	-1.042929292929293	0.0	6.8	9.298371817644523e-05
CHO_t_1	-1.0343434343434343	0.0	6.8	0.0001294222023122
CHO_t_1	-1.025757575757576	0.0	6.8	0.0001795183136252
CHO_t_1	-1.0171717171717172	0.0	6.8	0.0002473578203583
CHO_t_1	-1.0085858585858587	0.0	6.8	0.0003365801626617
CHO_t_1	-1.0	0.0	6.8	0.0004475195888303
CHO_t_1	-1.85	-3.0	6.8	1.2428143339903364e-11
CHO_t_1	-1.8414141414141416	-3.0	6.8	1.241045154853343e-11
CHO_t_1	-1.8328282828282831	-3.0	6.8	1.2389621025804414e-11
CHO_t_1	-1.8242424242424244	-3.0	6.8	1.2365111774600966e-11
CHO_t_1	-1.8156565656565655	-3.0	6.8	1.233629739426474e-11
CHO_t_1	-1.8070707070707075	-3.0	6.8	1.2302453752729171e-11
CHO_t_1	-1.7984848484848486	-3.0	6.8	1.2262747150930456e-11
CHO_t_1	-1.78989898989899	-3.0	6.8	1.2216222390182739e-11
CHO_t_1	-1.7813131313131314	-3.0	6.8	1.2161791362912886e-11
CHO_t_1	-1.772727272727273	-3.0	6.8	1.2098223054649988e-11
CHO_t_1	-1.7641414141414142	-3.0	6.8	1.2024136171570898e-11
CHO_t_1	-1.7555555555555555	-3.0	6.8	1.1937995988821096e-11
CHO_t_1	-1.746969696969697	-3.0	6.8	1.1838117427523529e-11
CHO_t_1	-1.7383838383838386	-3.0	6.8	1.1722676772749834e-11
CHO_t_1	-1.72979797979798	-3.0	6.8	1.1589734770353206e-11
CHO_t_1	-1.7212121212121212	-3.0	6.8	1.1437273984074925e-11
CHO_t_1	-1.7126262626262627	-3.0	6.8	1.126325311926692e-11
CHO_t_1	-1.7040404040404042	-3.0	6.8	1.1065680367792496e-11
CHO_t_1	-1.6954545454545455	-3.0	6.8	1.0842706548729927e-11
CHO_t_1	-1.6868686868686869	-3.0	6.8	1.0592736815411036e-11
CHO_t_1	-1.6782828282828284	-3.0	6.8	1.0314556997130609e-11
CHO_t_1	-1.66969696969697	-3.0	6.8	1.0007467462318797e-11
CHO_t_1	-1.6611111111111112	-3.0	6.8	9.671414187926499e-12
CHO_t_1	-1.6525252525252525	-3.0	6.8	9.307104183711937e-12
CHO_t_1	-1.643939393939394	-3.0	6.8	8.916091360282282e-12
CHO_t_1	-1.6353535353535356	-3.0	6.8	8.500820080760562e-12
CHO_t_1	-1.6267676767676769	-3.0	6.8	8.064617404877358e-12
CHO_t_1	-1.6181818181818182	-3.0	6.8	7.611631286729748e-12
CHO_t_1	-1.6095959595959597	-3.0	6.8	7.1467199790412976e-12
CHO_t_1	-1.6010101010101012	-3.0	6.8	6.675306419557418e-12
CHO_t_1	-1.5924242424242423	-3.0	6.8	6.203219101764059e-12
CHO_t_1	-1.5838383838383838	-3.0	6.8	5.736546846102439e-12
CHO_t_1	-1.5752525252525251	-3.0	6.8	5.281538644451821e-12
CHO_t_1	-1.5666666666666669	-3.0	6.8	4.844581842371457e-12
CHO_t_1	-1.5580808080808082	-3.0	6.8	4.432293620669404e-12
CHO_t_1	-1.5494949494949497	-3.0	6.8	4.051763873554161e-12
CHO_t_1	-1.540909090909091	-3.0	6.8	3.710994308973856e-12
CHO_t_1	-1.5323232323232323	-3.0	6.8	3.419591245933233e-12
CHO_t_1	-1.5237373737373738	-3.0	6.8	3.189790680254443e-12
CHO_t_1	-1.5151515151515151	-3.0	6.8	3.0379266752048567e-12
CHO_t_1	-1.5065656565656569	-3.0	6.8	2.986501754847849e-12
CHO_t_1	-1.4979797979797982	-3.0	6.8	3.0670858459356376e-12
CHO_t_1	-1.4893939393939395	-3.0	6.8	3.324365623146149e-12
CHO_t_1	-1.4808080808080808	-3.0	6.8	3.821799077792924e-12
CHO_t_1	-1.4722222222222223	-3.0	6.8	4.649515229609323e-12
CHO_t_1	-1.4636363636363638	-3.0	6.8	5.935356564110542e-12
CHO_t_1	-1.4550505050505051	-3.0	6.8	7.860320722473869e-12
CHO_t_1	-1.4464646464646465	-3.0	6.8	1.0680184404391446e-11
CHO_t_1	-1.437878787878788	-3.0	6.8	1.4755683135057373e-11
CHO_t_1	-1.4292929292929295	-3.0	6.8	2.0594763630420646e-11
CHO_t_1	-1.4207070707070708	-3.0	6.8	2.8911701166291983e-11
CHO_t_1	-1.412121212121212	-3.0	6.8	4.0709716108502985e-11
CHO_t_1	-1.4035353535353536	-3.0	6.8	5.739649126403818e-11
CHO_t_1	-1.394949494949495	-3.0	6.8	8.094565384794288e-11
CHO_t_1	-1.3863636363636365	-3.0	6.8	1.1412248941972102e-10
CHO_t_1	-1.3777777777777778	-3.0	6.8	1.6079941107817199e-10
CHO_t_1	-1.3691919191919193	-3.0	6.8	2.2639684355052624e-10
CHO_t_1	-1.3606060606060606	-3.0	6.8	3.184993407634399e-10
CHO_t_1	-1.352020202020202	-3.0	6.8	4.4771653205226295e-10
CHO_t_1	-1.3434343434343434	-3.0	6.8	6.288861137372347e-10
CHO_t_1	-1.334848484848485	-3.0	6.8	8.827546797246182e-10
CHO_t_1	-1.3262626262626265	-3.0	6.8	1.238326060081219e-09
CHO_t_1	-1.3176767676767678	-3.0	6.8	1.7361420737493703e-09
CHO_t_1	-1.309090909090909	-3.0	6.8	2.432865665643001e-09
CHO_t_1	-1.3005050505050506	-3.0	6.8	3.4076831054962675e-09
CHO_t_1	-1.291919191919192	-3.0	6.8	4.771246769008571e-09
CHO_t_1	-1.2833333333333334	-3.0	6.8	6.678166020658645e-09
CHO_t_1	-1.2747474747474747	-3.0	6.8	9.344453000934806e-09
CHO_t_1	-1.2661616161616165	-3.0	6.8	1.3071887535410226e-08
CHO_t_1	-1.2575757575757576	-3.0	6.8	1.8282043543666352e-08
CHO_t_1	-1.248989898989899	-3.0	6.8	2.5563805700790162e-08
CHO_t_1	-1.2404040404040404	-3.0	6.8	3.5739722001263083e-08
CHO_t_1	-1.231818181818182	-3.0	6.8	4.995865660785093e-08
CHO_t_1	-1.2232323232323232	-3.0	6.8	6.982516851489181e-08
CHO_t_1	-1.2146464646464648	-3.0	6.8	9.758018415385196e-08
CHO_t_1	-1.206060606060606	-3.0	6.8	1.363533356656058e-07
CHO_t_1	-1.1974747474747476	-3.0	6.8	1.9051548039537659e-07
CHO_t_1	-1.1888888888888889	-3.0	6.8	2.661713579076109e-07
CHO_t_1	-1.1803030303030304	-3.0	6.8	3.718484013278053e-07
CHO_t_1	-1.1717171717171715	-3.0	6.8	5.19460174091053e-07
CHO_t_1	-1.1631313131313132	-3.0	6.8	7.256540810775103e-07
CHO_t_1	-1.1545454545454543	-3.0	6.8	1.013696075017186e-06
CHO_t_1	-1.145959595959596	-3.0	6.8	1.4161047607270683e-06
CHO_t_1	-1.1373737373737374	-3.0	6.8	1.9783308095602526e-06
CHO_t_1	-1.128787878787879	-3.0	6.8	2.7638951144283244e-06
CHO_t_1	-1.1202020202020202	-3.0	6.8	3.861563744241386e-06
CHO_t_1	-1.1116161616161615	-3.0	6.8	5.395366354315591e-06
CHO_t_1	-1.103030303030303	-3.0	6.8	7.538579766280143e-06
CHO_t_1	-1.0944444444444446	-3.0	6.8	1.0533228542061765e-05
CHO_t_1	-1.085858585858586	-3.0	6.8	1.4717229623990336e-05
CHO_t_1	-1.0772727272727274	-3.0	6.8	2.056204252994544e-05
CHO_t_1	-1.068686868686869	-3.0	6.8	2.8724524286900872e-05
CHO_t_1	-1.0601010101010102	-3.0	6.8	4.011734802983285e-05
CHO_t_1	-1.0515151515151515	-3.0	6.8	5.6001889634426105e-05
CHO_t_1	-1.042929292929293	-3.0	6.8	7.81031804435441e-05
CHO_t_1	-1.0343434343434343	-3.0	6.8	0.0001087309164636
CHO_t_1	-1.025757575757576	-3.0	6.8	0.0001508447020706
CHO_t_1	-1.0171717171717172	-3.0	6.8	0.0002078829641098
CHO_t_1	-1.0085858585858587	-3.0	6.8	0.0002829104907011
CHO_t_1	-1.0	-3.0	6.8	0.0003762144790025
CH_t_1	-1.85	0.0	6.8	1.9450135557157204e-09
CH_t_1	-1.8414141414141416	0.0	6.8	1.7117875173897243e-09
CH_t_1	-1.8328282828282831	0.0	6.8	1.5020050018650782e-09
CH_t_1	-1.8242424242424244	0.0	6.8	1.3142483229193467e-09
CH_t_1	-1.8156565656565655	0.0	6.8	1.146975125492509e-09
CH_t_1	-1.8070707070707075	0.0	6.8	9.985793306495363e-10
CH_t_1	-1.7984848484848486	0.0	6.8	8.674411452626924e-10
CH_t_1	-1.78989898989899	0.0	6.8	7.51966614621285e-10
CH_t_1	-1.7813131313131314	0.0	6.8	6.506176351087182e-10
CH_t_1	-1.772727272727273	0.0	6.8	5.619335893335877e-10
CH_t_1	-1.7641414141414142	0.0	6.8	4.845458618749588e-10
CH_t_1	-1.7555555555555555	0.0	6.8	4.1718648671531005e-10
CH_t_1	-1.746969696969697	0.0	6.8	3.5869209831406527e-10
CH_t_1	-1.7383838383838386	0.0	6.8	3.0800423958580274e-10
CH_t_1	-1.72979797979798	0.0	6.8	2.641669414433912e-10
CH_t_1	-1.7212121212121212	0.0	6.8	2.2632234550500183e-10
CH_t_1	-1.7126262626262627	0.0	6.8	1.9370500411412552e-10
CH_t_1	-1.7040404040404042	0.0	6.8	1.6563536603043498e-10
CH_t_1	-1.6954545454545455	0.0	6.8	1.4151284516081083e-10
CH_t_1	-1.6868686868686869	0.0	6.8	1.2080877460823223e-10
CH_t_1	-1.6782828282828284	0.0	6.8	1.0305946885792735e-10
CH_t_1	-1.66969696969697	0.0	6.8	8.785955199905064e-11
CH_t_1	-1.6611111111111112	0.0	6.8	7.485565794964949e-11
CH_t_1	-1.6525252525252525	0.0	6.8	6.374056798116158e-11
CH_t_1	-1.643939393939394	0.0	6.8	5.4247819684924425e-11
CH_t_1	-1.6353535353535356	0.0	6.8	4.6146798244779006e-11
CH_t_1	-1.6267676767676769	0.0	6.8	3.923830399328748e-11
CH_t_1	-1.6181818181818182	0.0	6.8	3.335057843682758e-11
CH_t_1	-1.6095959595959597	0.0	6.8	2.8335763130369677e-11
CH_t_1	-1.6010101010101012	0.0	6.8	2.4066761042112348e-11
CH_t_1	-1.5924242424242423	0.0	6.8	2.043446761384824e-11
CH_t_1	-1.5838383838383838	0.0	6.8	1.7345337984114104e-11
CH_t_1	-1.5752525252525251	0.0	6.8	1.4719257312961067e-11
CH_t_1	-1.5666666666666669	0.0	6.8	1.2487682450594339e-11
CH_t_1	-1.5580808080808082	0.0	6.8	1.059202503567112e-11
CH_t_1	-1.5494949494949497	0.0	6.8	8.98224827233655e-12
CH_t_1	-1.540909090909091	0.0	6.8	7.615651954789196e-12
CH_t_1	-1.5323232323232323	0.0	6.8	6.45582266601636e-12
CH_t_1	-1.5237373737373738	0.0	6.8	5.471728390232531e-12
CH_t_1	-1.5151515151515151	0.0	6.8	4.636938990456819e-12
CH_t_1	-1.5065656565656569	0.0	6.8	3.928956078035282e-12
CH_t_1	-1.4979797979797982	0.0	6.8	3.32863771951032e-12
CH_t_1	-1.4893939393939395	0.0	6.8	2.819705178976557e-12
CH_t_1	-1.4808080808080808	0.0	6.8	2.388320479836733e-12
CH_t_1	-1.4722222222222223	0.0	6.8	2.0227249930693264e-12
CH_t_1	-1.4636363636363638	0.0	6.8	1.7129305277710285e-12
CH_t_1	-1.4550505050505051	0.0	6.8	1.450455524095437e-12
CH_t_1	-1.4464646464646465	0.0	6.8	1.2281000760492849e-12
CH_t_1	-1.437878787878788	0.0	6.8	1.0397536087286024e-12
CH_t_1	-1.4292929292929295	0.0	6.8	8.802315420291165e-13
CH_t_1	-1.4207070707070708	0.0	6.8	7.451360598660997e-13
CH_t_1	-1.412121212121212	0.0	6.8	6.307374474606302e-13
CH_t_1	-1.4035353535353536	0.0	6.8	5.338732132562691e-13
CH_t_1	-1.394949494949495	0.0	6.8	4.5186230701035773e-13
CH_t_1	-1.3863636363636365	0.0	6.8	3.824322057937479e-13
CH_t_1	-1.3777777777777778	0.0	6.8	3.23656961507736e-13
CH_t_1	-1.3691919191919193	0.0	6.8	2.7390458042575854e-13
CH_t_1	-1.3606060606060606	0.0	6.8	2.317923431586401e-13
CH_t_1	-1.352020202020202	0.0	6.8	1.9614887758339265e-13
CH_t_1	-1.3434343434343434	0.0	6.8	1.6598197226680178e-13
CH_t_1	-1.334848484848485	0.0	6.8	1.4045126776169158e-13
CH_t_1	-1.3262626262626265	0.0	6.8	1.1884509133144106e-13
CH_t_1	-1.3176767676767678	0.0	6.8	1.0056081017942661e-13
CH_t_1	-1.309090909090909	0.0	6.8	8.508817173567878e-14
CH_t_1	-1.3005050505050506	0.0	6.8	7.199517924912911e-14
CH_t_1	-1.291919191919192	0.0	6.8	6.091611881661891e-14
CH_t_1	-1.2833333333333334	0.0	6.8	5.1541411754892976e-14
CH_t_1	-1.2747474747474747	0.0	6.8	4.360901536437948e-14
CH_t_1	-1.2661616161616165	0.0	6.8	3.6897136915783126e-14
CH_t_1	-1.2575757575757576	0.0	6.8	3.12180612048676e-14
CH_t_1	-1.248989898989899	0.0	6.8	2.6412922202145385e-14
CH_t_1	-1.2404040404040404	0.0	6.8	2.2347274969998533e-14
CH_t_1	-1.231818181818182	0.0	6.8	1.890734580909217e-14
CH_t_1	-1.2232323232323232	0.0	6.8	1.5996857106151022e-14
CH_t_1	-1.2146464646464648	0.0	6.8	1.3534339077128518e-14
CH_t_1	-1.206060606060606	0.0	6.8	1.1450853950750912e-14
CH_t_1	-1.1974747474747476	0.0	6.8	9.688069472239904e-15
CH_t_1	-1.1888888888888889	0.0	6.8	8.196628227608706e-15
CH_t_1	-1.1803030303030304	0.0	6.8	6.934767452223189e-15
CH_t_1	-1.1717171717171715	0.0	6.8	5.867150911954838e-15
CH_t_1	-1.1631313131313132	0.0	6.8	4.963880317248479e-15
CH_t_1	-1.1545454545454543	0.0	6.8	4.199658707831856e-15
CH_t_1	-1.145959595959596	0.0	6.8	3.5530824626687804e-15
CH_t_1	-1.1373737373737374	0.0	6.8	3.0060421594097217e-15
CH_t_1	-1.128787878787879	0.0	6.8	2.5432155255584776e-15
CH_t_1	-1.1202020202020202	0.0	6.8	2.151638270868303e-15
CH_t_1	-1.1116161616161615	0.0	6.8	1.8203407380451094e-15
CH_t_1	-1.103030303030303	0.0	6.8	1.5400401222178878e-15
CH_t_1	-1.0944444444444446	0.0	6.8	1.302879546860098e-15
CH_t_1	-1.085858585858586	0.0	6.8	1.1022065746261585e-15
CH_t_1	-1.0772727272727274	0.0	6.8	9.323847484564387e-16
CH_t_1	-1.068686868686869	0.0	6.8	7.886324363990678e-16
CH_t_1	-1.0601010101010102	0.0	6.8	6.668835782089223e-16
CH_t_1	-1.0515151515151515	0.0	6.8	5.636649763013075e-16
CH_t_1	-1.042929292929293	0.0	6.8	4.759846383766072e-16
CH_t_1	-1.0343434343434343	0.0	6.8	4.012256036770989e-16
CH_t_1	-1.025757575757576	0.0	6.8	3.3704077011232296e-16
CH_t_1	-1.0171717171717172	0.0	6.8	2.812504001942395e-16
CH_t_1	-1.0085858585858587	0.0	6.8	2.3176606370228993e-16
CH_t_1	-1.0	0.0	6.8	1.8662387552652803e-16
CH_t_1	-1.85	-3.0	6.8	1.2428143331748066e-11
CH_t_1	-1.8414141414141416	-3.0	6.8	1.2410451535086373e-11
CH_t_1	-1.8328282828282831	-3.0	6.8	1.2389621003637568e-11
CH_t_1	-1.8242424242424244	-3.0	6.8	1.236511173807093e-11
CH_t_1	-1.8156565656565655	-3.0	6.8	1.2336297334086004e-11
CH_t_1	-1.8070707070707075	-3.0	6.8	1.2302453653633168e-11
CH_t_1	-1.7984848484848486	-3.0	6.8	1.2262746987828809e-11
CH_t_1	-1.78989898989899	-3.0	6.8	1.221622212188706e-11
CH_t_1	-1.7813131313131314	-3.0	6.8	1.216179092187036e-11
CH_t_1	-1.772727272727273	-3.0	6.8	1.2098222330196232e-11
CH_t_1	-1.7641414141414142	-3.0	6.8	1.20241349826605e-11
CH_t_1	-1.7555555555555555	-3.0	6.8	1.193799403972696e-11
CH_t_1	-1.746969696969697	-3.0	6.8	1.1838114236057995e-11
CH_t_1	-1.7383838383838386	-3.0	6.8	1.172267155431332e-11
CH_t_1	-1.72979797979798	-3.0	6.8	1.1589726251264114e-11
CH_t_1	-1.7212121212121212	-3.0	6.8	1.1437260102199116e-11
CH_t_1	-1.7126262626262627	-3.0	6.8	1.1263230545953814e-11
CH_t_1	-1.7040404040404042	-3.0	6.8	1.1065643748058023e-11
CH_t_1	-1.6954545454545455	-3.0	6.8	1.084264729986804e-11
CH_t_1	-1.6868686868686869	-3.0	6.8	1.059264123803136e-11
CH_t_1	-1.6782828282828284	-3.0	6.8	1.0314403322866944e-11
CH_t_1	-1.66969696969697	-3.0	6.8	1.0007221268747255e-11
CH_t_1	-1.6611111111111112	-3.0	6.8	9.671021324389855e-12
CH_t_1	-1.6525252525252525	-3.0	6.8	9.306479930190328e-12
CH_t_1	-1.643939393939394	-3.0	6.8	8.915103926136852e-12
CH_t_1	-1.6353535353535356	-3.0	6.8	8.499265657417092e-12
CH_t_1	-1.6267676767676769	-3.0	6.8	8.062182697812047e-12
CH_t_1	-1.6181818181818182	-3.0	6.8	7.607837599795884e-12
CH_t_1	-1.6095959595959597	-3.0	6.8	7.140840271170492e-12
CH_t_1	-1.6010101010101012	-3.0	6.8	6.666242965377412e-12
CH_t_1	-1.5924242424242423	-3.0	6.8	6.189323991507111e-12
CH_t_1	-1.5838383838383838	-3.0	6.8	5.715359891421826e-12
CH_t_1	-1.5752525252525251	-3.0	6.8	5.2494063805961065e-12
CH_t_1	-1.5666666666666669	-3.0	6.8	4.796105921212519e-12
CH_t_1	-1.5580808080808082	-3.0	6.8	4.359535133325789e-12
CH_t_1	-1.5494949494949497	-3.0	6.8	3.943099448895337e-12
CH_t_1	-1.540909090909091	-3.0	6.8	3.5494765996944408e-12
CH_t_1	-1.5323232323232323	-3.0	6.8	3.180605596714783e-12
CH_t_1	-1.5237373737373738	-3.0	6.8	2.837714330907288e-12
CH_t_1	-1.5151515151515151	-3.0	6.8	2.5213769527063263e-12
CH_t_1	-1.5065656565656569	-3.0	6.8	2.231591626911088e-12
CH_t_1	-1.4979797979797982	-3.0	6.8	1.967869791873154e-12
CH_t_1	-1.4893939393939395	-3.0	6.8	1.7293292986602817e-12
CH_t_1	-1.4808080808080808	-3.0	6.8	1.5147854114928137e-12
CH_t_1	-1.4722222222222223	-3.0	6.8	1.3228353310764102e-12
CH_t_1	-1.4636363636363638	-3.0	6.8	1.1519334610043249e-12
CH_t_1	-1.4550505050505051	-3.0	6.8	1.0004559605394629e-12
CH_t_1	-1.4464646464646465	-3.0	6.8	8.667562729996326e-13
CH_t_1	-1.437878787878788	-3.0	6.8	7.49202302853894e-13
CH_t_1	-1.4292929292929295	-3.0	6.8	6.462123575411022e-13
CH_t_1	-1.4207070707070708	-3.0	6.8	5.562804759999931e-13
CH_t_1	-1.412121212121212	-3.0	6.8	4.779915258990862e-13
CH_t_1	-1.4035353535353536	-3.0	6.8	4.1003133925809205e-13
CH_t_1	-1.394949494949495	-3.0	6.8	3.5119182560879643e-13
CH_t_1	-1.3863636363636365	-3.0	6.8	3.003721637094564e-13
CH_t_1	-1.3777777777777778	-3.0	6.8	2.5657702991109363e-13
CH_t_1	-1.3691919191919193	-3.0	6.8	2.1891267109568585e-13
CH_t_1	-1.3606060606060606	-3.0	6.8	1.8658148520443163e-13
CH_t_1	-1.352020202020202	-3.0	6.8	1.5887564060056574e-13
CH_t_1	-1.3434343434343434	-3.0	6.8	1.351701508875908e-13
CH_t_1	-1.334848484848485	-3.0	6.8	1.1491572541991198e-13
CH_t_1	-1.3262626262626265	-3.0	6.8	9.763163667033034e-14
CH_t_1	-1.3176767676767678	-3.0	6.8	8.289878177981719e-14
CH_t_1	-1.309090909090909	-3.0	6.8	7.03530645125675e-14
CH_t_1	-1.3005050505050506	-3.0	6.8	5.967918307669155e-14
CH_t_1	-1.291919191919192	-3.0	6.8	5.0604876831962725e-14
CH_t_1	-1.2833333333333334	-3.0	6.8	4.289565923332798e-14
CH_t_1	-1.2747474747474747	-3.0	6.8	3.63500442956001e-14
CH_t_1	-1.2661616161616165	-3.0	6.8	3.0795258539775235e-14
CH_t_1	-1.2575757575757576	-3.0	6.8	2.6083419094445723e-14
CH_t_1	-1.248989898989899	-3.0	6.8	2.2088150764412893e-14
CH_t_1	-1.2404040404040404	-3.0	6.8	1.870160987371389e-14
CH_t_1	-1.231818181818182	-3.0	6.8	1.5831880002088913e-14
CH_t_1	-1.2232323232323232	-3.0	6.8	1.3400703854833151e-14
CH_t_1	-1.2146464646464648	-3.0	6.8	1.1341515969103447e-14
CH_t_1	-1.206060606060606	-3.0	6.8	9.597742345951376e-15
CH_t_1	-1.1974747474747476	-3.0	6.8	8.12133504492664e-15
CH_t_1	-1.1888888888888889	-3.0	6.8	6.8715120133808905e-15
CH_t_1	-1.1803030303030304	-3.0	6.8	5.8136748425215706e-15
CH_t_1	-1.1717171717171715	-3.0	6.8	4.918479934583977e-15
CH_t_1	-1.1631313131313132	-3.0	6.8	4.16104215957973e-15
CH_t_1	-1.1545454545454543	-3.0	6.8	3.5202545220077125e-15
CH_t_1	-1.145959595959596	-3.0	6.8	2.978211310628921e-15
CH_t_1	-1.1373737373737374	-3.0	6.8	2.5197233807938986e-15
CH_t_1	-1.128787878787879	-3.0	6.8	2.1319122982081746e-15
CH_t_1	-1.1202020202020202	-3.0	6.8	1.8038682318926365e-15
CH_t_1	-1.1116161616161615	-3.0	6.8	1.5263578566521546e-15
CH_t_1	-1.103030303030303	-3.0	6.8	1.291572492031488e-15
CH_t_1	-1.0944444444444446	-3.0	6.8	1.0929104656626408e-15
CH_t_1	-1.085858585858586	-3.0	6.8	9.247896670347354e-16
CH_t_1	-1.0772727272727274	-3.0	6.8	7.82486729426886e-16
CH_t_1	-1.068686868686869	-3.0	6.8	6.619990982848236e-16
CH_t_1	-1.0601010101010102	-3.0	6.8	5.599259482530673e-16
CH_t_1	-1.0515151515151515	-3.0	6.8	4.733636276660392e-16
CH_t_1	-1.042929292929293	-3.0	6.8	3.998110080835711e-16
CH_t_1	-1.0343434343434343	-3.0	6.8	3.3707993541355684e-16
CH_t_1	-1.025757575757576	-3.0	6.8	2.832068412774554e-16
CH_t_1	-1.0171717171717172	-3.0	6.8	2.363667611751573e-16
CH_t_1	-1.0085858585858587	-3.0	6.8	1.9480961174705758e-16
CH_t_1	-1.0	-3.0	6.8	1.568883370762549e-16
CO2_t_1	-1.85	0.0	6.8	1.945254083902322e-09
CO2_t_1	-1.8414141414141416	0.0	6.8	1.7120377297188134e-09
CO2_t_1	-1.8328282828282831	0.0	6.8	1.502264506542385e-09
CO2_t_1	-1.8242424242424244	0.0	6.8	1.314516712490472e-09
CO2_t_1	-1.8156565656565655	0.0	6.8	1.147251982817219e-09
CO2_t_1	-1.8070707070707075	0.0	6.8	9.98864234171864e-10
CO2_t_1	-1.7984848484848486	0.0	6.8	8.677336735753225e-10
CO2_t_1	-1.78989898989899	0.0	6.8	7.522663503464614e-10
CO2_t_1	-1.7813131313131314	0.0	6.8	6.509241681346133e-10
CO2_t_1	-1.772727272727273	0.0	6.8	5.622465194560822e-10
CO2_t_1	-1.7641414141414142	0.0	6.8	4.848648009006248e-10
CO2_t_1	-1.7555555555555555	0.0	6.8	4.175110600841884e-10
CO2_t_1	-1.746969696969697	0.0	6.8	3.590219463005416e-10
CO2_t_1	-1.7383838383838386	0.0	6.8	3.0833901813379396e-10
CO2_t_1	-1.72979797979798	0.0	6.8	2.6450632268868347e-10
CO2_t_1	-1.7212121212121212	0.0	6.8	2.2666601803341703e-10
CO2_t_1	-1.7126262626262627	0.0	6.8	1.9405267299962136e-10
CO2_t_1	-1.7040404040404042	0.0	6.8	1.6598675269254616e-10
CO2_t_1	-1.6954545454545455	0.0	6.8	1.4186768707620516e-10
CO2_t_1	-1.6868686868686869	0.0	6.8	1.211668249067367e-10
CO2_t_1	-1.6782828282828284	0.0	6.8	1.0342049582924752e-10
CO2_t_1	-1.66969696969697	0.0	6.8	8.822333853261929e-11
CO2_t_1	-1.6611111111111112	0.0	6.8	7.522200092661985e-11
CO2_t_1	-1.6525252525252525	0.0	6.8	6.410927763450427e-11
CO2_t_1	-1.643939393939394	0.0	6.8	5.4618718940891074e-11
CO2_t_1	-1.6353535353535356	0.0	6.8	4.6519722056635724e-11
CO2_t_1	-1.6267676767676769	0.0	6.8	3.961309867617583e-11
CO2_t_1	-1.6181818181818182	0.0	6.8	3.3727101010850984e-11
CO2_t_1	-1.6095959595959597	0.0	6.8	2.8713880677502243e-11
CO2_t_1	-1.6010101010101012	0.0	6.8	2.444635008125676e-11
CO2_t_1	-1.5924242424242423	0.0	6.8	2.0815413497303408e-11
CO2_t_1	-1.5838383838383838	0.0	6.8	1.7727534317827463e-11
CO2_t_1	-1.5752525252525251	0.0	6.8	1.5102605402211945e-11
CO2_t_1	-1.5666666666666669	0.0	6.8	1.2872090772164188e-11
CO2_t_1	-1.5580808080808082	0.0	6.8	1.0977408737084524e-11
CO2_t_1	-1.5494949494949497	0.0	6.8	9.368528698388776e-12
CO2_t_1	-1.540909090909091	0.0	6.8	8.002756201296647e-12
CO2_t_1	-1.5323232323232323	0.0	6.8	6.8436831605231235e-12
CO2_t_1	-1.5237373737373738	0.0	6.8	5.860282499267092e-12
CO2_t_1	-1.5151515151515151	0.0	6.8	5.026128652846699e-12
CO2_t_1	-1.5065656565656569	0.0	6.8	4.318727463742045e-12
CO2_t_1	-1.4979797979797982	0.0	6.8	3.718940913430611e-12
CO2_t_1	-1.4893939393939395	0.0	6.8	3.2104938891527293e-12
CO2_t_1	-1.4808080808080808	0.0	6.8	2.779551769517343e-12
CO2_t_1	-1.4722222222222223	0.0	6.8	2.41435903603779e-12
CO2_t_1	-1.4636363636363638	0.0	6.8	2.104930386301166e-12
CO2_t_1	-1.4550505050505051	0.0	6.8	1.8427869487774787e-12
CO2_t_1	-1.4464646464646465	0.0	6.8	1.6207000448852985e-12
CO2_t_1	-1.437878787878788	0.0	6.8	1.4325752183894817e-12
CO2_t_1	-1.4292929292929295	0.0	6.8	1.2732490628877897e-12
CO2_t_1	-1.4207070707070708	0.0	6.8	1.1383266873673857e-12
CO2_t_1	-1.412121212121212	0.0	6.8	1.0240810213204272e-12
CO2_t_1	-1.4035353535353536	0.0	6.8	9.27351919745948e-13
CO2_t_1	-1.394949494949495	0.0	6.8	8.454603861312145e-13
CO2_t_1	-1.3863636363636365	0.0	6.8	7.761356808681703e-13
CO2_t_1	-1.3777777777777778	0.0	6.8	7.174534020509049e-13
CO2_t_1	-1.3691919191919193	0.0	6.8	6.677829022875886e-13
CO2_t_1	-1.3606060606060606	0.0	6.8	6.257426444023105e-13
CO2_t_1	-1.352020202020202	0.0	6.8	5.901623050905616e-13
CO2_t_1	-1.3434343434343434	0.0	6.8	5.600506125885585e-13
CO2_t_1	-1.334848484848485	0.0	6.8	5.345680557927095e-13
CO2_t_1	-1.3262626262626265	0.0	6.8	5.130037313624608e-13
CO2_t_1	-1.3176767676767678	0.0	6.8	4.947557052376325e-13
CO2_t_1	-1.309090909090909	0.0	6.8	4.793143584701955e-13
CO2_t_1	-1.3005050505050506	0.0	6.8	4.662482667447738e-13
CO2_t_1	-1.291919191919192	0.0	6.8	4.551922305428285e-13
CO2_t_1	-1.2833333333333334	0.0	6.8	4.45837130385646e-13
CO2_t_1	-1.2747474747474747	0.0	6.8	4.3792133049137034e-13
CO2_t_1	-1.2661616161616165	0.0	6.8	4.312233957880934e-13
CO2_t_1	-1.2575757575757576	0.0	6.8	4.255559226272412e-13
CO2_t_1	-1.248989898989899	0.0	6.8	4.2076031366188644e-13
CO2_t_1	-1.2404040404040404	0.0	6.8	4.167023529765782e-13
CO2_t_1	-1.231818181818182	0.0	6.8	4.1326845934549033e-13
CO2_t_1	-1.2232323232323232	0.0	6.8	4.103625140225236e-13
CO2_t_1	-1.2146464646464648	0.0	6.8	4.079031752163794e-13
CO2_t_1	-1.206060606060606	0.0	6.8	4.058216047920757e-13
CO2_t_1	-1.1974747474747476	0.0	6.8	4.040595441267721e-13
CO2_t_1	-1.1888888888888889	0.0	6.8	4.0256768574359036e-13
CO2_t_1	-1.1803030303030304	0.0	6.8	4.0130429562585713e-13
CO2_t_1	-1.1717171717171715	0.0	6.8	4.0023404821898075e-13
CO2_t_1	-1.1631313131313132	0.0	6.8	3.993270422736606e-13
CO2_t_1	-1.1545454545454543	0.0	6.8	3.985579710498069e-13
CO2_t_1	-1.145959595959596	0.0	6.8	3.979054250806246e-13
CO2_t_1	-1.1373737373737374	0.0	6.8	3.97351309591223e-13
CO2_t_1	-1.128787878787879	0.0	6.8	3.968803612725118e-13
CO2_t_1	-1.1202020202020202	0.0	6.8	3.9647974931020054e-13
CO2_t_1	-1.1116161616161615	0.0	6.8	3.9613874191162315e-13
CO2_t_1	-1.103030303030303	0.0	6.8	3.9584841215019284e-13
CO2_t_1	-1.0944444444444446	0.0	6.8	3.9560135115570114e-13
CO2_t_1	-1.085858585858586	0.0	6.8	3.953913642841707e-13
CO2_t_1	-1.0772727272727274	0.0	6.8	3.95213154057969e-13
CO2_t_1	-1.068686868686869	0.0	6.8	3.9506202674717937e-13
CO2_t_1	-1.0601010101010102	0.0	6.8	3.949336657292772e-13
CO2_t_1	-1.0515151515151515	0.0	6.8	3.9482398565216834e-13
CO2_t_1	-1.042929292929293	0.0	6.8	3.9472904703690796e-13
CO2_t_1	-1.0343434343434343	0.0	6.8	3.946450053157689e-13
CO2_t_1	-1.025757575757576	0.0	6.8	3.9456810317024666e-13
CO2_t_1	-1.0171717171717172	0.0	6.8	3.944947981519526e-13
CO2_t_1	-1.0085858585858587	0.0	6.8	3.9442227780738077e-13
CO2_t_1	-1.0	0.0	6.8	3.943498611638837e-13
CO2_t_1	-1.85	-3.0	6.8	1.2429679070462994e-11
CO2_t_1	-1.8414141414141416	-3.0	6.8	1.2412264131456616e-11
CO2_t_1	-1.8328282828282831	-3.0	6.8	1.2391759822753453e-11
CO2_t_1	-1.8242424242424244	-3.0	6.8	1.236763473471972e-11
CO2_t_1	-1.8156565656565655	-3.0	6.8	1.233927246543658e-11
CO2_t_1	-1.8070707070707075	-3.0	6.8	1.2305960492828746e-11
CO2_t_1	-1.7984848484848486	-3.0	6.8	1.2266878554923703e-11
CO2_t_1	-1.78989898989899	-3.0	6.8	1.2221086944865208e-11
CO2_t_1	-1.7813131313131314	-3.0	6.8	1.2167515334203487e-11
CO2_t_1	-1.772727272727273	-3.0	6.8	1.2104953001713684e-11
CO2_t_1	-1.7641414141414142	-3.0	6.8	1.2032041666487831e-11
CO2_t_1	-1.7555555555555555	-3.0	6.8	1.1947272498765199e-11
CO2_t_1	-1.746969696969697	-3.0	6.8	1.18489892870994e-11
CO2_t_1	-1.7383838383838386	-3.0	6.8	1.17354001359536e-11
CO2_t_1	-1.72979797979798	-3.0	6.8	1.1604600383482708e-11
CO2_t_1	-1.7212121212121212	-3.0	6.8	1.145460956214244e-11
CO2_t_1	-1.7126262626262627	-3.0	6.8	1.1283425038941532e-11
CO2_t_1	-1.7040404040404042	-3.0	6.8	1.108909430999388e-11
CO2_t_1	-1.6954545454545455	-3.0	6.8	1.0869806634108859e-11
CO2_t_1	-1.6868686868686869	-3.0	6.8	1.062400267530731e-11
CO2_t_1	-1.6782828282828284	-3.0	6.8	1.0350498106974989e-11
CO2_t_1	-1.66969696969697	-3.0	6.8	1.0048613922544106e-11
CO2_t_1	-1.6611111111111112	-3.0	6.8	9.718302945784112e-12
CO2_t_1	-1.6525252525252525	-3.0	6.8	9.360259405834564e-12
CO2_t_1	-1.643939393939394	-3.0	6.8	8.975997222301958e-12
CO2_t_1	-1.6353535353535356	-3.0	6.8	8.567883534915729e-12
CO2_t_1	-1.6267676767676769	-3.0	6.8	8.13911737538955e-12
CO2_t_1	-1.6181818181818182	-3.0	6.8	7.693649029941086e-12
CO2_t_1	-1.6095959595959597	-3.0	6.8	7.236042769117442e-12
CO2_t_1	-1.6010101010101012	-3.0	6.8	6.771292931102655e-12
CO2_t_1	-1.5924242424242423	-3.0	6.8	6.304609384324526e-12
CO2_t_1	-1.5838383838383838	-3.0	6.8	5.8411919699225756e-12
CO2_t_1	-1.5752525252525251	-3.0	6.8	5.386014030532934e-12
CO2_t_1	-1.5666666666666669	-3.0	6.8	4.943632688884473e-12
CO2_t_1	-1.5580808080808082	-3.0	6.8	4.518038889269926e-12
CO2_t_1	-1.5494949494949497	-3.0	6.8	4.1125544472686694e-12
CO2_t_1	-1.540909090909091	-3.0	6.8	3.729777584924136e-12
CO2_t_1	-1.5323232323232323	-3.0	6.8	3.371573544221773e-12
CO2_t_1	-1.5237373737373738	-3.0	6.8	3.039103389178553e-12
CO2_t_1	-1.5151515151515151	-3.0	6.8	2.732882171259039e-12
CO2_t_1	-1.5065656565656569	-3.0	6.8	2.452857098236378e-12
CO2_t_1	-1.4979797979797982	-3.0	6.8	2.198496894735088e-12
CO2_t_1	-1.4893939393939395	-3.0	6.8	1.9688847959461416e-12
CO2_t_1	-1.4808080808080808	-3.0	6.8	1.7628092209157666e-12
CO2_t_1	-1.4722222222222223	-3.0	6.8	1.578847846250811e-12
CO2_t_1	-1.4636363636363638	-3.0	6.8	1.4154423504537373e-12
CO2_t_1	-1.4550505050505051	-3.0	6.8	1.2709624113089813e-12
CO2_t_1	-1.4464646464646465	-3.0	6.8	1.1437457431560256e-12
CO2_t_1	-1.437878787878788	-3.0	6.8	1.032169652424728e-12
CO2_t_1	-1.4292929292929295	-3.0	6.8	9.346703370635145e-13
CO2_t_1	-1.4207070707070708	-3.0	6.8	8.497555789204348e-13
CO2_t_1	-1.412121212121212	-3.0	6.8	7.760275094506086e-13
CO2_t_1	-1.4035353535353536	-3.0	6.8	7.12192196796374e-13
CO2_t_1	-1.394949494949495	-3.0	6.8	6.570642211165044e-13
CO2_t_1	-1.3863636363636365	-3.0	6.8	6.095673346659298e-13
CO2_t_1	-1.3777777777777778	-3.0	6.8	5.687321624583318e-13
CO2_t_1	-1.3691919191919193	-3.0	6.8	5.336917537162135e-13
CO2_t_1	-1.3606060606060606	-3.0	6.8	5.036756548311209e-13
CO2_t_1	-1.352020202020202	-3.0	6.8	4.780030473678415e-13
CO2_t_1	-1.3434343434343434	-3.0	6.8	4.560753824209395e-13
CO2_t_1	-1.334848484848485	-3.0	6.8	4.373688458595816e-13
CO2_t_1	-1.3262626262626265	-3.0	6.8	4.2142690696861213e-13
CO2_t_1	-1.3176767676767678	-3.0	6.8	4.0785313446088064e-13
CO2_t_1	-1.309090909090909	-3.0	6.8	3.9630440739088064e-13
CO2_t_1	-1.3005050505050506	-3.0	6.8	3.864846027636602e-13
CO2_t_1	-1.291919191919192	-3.0	6.8	3.7813880531628324e-13
CO2_t_1	-1.2833333333333334	-3.0	6.8	3.710480568562503e-13
CO2_t_1	-1.2747474747474747	-3.0	6.8	3.650246415589546e-13
CO2_t_1	-1.2661616161616165	-3.0	6.8	3.599078887228618e-13
CO2_t_1	-1.2575757575757576	-3.0	6.8	3.555604647239601e-13
CO2_t_1	-1.248989898989899	-3.0	6.8	3.518651204977876e-13
CO2_t_1	-1.2404040404040404	-3.0	6.8	3.4872185916707885e-13
CO2_t_1	-1.231818181818182	-3.0	6.8	3.460454899434424e-13
CO2_t_1	-1.2232323232323232	-3.0	6.8	3.437635387231047e-13
CO2_t_1	-1.2146464646464648	-3.0	6.8	3.4181449207223054e-13
CO2_t_1	-1.206060606060606	-3.0	6.8	3.401463574066458e-13
CO2_t_1	-1.1974747474747476	-3.0	6.8	3.38715522736728e-13
CO2_t_1	-1.1888888888888889	-3.0	6.8	3.374858836646864e-13
CO2_t_1	-1.1803030303030304	-3.0	6.8	3.3642815907481655e-13
CO2_t_1	-1.1717171717171715	-3.0	6.8	3.355192373496267e-13
CO2_t_1	-1.1631313131313132	-3.0	6.8	3.347413244181656e-13
CO2_t_1	-1.1545454545454543	-3.0	6.8	3.340807081373632e-13
CO2_t_1	-1.145959595959596	-3.0	6.8	3.335261910573919e-13
CO2_t_1	-1.1373737373737374	-3.0	6.8	3.330675589062289e-13
CO2_t_1	-1.128787878787879	-3.0	6.8	3.326945490289447e-13
CO2_t_1	-1.1202020202020202	-3.0	6.8	3.32396531971964e-13
CO2_t_1	-1.1116161616161615	-3.0	6.8	3.3216275495886906e-13
CO2_t_1	-1.103030303030303	-3.0	6.8	3.3198281844772993e-13
CO2_t_1	-1.0944444444444446	-3.0	6.8	3.318471124649043e-13
CO2_t_1	-1.085858585858586	-3.0	6.8	3.317470861792497e-13
CO2_t_1	-1.0772727272727274	-3.0	6.8	3.3167534010377074e-13
CO2_t_1	-1.068686868686869	-3.0	6.8	3.3162558337349425e-13
CO2_t_1	-1.0601010101010102	-3.0	6.8	3.315925073678036e-13
CO2_t_1	-1.0515151515151515	-3.0	6.8	3.315716169345661e-13
CO2_t_1	-1.042929292929293	-3.0	6.8	3.315590482954771e-13
CO2_t_1	-1.0343434343434343	-3.0	6.8	3.31551397952642e-13
CO2_t_1	-1.025757575757576	-3.0	6.8	3.315455990527114e-13
CO2_t_1	-1.0171717171717172	-3.0	6.8	3.315389283649316e-13
CO2_t_1	-1.0085858585858587	-3.0	6.8	3.315293386571395e-13
CO2_t_1	-1.0	-3.0	6.8	3.315164960722229e-13
COOH_t_1	-1.85	0.0	6.8	1.945254083902322e-09
COOH_t_1	-1.8414141414141416	0.0	6.8	1.7120377297188134e-09
COOH_t_1	-1.8328282828282831	0.0	6.8	1.502264506542385e-09
COOH_t_1	-1.8242424242424244	0.0	6.8	1.314516712490472e-09
COOH_t_1	-1.8156565656565655	0.0	6.8	1.147251982817219e-09
COOH_t_1	-1.8070707070707075	0.0	6.8	9.98864234171864e-10
COOH_t_1	-1.7984848484848486	0.0	6.8	8.677336735753225e-10
COOH_t_1	-1.78989898989899	0.0	6.8	7.522663503464614e-10
COOH_t_1	-1.7813131313131314	0.0	6.8	7.458795822226114e-10
COOH_t_1	-1.772727272727273	0.0	6.8	7.61495175348099e-10
COOH_t_1	-1.7641414141414142	0.0	6.8	7.76181158291652e-10
COOH_t_1	-1.7555555555555555	0.0	6.8	7.89973424954111e-10
COOH_t_1	-1.746969696969697	0.0	6.8	8.029112669836043e-10
COOH_t_1	-1.7383838383838386	0.0	6.8	8.150365758527221e-10
COOH_t_1	-1.72979797979798	0.0	6.8	8.263931899692331e-10
COOH_t_1	-1.7212121212121212	0.0	6.8	8.370263796304692e-10
COOH_t_1	-1.7126262626262627	0.0	6.8	8.469824621996853e-10
COOH_t_1	-1.7040404040404042	0.0	6.8	8.563085402274602e-10
COOH_t_1	-1.6954545454545455	0.0	6.8	8.650523561855964e-10
COOH_t_1	-1.6868686868686869	0.0	6.8	8.732622588916491e-10
COOH_t_1	-1.6782828282828284	0.0	6.8	8.809872784854161e-10
COOH_t_1	-1.66969696969697	0.0	6.8	8.882773089134064e-10
COOH_t_1	-1.6611111111111112	0.0	6.8	8.951833992541273e-10
COOH_t_1	-1.6525252525252525	0.0	6.8	9.017581578685084e-10
COOH_t_1	-1.643939393939394	0.0	6.8	9.080562763041855e-10
COOH_t_1	-1.6353535353535356	0.0	6.8	9.141351831556137e-10
COOH_t_1	-1.6267676767676769	0.0	6.8	9.200558417402177e-10
COOH_t_1	-1.6181818181818182	0.0	6.8	9.258837095682367e-10
COOH_t_1	-1.6095959595959597	0.0	6.8	9.31689882254383e-10
COOH_t_1	-1.6010101010101012	0.0	6.8	9.375524498558601e-10
COOH_t_1	-1.5924242424242423	0.0	6.8	9.435580997617e-10
COOH_t_1	-1.5838383838383838	0.0	6.8	9.498040073626515e-10
COOH_t_1	-1.5752525252525251	0.0	6.8	9.564000639918756e-10
COOH_t_1	-1.5666666666666669	0.0	6.8	9.634715012687923e-10
COOH_t_1	-1.5580808080808082	0.0	6.8	9.711619822676376e-10
COOH_t_1	-1.5494949494949497	0.0	6.8	9.79637243180478e-10
COOH_t_1	-1.540909090909091	0.0	6.8	9.890893847210182e-10
COOH_t_1	-1.5323232323232323	0.0	6.8	9.99741930853793e-10
COOH_t_1	-1.5237373737373738	0.0	6.8	1.011855794046629e-09
COOH_t_1	-1.5151515151515151	0.0	6.8	1.02573631173753e-09
COOH_t_1	-1.5065656565656569	0.0	6.8	1.0417415487953387e-09
COOH_t_1	-1.4979797979797982	0.0	6.8	1.0602920962831575e-09
COOH_t_1	-1.4893939393939395	0.0	6.8	1.0818826388027046e-09
COOH_t_1	-1.4808080808080808	0.0	6.8	1.107095612291584e-09
COOH_t_1	-1.4722222222222223	0.0	6.8	1.1366173327612127e-09
COOH_t_1	-1.4636363636363638	0.0	6.8	1.171257045756486e-09
COOH_t_1	-1.4550505050505051	0.0	6.8	1.2119694282446692e-09
COOH_t_1	-1.4464646464646465	0.0	6.8	1.2598569601750752e-09
COOH_t_1	-1.437878787878788	0.0	6.8	1.3162491021169967e-09
COOH_t_1	-1.4292929292929295	0.0	6.8	1.382725834774036e-09
COOH_t_1	-1.4207070707070708	0.0	6.8	1.4611395221221915e-09
COOH_t_1	-1.412121212121212	0.0	6.8	1.5536784655311582e-09
COOH_t_1	-1.4035353535353536	0.0	6.8	1.6629280625878062e-09
COOH_t_1	-1.394949494949495	0.0	6.8	1.7919430733993386e-09
COOH_t_1	-1.3863636363636365	0.0	6.8	1.944333025624034e-09
COOH_t_1	-1.3777777777777778	0.0	6.8	2.1243631583078303e-09
COOH_t_1	-1.3691919191919193	0.0	6.8	2.337073738947318e-09
COOH_t_1	-1.3606060606060606	0.0	6.8	2.588421100915034e-09
COOH_t_1	-1.352020202020202	0.0	6.8	2.885444354522374e-09
COOH_t_1	-1.3434343434343434	0.0	6.8	3.2364624420134452e-09
COOH_t_1	-1.334848484848485	0.0	6.8	3.651307054974655e-09
COOH_t_1	-1.3262626262626265	0.0	6.8	4.141597935785369e-09
COOH_t_1	-1.3176767676767678	0.0	6.8	4.721068270817906e-09
COOH_t_1	-1.309090909090909	0.0	6.8	5.405949285190593e-09
COOH_t_1	-1.3005050505050506	0.0	6.8	6.215424806090475e-09
COOH_t_1	-1.291919191919192	0.0	6.8	7.172168520255977e-09
COOH_t_1	-1.2833333333333334	0.0	6.8	8.302978965813626e-09
COOH_t_1	-1.2747474747474747	0.0	6.8	9.639530033921522e-09
COOH_t_1	-1.2661616161616165	0.0	6.8	1.1219257987932284e-08
COOH_t_1	-1.2575757575757576	0.0	6.8	1.3086409827273949e-08
COOH_t_1	-1.248989898989899	0.0	6.8	1.5293282336528804e-08
COOH_t_1	-1.2404040404040404	0.0	6.8	1.7901686493183335e-08
COOH_t_1	-1.231818181818182	0.0	6.8	2.0984678208998857e-08
COOH_t_1	-1.2232323232323232	0.0	6.8	2.46286038257648e-08
COOH_t_1	-1.2146464646464648	0.0	6.8	2.893551758433344e-08
COOH_t_1	-1.206060606060606	0.0	6.8	3.402603868269172e-08
COOH_t_1	-1.1974747474747476	0.0	6.8	4.004272782689831e-08
COOH_t_1	-1.1888888888888889	0.0	6.8	4.715407770681864e-08
COOH_t_1	-1.1803030303030304	0.0	6.8	5.5559229015327926e-08
COOH_t_1	-1.1717171717171715	0.0	6.8	6.54935439824948e-08
COOH_t_1	-1.1631313131313132	0.0	6.8	7.723519353822137e-08
COOH_t_1	-1.1545454545454543	0.0	6.8	9.111294292208728e-08
COOH_t_1	-1.145959595959596	0.0	6.8	1.0751535479032387e-07
COOH_t_1	-1.1373737373737374	0.0	6.8	1.2690166978305374e-07
COOH_t_1	-1.128787878787879	0.0	6.8	1.498146733346472e-07
COOH_t_1	-1.1202020202020202	0.0	6.8	1.7689591509457388e-07
COOH_t_1	-1.1116161616161615	0.0	6.8	2.089037133258689e-07
COOH_t_1	-1.103030303030303	0.0	6.8	2.4673444894205604e-07
COOH_t_1	-1.0944444444444446	0.0	6.8	2.914477306125108e-07
COOH_t_1	-1.085858585858586	0.0	6.8	3.4429609882182346e-07
COOH_t_1	-1.0772727272727274	0.0	6.8	4.0676005016562426e-07
COOH_t_1	-1.068686868686869	0.0	6.8	4.805893209881299e-07
COOH_t_1	-1.0601010101010102	0.0	6.8	5.678515657921811e-07
COOH_t_1	-1.0515151515151515	0.0	6.8	6.70989774105549e-07
COOH_t_1	-1.042929292929293	0.0	6.8	7.92889979465802e-07
COOH_t_1	-1.0343434343434343	0.0	6.8	9.369610567860844e-07
COOH_t_1	-1.025757575757576	0.0	6.8	1.10722875980093e-06
COOH_t_1	-1.0171717171717172	0.0	6.8	1.3084468138958054e-06
COOH_t_1	-1.0085858585858587	0.0	6.8	1.546229355043313e-06
COOH_t_1	-1.0	0.0	6.8	1.8272122794458792e-06
COOH_t_1	-1.85	-3.0	6.8	1.2429679070462994e-11
COOH_t_1	-1.8414141414141416	-3.0	6.8	1.2412264131456616e-11
COOH_t_1	-1.8328282828282831	-3.0	6.8	1.2391759822753453e-11
COOH_t_1	-1.8242424242424244	-3.0	6.8	1.236763473471972e-11
COOH_t_1	-1.8156565656565655	-3.0	6.8	1.233927246543658e-11
COOH_t_1	-1.8070707070707075	-3.0	6.8	1.2305960492828746e-11
COOH_t_1	-1.7984848484848486	-3.0	6.8	1.2266878554923703e-11
COOH_t_1	-1.78989898989899	-3.0	6.8	1.2221086944865208e-11
COOH_t_1	-1.7813131313131314	-3.0	6.8	1.394248623487286e-11
COOH_t_1	-1.772727272727273	-3.0	6.8	1.639470052662634e-11
COOH_t_1	-1.7641414141414142	-3.0	6.8	1.926113015413965e-11
COOH_t_1	-1.7555555555555555	-3.0	6.8	2.260545570411114e-11
COOH_t_1	-1.746969696969697	-3.0	6.8	2.6498900969736568e-11
COOH_t_1	-1.7383838383838386	-3.0	6.8	3.102033729289122e-11
COOH_t_1	-1.72979797979798	-3.0	6.8	3.6256081260150357e-11
COOH_t_1	-1.7212121212121212	-3.0	6.8	4.2299284449719e-11
COOH_t_1	-1.7126262626262627	-3.0	6.8	4.9248809479408326e-11
COOH_t_1	-1.7040404040404042	-3.0	6.8	5.7207494013839517e-11
COOH_t_1	-1.6954545454545455	-3.0	6.8	6.627972890730813e-11
COOH_t_1	-1.6868686868686869	-3.0	6.8	7.656832290398627e-11
COOH_t_1	-1.6782828282828284	-3.0	6.8	8.817069658308073e-11
COOH_t_1	-1.66969696969697	-3.0	6.8	1.0117454045481432e-10
COOH_t_1	-1.6611111111111112	-3.0	6.8	1.1565317804394845e-10
COOH_t_1	-1.6525252525252525	-3.0	6.8	1.3166097935307092e-10
COOH_t_1	-1.643939393939394	-3.0	6.8	1.4922925275162554e-10
COOH_t_1	-1.6353535353535356	-3.0	6.8	1.6836308211194363e-10
COOH_t_1	-1.6267676767676769	-3.0	6.8	1.89039553533846e-10
COOH_t_1	-1.6181818181818182	-3.0	6.8	2.1120772584830547e-10
COOH_t_1	-1.6095959595959597	-3.0	6.8	2.3479054995269136e-10
COOH_t_1	-1.6010101010101012	-3.0	6.8	2.596887574278162e-10
COOH_t_1	-1.5924242424242423	-3.0	6.8	2.857865519310333e-10
COOH_t_1	-1.5838383838383838	-3.0	6.8	3.1295878159591225e-10
COOH_t_1	-1.5752525252525251	-3.0	6.8	3.4107917318083335e-10
COOH_t_1	-1.5666666666666669	-3.0	6.8	3.7002918117863666e-10
COOH_t_1	-1.5580808080808082	-3.0	6.8	3.9970704459994364e-10
COOH_t_1	-1.5494949494949497	-3.0	6.8	4.300367358478372e-10
COOH_t_1	-1.540909090909091	-3.0	6.8	4.609766090364138e-10
COOH_t_1	-1.5323232323232323	-3.0	6.8	4.92527688096272e-10
COOH_t_1	-1.5237373737373738	-3.0	6.8	5.247416610772015e-10
COOH_t_1	-1.5151515151515151	-3.0	6.8	5.577287555448492e-10
COOH_t_1	-1.5065656565656569	-3.0	6.8	5.916657566246064e-10
COOH_t_1	-1.4979797979797982	-3.0	6.8	6.268044950034864e-10
COOH_t_1	-1.4893939393939395	-3.0	6.8	6.634811814262278e-10
COOH_t_1	-1.4808080808080808	-3.0	6.8	7.02127003060597e-10
COOH_t_1	-1.4722222222222223	-3.0	6.8	7.432804322203942e-10
COOH_t_1	-1.4636363636363638	-3.0	6.8	7.876017357249852e-10
COOH_t_1	-1.4550505050505051	-3.0	6.8	8.358902194182061e-10
COOH_t_1	-1.4464646464646465	-3.0	6.8	8.890948326515994e-10
COOH_t_1	-1.437878787878788	-3.0	6.8	9.48356749995863e-10
COOH_t_1	-1.4292929292929295	-3.0	6.8	1.0150353608927626e-09
COOH_t_1	-1.4207070707070708	-3.0	6.8	1.0907338589908267e-09
COOH_t_1	-1.412121212121212	-3.0	6.8	1.1773455468773282e-09
COOH_t_1	-1.4035353535353536	-3.0	6.8	1.2771035081624702e-09
COOH_t_1	-1.394949494949495	-3.0	6.8	1.3926396778873111e-09
COOH_t_1	-1.3863636363636365	-3.0	6.8	1.5270550360561275e-09
COOH_t_1	-1.3777777777777778	-3.0	6.8	1.6840029602166503e-09
COOH_t_1	-1.3691919191919193	-3.0	6.8	1.8677881359797932e-09
COOH_t_1	-1.3606060606060606	-3.0	6.8	2.083483848583405e-09
COOH_t_1	-1.352020202020202	-3.0	6.8	2.33707097619594e-09
COOH_t_1	-1.3434343434343434	-3.0	6.8	2.635602591540607e-09
COOH_t_1	-1.334848484848485	-3.0	6.8	2.9873987702933343e-09
COOH_t_1	-1.3262626262626265	-3.0	6.8	3.4022770231128394e-09
COOH_t_1	-1.3176767676767678	-3.0	6.8	3.891824736679116e-09
COOH_t_1	-1.309090909090909	-3.0	6.8	4.4697211547980215e-09
COOH_t_1	-1.3005050505050506	-3.0	6.8	5.152117784717291e-09
COOH_t_1	-1.291919191919192	-3.0	6.8	5.95808771283847e-09
COOH_t_1	-1.2833333333333334	-3.0	6.8	6.9101562014782045e-09
COOH_t_1	-1.2747474747474747	-3.0	6.8	8.034927167126263e-09
COOH_t_1	-1.2661616161616165	-3.0	6.8	9.363822777042352e-09
COOH_t_1	-1.2575757575757576	-3.0	6.8	1.0933956531559885e-08
COOH_t_1	-1.248989898989899	-3.0	6.8	1.2789163943047454e-08
COOH_t_1	-1.2404040404040404	-3.0	6.8	1.4981219452055046e-08
COOH_t_1	-1.231818181818182	-3.0	6.8	1.757127380018327e-08
COOH_t_1	-1.2232323232323232	-3.0	6.8	2.0631553116206494e-08
COOH_t_1	-1.2146464646464648	-3.0	6.8	2.424737007916491e-08
COOH_t_1	-1.206060606060606	-3.0	6.8	2.8519509504250882e-08
COOH_t_1	-1.1974747474747476	-3.0	6.8	3.3567066252593735e-08
COOH_t_1	-1.1888888888888889	-3.0	6.8	3.953083207334317e-08
COOH_t_1	-1.1803030303030304	-3.0	6.8	4.6577346270613625e-08
COOH_t_1	-1.1717171717171715	-3.0	6.8	5.490373451765461e-08
COOH_t_1	-1.1631313131313132	-3.0	6.8	6.474345145644817e-08
COOH_t_1	-1.1545454545454543	-3.0	6.8	7.637302149981577e-08
COOH_t_1	-1.145959595959596	-3.0	6.8	9.011987397799997e-08
COOH_t_1	-1.1373737373737374	-3.0	6.8	1.0637143594489897e-07
COOH_t_1	-1.128787878787879	-3.0	6.8	1.2558576852538976e-07
COOH_t_1	-1.1202020202020202	-3.0	6.8	1.483041411315919e-07
COOH_t_1	-1.1116161616161615	-3.0	6.8	1.7516598504027016e-07
COOH_t_1	-1.103030303030303	-3.0	6.8	2.0692668014795039e-07
COOH_t_1	-1.0944444444444446	-3.0	6.8	2.444786590234592e-07
COOH_t_1	-1.085858585858586	-3.0	6.8	2.888763839698247e-07
COOH_t_1	-1.0772727272727274	-3.0	6.8	3.413658593962645e-07
COOH_t_1	-1.068686868686869	-3.0	6.8	4.03419471237378e-07
COOH_t_1	-1.0601010101010102	-3.0	6.8	4.767770915827945e-07
COOH_t_1	-1.0515151515151515	-3.0	6.8	5.634945505661811e-07
COOH_t_1	-1.042929292929293	-3.0	6.8	6.660007642448232e-07
COOH_t_1	-1.0343434343434343	-3.0	6.8	7.871650319206698e-07
COOH_t_1	-1.025757575757576	-3.0	6.8	9.30376326697505e-07
COOH_t_1	-1.0171717171717172	-3.0	6.8	1.0996369446132656e-06
COOH_t_1	-1.0085858585858587	-3.0	6.8	1.2996740405871703e-06
COOH_t_1	-1.0	-3.0	6.8	1.536075125479326e-06
CO_g	-1.85	0.0	6.8	2.4034305341625
CO_g	-1.8414141414141416	0.0	6.8	2.5001200054450043
CO_g	-1.8328282828282831	0.0	6.8	2.592892057247
CO_g	-1.8242424242424244	0.0	6.8	2.681591054660916
CO_g	-1.8156565656565655	0.0	6.8	2.766121004262121
CO_g	-1.8070707070707075	0.0	6.8	2.8464385055840187
CO_g	-1.7984848484848486	0.0	6.8	2.922545691744914
CO_g	-1.78989898989899	0.0	6.8	2.99448339615147
CO_g	-1.7813131313131314	0.0	6.8	3.0623247113984933
CO_g	-1.772727272727273	0.0	6.8	3.126169049762281
CO_g	-1.7641414141414142	0.0	6.8	3.186136763085558
CO_g	-1.7555555555555555	0.0	6.8	3.24236434940959
CO_g	-1.746969696969697	0.0	6.8	3.295000243084593
CO_g	-1.7383838383838386	0.0	6.8	3.344201167022203
CO_g	-1.72979797979798	0.0	6.8	3.3901290131139703
CO_g	-1.7212121212121212	0.0	6.8	3.432948208974646
CO_g	-1.7126262626262627	0.0	6.8	3.472823525154684
CO_g	-1.7040404040404042	0.0	6.8	3.5099182757357608
CO_g	-1.6954545454545455	0.0	6.8	3.544392865974053
CO_g	-1.6868686868686869	0.0	6.8	3.57640364275402
CO_g	-1.6782828282828284	0.0	6.8	3.606102006570673
CO_g	-1.66969696969697	0.0	6.8	3.6336337472018174
CO_g	-1.6611111111111112	0.0	6.8	3.659138568892264
CO_g	-1.6525252525252525	0.0	6.8	3.682749774556418
CO_g	-1.643939393939394	0.0	6.8	3.7045940820813175
CO_g	-1.6353535353535356	0.0	6.8	3.724791549192641
CO_g	-1.6267676767676769	0.0	6.8	3.7434555864800463
CO_g	-1.6181818181818182	0.0	6.8	3.7606930410390618
CO_g	-1.6095959595959597	0.0	6.8	3.776604335766731
CO_g	-1.6010101010101012	0.0	6.8	3.791283651651929
CO_g	-1.5924242424242423	0.0	6.8	3.80481914244184
CO_g	-1.5838383838383838	0.0	6.8	3.817293172861674
CO_g	-1.5752525252525251	0.0	6.8	3.828782573136375
CO_g	-1.5666666666666669	0.0	6.8	3.83935890393287
CO_g	-1.5580808080808082	0.0	6.8	3.849088727030877
CO_g	-1.5494949494949497	0.0	6.8	3.858033878059629
CO_g	-1.540909090909091	0.0	6.8	3.866251738524503
CO_g	-1.5323232323232323	0.0	6.8	3.87379550510564
CO_g	-1.5237373737373738	0.0	6.8	3.880714454849911
CO_g	-1.5151515151515151	0.0	6.8	3.887054205402317
CO_g	-1.5065656565656569	0.0	6.8	3.8928569698314575
CO_g	-1.4979797979797982	0.0	6.8	3.898161805887724
CO_g	-1.4893939393939395	0.0	6.8	3.9030048596781577
CO_g	-1.4808080808080808	0.0	6.8	3.9074196037299584
CO_g	-1.4722222222222223	0.0	6.8	3.9114370692269937
CO_g	-1.4636363636363638	0.0	6.8	3.9150860718290126
CO_g	-1.4550505050505051	0.0	6.8	3.91839342992742
CO_g	-1.4464646464646465	0.0	6.8	3.921384607142782
CO_g	-1.437878787878788	0.0	6.8	3.924082922146925
CO_g	-1.4292929292929295	0.0	6.8	3.92651015494272
CO_g	-1.4207070707070708	0.0	6.8	3.928687068565454
CO_g	-1.412121212121212	0.0	6.8	3.930633315616676
CO_g	-1.4035353535353536	0.0	6.8	3.932367552328989
CO_g	-1.394949494949495	0.0	6.8	3.933907523713152
CO_g	-1.3863636363636365	0.0	6.8	3.935270119131036
CO_g	-1.3777777777777778	0.0	6.8	3.936471399882324
CO_g	-1.3691919191919193	0.0	6.8	3.937526602708817
CO_g	-1.3606060606060606	0.0	6.8	3.938450125094824
CO_g	-1.352020202020202	0.0	6.8	3.93925549951006
CO_g	-1.3434343434343434	0.0	6.8	3.939955364082349
CO_g	-1.334848484848485	0.0	6.8	3.940561436580354
CO_g	-1.3262626262626265	0.0	6.8	3.941084497205346
CO_g	-1.3176767676767678	0.0	6.8	3.941534383842021
CO_g	-1.309090909090909	0.0	6.8	3.941920001450356
CO_g	-1.3005050505050506	0.0	6.8	3.942249345498347
CO_g	-1.291919191919192	0.0	6.8	3.9425295379445697
CO_g	-1.2833333333333334	0.0	6.8	3.9427668733687673
CO_g	-1.2747474747474747	0.0	6.8	3.94296687240672
CO_g	-1.2661616161616165	0.0	6.8	3.943134339593818
CO_g	-1.2575757575757576	0.0	6.8	3.943273422951144
CO_g	-1.248989898989899	0.0	6.8	3.9433876730487674
CO_g	-1.2404040404040404	0.0	6.8	3.943480099762519
CO_g	-1.231818181818182	0.0	6.8	3.9435532254396617
CO_g	-1.2232323232323232	0.0	6.8	3.943609133673594
CO_g	-1.2146464646464648	0.0	6.8	3.9436495133569696
CO_g	-1.206060606060606	0.0	6.8	3.9436756981672434
CO_g	-1.1974747474747476	0.0	6.8	3.943688702206954
CO_g	-1.1888888888888889	0.0	6.8	3.943689253289007
CO_g	-1.1803030303030304	0.0	6.8	3.943677826504236
CO_g	-1.1717171717171715	0.0	6.8	3.9436546824885816
CO_g	-1.1631313131313132	0.0	6.8	3.943619917521689
CO_g	-1.1545454545454543	0.0	6.8	3.943573536434254
CO_g	-1.145959595959596	0.0	6.8	3.943515563888966
CO_g	-1.1373737373737374	0.0	6.8	3.943446212796823
CO_g	-1.128787878787879	0.0	6.8	3.94336612444096
CO_g	-1.1202020202020202	0.0	6.8	3.9432766712918856
CO_g	-1.1116161616161615	0.0	6.8	3.9431802552915407
CO_g	-1.103030303030303	0.0	6.8	3.943080441769512
CO_g	-1.0944444444444446	0.0	6.8	3.942981695463293
CO_g	-1.085858585858586	0.0	6.8	3.942888547605425
CO_g	-1.0772727272727274	0.0	6.8	3.942804293366621
CO_g	-1.068686868686869	0.0	6.8	3.942729641198727
CO_g	-1.0601010101010102	0.0	6.8	3.942661792124422
CO_g	-1.0515151515151515	0.0	6.8	3.942594130654133
CO_g	-1.042929292929293	0.0	6.8	3.942516358555037
CO_g	-1.0343434343434343	0.0	6.8	3.942414833976044
CO_g	-1.025757575757576	0.0	6.8	3.9422731947079135
CO_g	-1.0171717171717172	0.0	6.8	3.9420740783492976
CO_g	-1.0085858585858587	0.0	6.8	3.9418040749386543
CO_g	-1.0	0.0	6.8	3.941465825592637
CO_g	-1.85	-3.0	6.8	0.0153573115615021
CO_g	-1.8414141414141416	-3.0	6.8	0.0181258584048962
CO_g	-1.8328282828282831	-3.0	6.8	0.0213880445489476
CO_g	-1.8242424242424244	-3.0	6.8	0.0252297624797719
CO_g	-1.8156565656565655	-3.0	6.8	0.0297510298281189
CO_g	-1.8070707070707075	-3.0	6.8	0.0350679978225528
CO_g	-1.7984848484848486	-3.0	6.8	0.0413151238835734
CO_g	-1.78989898989899	-3.0	6.8	0.0486474713057741
CO_g	-1.7813131313131314	-3.0	6.8	0.0572430731433864
CO_g	-1.772727272727273	-3.0	6.8	0.0673052633330842
CO_g	-1.7641414141414142	-3.0	6.8	0.079064834780168
CO_g	-1.7555555555555555	-3.0	6.8	0.0927818314122166
CO_g	-1.746969696969697	-3.0	6.8	0.1087467202896694
CO_g	-1.7383838383838386	-3.0	6.8	0.1272806242708602
CO_g	-1.72979797979798	-3.0	6.8	0.1487342322388161
CO_g	-1.7212121212121212	-3.0	6.8	0.1734849534888453
CO_g	-1.7126262626262627	-3.0	6.8	0.2019318612243164
CO_g	-1.7040404040404042	-3.0	6.8	0.2344879970679292
CO_g	-1.6954545454545455	-3.0	6.8	0.2715697058754897
CO_g	-1.6868686868686869	-3.0	6.8	0.3135828571470363
CO_g	-1.6782828282828284	-3.0	6.8	0.3609060955907369
CO_g	-1.66969696969697	-3.0	6.8	0.4138716404817172
CO_g	-1.6611111111111112	-3.0	6.8	0.4727445873558068
CO_g	-1.6525252525252525	-3.0	6.8	0.5377020938211865
CO_g	-1.643939393939394	-3.0	6.8	0.6088141687118297
CO_g	-1.6353535353535356	-3.0	6.8	0.6860279390818228
CO_g	-1.6267676767676769	-3.0	6.8	0.7691571701088371
CO_g	-1.6181818181818182	-3.0	6.8	0.8578784314971315
CO_g	-1.6095959595959597	-3.0	6.8	0.951734675542099
CO_g	-1.6010101010101012	-3.0	6.8	1.0501462132087875
CO_g	-1.5924242424242423	-3.0	6.8	1.1524282817968643
CO_g	-1.5838383838383838	-3.0	6.8	1.2578137315025786
CO_g	-1.5752525252525251	-3.0	6.8	1.3654789261438622
CO_g	-1.5666666666666669	-3.0	6.8	1.474570805725129
CO_g	-1.5580808080808082	-3.0	6.8	1.5842331830096676
CO_g	-1.5494949494949497	-3.0	6.8	1.6936306810008948
CO_g	-1.540909090909091	-3.0	6.8	1.8019691755727745
CO_g	-1.5323232323232323	-3.0	6.8	1.9085120985317268
CO_g	-1.5237373737373738	-3.0	6.8	2.012592409072166
CO_g	-1.5151515151515151	-3.0	6.8	2.113620409410662
CO_g	-1.5065656565656569	-3.0	6.8	2.211087842698031
CO_g	-1.4979797979797982	-3.0	6.8	2.304568868122018
CO_g	-1.4893939393939395	-3.0	6.8	2.393718572771049
CO_g	-1.4808080808080808	-3.0	6.8	2.478269672048281
CO_g	-1.4722222222222223	-3.0	6.8	2.5580279910439088
CO_g	-1.4636363636363638	-3.0	6.8	2.6328672270908773
CO_g	-1.4550505050505051	-3.0	6.8	2.702723384196383
CO_g	-1.4464646464646465	-3.0	6.8	2.767595877055222
CO_g	-1.437878787878788	-3.0	6.8	2.827527538430018
CO_g	-1.4292929292929295	-3.0	6.8	2.882604477323629
CO_g	-1.4207070707070708	-3.0	6.8	2.93295685213427
CO_g	-1.412121212121212	-3.0	6.8	2.9787503878920587
CO_g	-1.4035353535353536	-3.0	6.8	3.0201813724685627
CO_g	-1.394949494949495	-3.0	6.8	3.0574715872402543
CO_g	-1.3863636363636365	-3.0	6.8	3.0908631191538727
CO_g	-1.3777777777777778	-3.0	6.8	3.1206130571291
CO_g	-1.3691919191919193	-3.0	6.8	3.146988140064878
CO_g	-1.3606060606060606	-3.0	6.8	3.170259481957268
CO_g	-1.352020202020202	-3.0	6.8	3.190697538954214
CO_g	-1.3434343434343434	-3.0	6.8	3.2085674954948256
CO_g	-1.334848484848485	-3.0	6.8	3.2241252305012877
CO_g	-1.3262626262626265	-3.0	6.8	3.237613984789204
CO_g	-1.3176767676767678	-3.0	6.8	3.249261796725404
CO_g	-1.309090909090909	-3.0	6.8	3.2592797154804765
CO_g	-1.3005050505050506	-3.0	6.8	3.267860749534965
CO_g	-1.291919191919192	-3.0	6.8	3.2751794689130773
CO_g	-1.2833333333333334	-3.0	6.8	3.2813921558992782
CO_g	-1.2747474747474747	-3.0	6.8	3.286637390697424
CO_g	-1.2661616161616165	-3.0	6.8	3.291036963708549
CO_g	-1.2575757575757576	-3.0	6.8	3.294697022337407
CO_g	-1.248989898989899	-3.0	6.8	3.2977093855125816
CO_g	-1.2404040404040404	-3.0	6.8	3.3001529926813187
CO_g	-1.231818181818182	-3.0	6.8	3.302095496502115
CO_g	-1.2232323232323232	-3.0	6.8	3.303595060510635
CO_g	-1.2146464646464648	-3.0	6.8	3.3047024813992256
CO_g	-1.206060606060606	-3.0	6.8	3.305463802943448
CO_g	-1.1974747474747476	-3.0	6.8	3.305923574896666
CO_g	-1.1888888888888889	-3.0	6.8	3.3061287310480414
CO_g	-1.1803030303030304	-3.0	6.8	3.3061325740068863
CO_g	-1.1717171717171715	-3.0	6.8	3.3059975302877533
CO_g	-1.1631313131313132	-3.0	6.8	3.3057945980579264
CO_g	-1.1545454545454543	-3.0	6.8	3.3055977974147432
CO_g	-1.145959595959596	-3.0	6.8	3.305474269008021
CO_g	-1.1373737373737374	-3.0	6.8	3.3054738078718278
CO_g	-1.128787878787879	-3.0	6.8	3.305622607500823
CO_g	-1.1202020202020202	-3.0	6.8	3.305923497092395
CO_g	-1.1116161616161615	-3.0	6.8	3.3063612965798184
CO_g	-1.103030303030303	-3.0	6.8	3.3069100986294524
CO_g	-1.0944444444444446	-3.0	6.8	3.3075398038701334
CO_g	-1.085858585858586	-3.0	6.8	3.3082206829802687
CO_g	-1.0772727272727274	-3.0	6.8	3.3089258928722938
CO_g	-1.068686868686869	-3.0	6.8	3.309632405144487
CO_g	-1.0601010101010102	-3.0	6.8	3.310320893678993
CO_g	-1.0515151515151515	-3.0	6.8	3.310975026952274
CO_g	-1.042929292929293	-3.0	6.8	3.3115804851935025
CO_g	-1.0343434343434343	-3.0	6.8	3.3121239657466663
CO_g	-1.025757575757576	-3.0	6.8	3.3125925345884157
CO_g	-1.0171717171717172	-3.0	6.8	3.312974067124728
CO_g	-1.0085858585858587	-3.0	6.8	3.313260402127552
CO_g	-1.0	-3.0	6.8	3.3134561013454973
CO_t	-1.85	0.0	6.8	0.6058150140190958
CO_t	-1.8414141414141416	0.0	6.8	0.6301868161443945
CO_t	-1.8328282828282831	0.0	6.8	0.6535711832247563
CO_t	-1.8242424242424244	0.0	6.8	0.6759288855165415
CO_t	-1.8156565656565655	0.0	6.8	0.6972357266649719
CO_t	-1.8070707070707075	0.0	6.8	0.7174807670344284
CO_t	-1.7984848484848486	0.0	6.8	0.7366645443043145
CO_t	-1.78989898989899	0.0	6.8	0.754797351050379
CO_t	-1.7813131313131314	0.0	6.8	0.7718976111840762
CO_t	-1.772727272727273	0.0	6.8	0.7879903828249156
CO_t	-1.7641414141414142	0.0	6.8	0.8031060021745273
CO_t	-1.7555555555555555	0.0	6.8	0.8172788752877597
CO_t	-1.746969696969697	0.0	6.8	0.8305464169168507
CO_t	-1.7383838383838386	0.0	6.8	0.8429481310506034
CO_t	-1.72979797979798	0.0	6.8	0.854524824584476
CO_t	-1.7212121212121212	0.0	6.8	0.8653179435749779
CO_t	-1.7126262626262627	0.0	6.8	0.875369020519893
CO_t	-1.7040404040404042	0.0	6.8	0.8847192207956586
CO_t	-1.6954545454545455	0.0	6.8	0.893408976572516
CO_t	-1.6868686868686869	0.0	6.8	0.9014776970568692
CO_t	-1.6782828282828284	0.0	6.8	0.9089635446552063
CO_t	-1.66969696969697	0.0	6.8	0.915903267521896
CO_t	-1.6611111111111112	0.0	6.8	0.9223320798758738
CO_t	-1.6525252525252525	0.0	6.8	0.9282835823999198
CO_t	-1.643939393939394	0.0	6.8	0.933789715937516
CO_t	-1.6353535353535356	0.0	6.8	0.9388807425543766
CO_t	-1.6267676767676769	0.0	6.8	0.9435852488216492
CO_t	-1.6181818181818182	0.0	6.8	0.9479301668989102
CO_t	-1.6095959595959597	0.0	6.8	0.9519408096453892
CO_t	-1.6010101010101012	0.0	6.8	0.9556409165685462
CO_t	-1.5924242424242423	0.0	6.8	0.9590527079334682
CO_t	-1.5838383838383838	0.0	6.8	0.9621969448091554
CO_t	-1.5752525252525251	0.0	6.8	0.9650929932239328
CO_t	-1.5666666666666669	0.0	6.8	0.9677588909474892
CO_t	-1.5580808080808082	0.0	6.8	0.970211415716871
CO_t	-1.5494949494949497	0.0	6.8	0.9724661539832192
CO_t	-1.540909090909091	0.0	6.8	0.974537569479515
CO_t	-1.5323232323232323	0.0	6.8	0.9764390711006972
CO_t	-1.5237373737373738	0.0	6.8	0.9781830797486456
CO_t	-1.5151515151515151	0.0	6.8	0.9797810939267928
CO_t	-1.5065656565656569	0.0	6.8	0.9812437539720992
CO_t	-1.4979797979797982	0.0	6.8	0.9825809048837296
CO_t	-1.4893939393939395	0.0	6.8	0.9838016577443776
CO_t	-1.4808080808080808	0.0	6.8	0.9849144497271772
CO_t	-1.4722222222222223	0.0	6.8	0.985927102633851
CO_t	-1.4636363636363638	0.0	6.8	0.9868468798152904
CO_t	-1.4550505050505051	0.0	6.8	0.9876805411856828
CO_t	-1.4464646464646465	0.0	6.8	0.9884345051721184
CO_t	-1.437878787878788	0.0	6.8	0.9891146495402736
CO_t	-1.4292929292929295	0.0	6.8	0.989726464214886
CO_t	-1.4207070707070708	0.0	6.8	0.9902751827811724
CO_t	-1.412121212121212	0.0	6.8	0.9907657589255052
CO_t	-1.4035353535353536	0.0	6.8	0.991202895186882
CO_t	-1.394949494949495	0.0	6.8	0.991591064419329
CO_t	-1.3863636363636365	0.0	6.8	0.9919345237997664
CO_t	-1.3777777777777778	0.0	6.8	0.9922373217815836
CO_t	-1.3691919191919193	0.0	6.8	0.9925032989779446
CO_t	-1.3606060606060606	0.0	6.8	0.9927360844565648
CO_t	-1.352020202020202	0.0	6.8	0.9929390892473094
CO_t	-1.3434343434343434	0.0	6.8	0.9931154989498768
CO_t	-1.334848484848485	0.0	6.8	0.9932682671758172
CO_t	-1.3262626262626265	0.0	6.8	0.9934001112109822
CO_t	-1.3176767676767678	0.0	6.8	0.993513510818431
CO_t	-1.309090909090909	0.0	6.8	0.9936107106057678
CO_t	-1.3005050505050506	0.0	6.8	0.9936937259316592
CO_t	-1.291919191919192	0.0	6.8	0.9937643519756924
CO_t	-1.2833333333333334	0.0	6.8	0.9938241753661726
CO_t	-1.2747474747474747	0.0	6.8	0.9938745876490568
CO_t	-1.2661616161616165	0.0	6.8	0.993916799868157
CO_t	-1.2575757575757576	0.0	6.8	0.993951857584563
CO_t	-1.248989898989899	0.0	6.8	0.9939806557642936
CO_t	-1.2404040404040404	0.0	6.8	0.994003953084558
CO_t	-1.231818181818182	0.0	6.8	0.9940223853348328
CO_t	-1.2232323232323232	0.0	6.8	0.9940364777111432
CO_t	-1.2146464646464648	0.0	6.8	0.9940466559202084
CO_t	-1.206060606060606	0.0	6.8	0.9940532561322708
CO_t	-1.1974747474747476	0.0	6.8	0.9940565339646809
CO_t	-1.1888888888888889	0.0	6.8	0.9940566728718706
CO_t	-1.1803030303030304	0.0	6.8	0.9940537926064842
CO_t	-1.1717171717171715	0.0	6.8	0.9940479588651012
CO_t	-1.1631313131313132	0.0	6.8	0.994039195916222
CO_t	-1.1545454545454543	0.0	6.8	0.9940275049774846
CO_t	-1.145959595959596	0.0	6.8	0.9940128922654312
CO_t	-1.1373737373737374	0.0	6.8	0.9939954114469668
CO_t	-1.128787878787879	0.0	6.8	0.993975224165604
CO_t	-1.1202020202020202	0.0	6.8	0.9939526763698634
CO_t	-1.1116161616161615	0.0	6.8	0.993928373499541
CO_t	-1.103030303030303	0.0	6.8	0.993903214240978
CO_t	-1.0944444444444446	0.0	6.8	0.9938783239876356
CO_t	-1.085858585858586	0.0	6.8	0.993854844893891
CO_t	-1.0772727272727274	0.0	6.8	0.9938336075491304
CO_t	-1.068686868686869	0.0	6.8	0.993814790527587
CO_t	-1.0601010101010102	0.0	6.8	0.9937976883116848
CO_t	-1.0515151515151515	0.0	6.8	0.9937806333837436
CO_t	-1.042929292929293	0.0	6.8	0.9937610299441456
CO_t	-1.0343434343434343	0.0	6.8	0.9937354393920697
CO_t	-1.025757575757576	0.0	6.8	0.9936997374260724
CO_t	-1.0171717171717172	0.0	6.8	0.99364954763366
CO_t	-1.0085858585858587	0.0	6.8	0.9935814898647006
CO_t	-1.0	0.0	6.8	0.9934962298459954
CO_t	-1.85	-3.0	6.8	0.003871004294355
CO_t	-1.8414141414141416	-3.0	6.8	0.004568851484404
CO_t	-1.8328282828282831	-3.0	6.8	0.0053911266933191
CO_t	-1.8242424242424244	-3.0	6.8	0.0063594802067818
CO_t	-1.8156565656565655	-3.0	6.8	0.0074991227315354
CO_t	-1.8070707070707075	-3.0	6.8	0.0088393316513699
CO_t	-1.7984848484848486	-3.0	6.8	0.0104139986569029
CO_t	-1.78989898989899	-3.0	6.8	0.0122622094095058
CO_t	-1.7813131313131314	-3.0	6.8	0.0144288393885038
CO_t	-1.772727272727273	-3.0	6.8	0.0169651414801134
CO_t	-1.7641414141414142	-3.0	6.8	0.019929289950315
CO_t	-1.7555555555555555	-3.0	6.8	0.0233868321546043
CO_t	-1.746969696969697	-3.0	6.8	0.0274109839832643
CO_t	-1.7383838383838386	-3.0	6.8	0.0320826885075252
CO_t	-1.72979797979798	-3.0	6.8	0.0374903412884683
CO_t	-1.7212121212121212	-3.0	6.8	0.0437290731044865
CO_t	-1.7126262626262627	-3.0	6.8	0.0508994753955473
CO_t	-1.7040404040404042	-3.0	6.8	0.0591056605180886
CO_t	-1.6954545454545455	-3.0	6.8	0.0684525734501623
CO_t	-1.6868686868686869	-3.0	6.8	0.0790425187241278
CO_t	-1.6782828282828284	-3.0	6.8	0.0909709385197885
CO_t	-1.66969696969697	-3.0	6.8	0.1043215729003405
CO_t	-1.6611111111111112	-3.0	6.8	0.1191612425429251
CO_t	-1.6525252525252525	-3.0	6.8	0.1355346022596361
CO_t	-1.643939393939394	-3.0	6.8	0.1534592986610713
CO_t	-1.6353535353535356	-3.0	6.8	0.1729220044535916
CO_t	-1.6267676767676769	-3.0	6.8	0.1938757767986601
CO_t	-1.6181818181818182	-3.0	6.8	0.2162390910063123
CO_t	-1.6095959595959597	-3.0	6.8	0.2398967424315052
CO_t	-1.6010101010101012	-3.0	6.8	0.2647026131333022
CO_t	-1.5924242424242423	-3.0	6.8	0.2904841000266522
CO_t	-1.5838383838383838	-3.0	6.8	0.3170478333167941
CO_t	-1.5752525252525251	-3.0	6.8	0.3441862051040638
CO_t	-1.5666666666666669	-3.0	6.8	0.371684190845068
CO_t	-1.5580808080808082	-3.0	6.8	0.399325977735801
CO_t	-1.5494949494949497	-3.0	6.8	0.4269009984560495
CO_t	-1.540909090909091	-3.0	6.8	0.4542090839925186
CO_t	-1.5323232323232323	-3.0	6.8	0.4810645730314413
CO_t	-1.5237373737373738	-3.0	6.8	0.5072993295151106
CO_t	-1.5151515151515151	-3.0	6.8	0.532764712671156
CO_t	-1.5065656565656569	-3.0	6.8	0.5573326099430314
CO_t	-1.4979797979797982	-3.0	6.8	0.5808956827769571
CO_t	-1.4893939393939395	-3.0	6.8	0.6033669915183894
CO_t	-1.4808080808080808	-3.0	6.8	0.6246791637097173
CO_t	-1.4722222222222223	-3.0	6.8	0.6447832551130965
CO_t	-1.4636363636363638	-3.0	6.8	0.6636474295464847
CO_t	-1.4550505050505051	-3.0	6.8	0.6812555560118244
CO_t	-1.4464646464646465	-3.0	6.8	0.6976074869755482
CO_t	-1.437878787878788	-3.0	6.8	0.7127140189763208
CO_t	-1.4292929292929295	-3.0	6.8	0.7265968568756025
CO_t	-1.4207070707070708	-3.0	6.8	0.7392888087411607
CO_t	-1.412121212121212	-3.0	6.8	0.7508316476594304
CO_t	-1.4035353535353536	-3.0	6.8	0.7612748504669481
CO_t	-1.394949494949495	-3.0	6.8	0.7706743199600655
CO_t	-1.3863636363636365	-3.0	6.8	0.7790910772105167
CO_t	-1.3777777777777778	-3.0	6.8	0.7865899247267442
CO_t	-1.3691919191919193	-3.0	6.8	0.7932380974163121
CO_t	-1.3606060606060606	-3.0	6.8	0.7991039329852582
CO_t	-1.352020202020202	-3.0	6.8	0.804255603320695
CO_t	-1.3434343434343434	-3.0	6.8	0.8087599515089582
CO_t	-1.334848484848485	-3.0	6.8	0.8126814750633427
CO_t	-1.3262626262626265	-3.0	6.8	0.8160814859027996
CO_t	-1.3176767676767678	-3.0	6.8	0.8190174639771065
CO_t	-1.309090909090909	-3.0	6.8	0.8215426068946077
CO_t	-1.3005050505050506	-3.0	6.8	0.8237055648799233
CO_t	-1.291919191919192	-3.0	6.8	0.8255503405119338
CO_t	-1.2833333333333334	-3.0	6.8	0.8271163267137996
CO_t	-1.2747474747474747	-3.0	6.8	0.8284384543757415
CO_t	-1.2661616161616165	-3.0	6.8	0.829547422306176
CO_t	-1.2575757575757576	-3.0	6.8	0.8304699862987835
CO_t	-1.248989898989899	-3.0	6.8	0.831229290473903
CO_t	-1.2404040404040404	-3.0	6.8	0.8318452325159731
CO_t	-1.231818181818182	-3.0	6.8	0.8323348651318114
CO_t	-1.2232323232323232	-3.0	6.8	0.8327128491750078
CO_t	-1.2146464646464648	-3.0	6.8	0.8329919885932728
CO_t	-1.206060606060606	-3.0	6.8	0.833183889301627
CO_t	-1.1974747474747476	-3.0	6.8	0.8332997806279314
CO_t	-1.1888888888888889	-3.0	6.8	0.8333514928263723
CO_t	-1.1803030303030304	-3.0	6.8	0.8333524614926738
CO_t	-1.1717171717171715	-3.0	6.8	0.8333184220180825
CO_t	-1.1631313131313132	-3.0	6.8	0.833267270387149
CO_t	-1.1545454545454543	-3.0	6.8	0.8332176643000522
CO_t	-1.145959595959596	-3.0	6.8	0.8331865274053567
CO_t	-1.1373737373737374	-3.0	6.8	0.8331864111701563
CO_t	-1.128787878787879	-3.0	6.8	0.8332239179955231
CO_t	-1.1202020202020202	-3.0	6.8	0.8332997610163825
CO_t	-1.1116161616161615	-3.0	6.8	0.833410113905239
CO_t	-1.103030303030303	-3.0	6.8	0.8335484463915194
CO_t	-1.0944444444444446	-3.0	6.8	0.8337071715486597
CO_t	-1.085858585858586	-3.0	6.8	0.8338787957257636
CO_t	-1.0772727272727274	-3.0	6.8	0.8340565527836652
CO_t	-1.068686868686869	-3.0	6.8	0.8342346381229332
CO_t	-1.0601010101010102	-3.0	6.8	0.8344081803515332
CO_t	-1.0515151515151515	-3.0	6.8	0.8345730629027409
CO_t	-1.042929292929293	-3.0	6.8	0.8347256762975048
CO_t	-1.0343434343434343	-3.0	6.8	0.8348626674334058
CO_t	-1.025757575757576	-3.0	6.8	0.8349807761265418
CO_t	-1.0171717171717172	-3.0	6.8	0.8350769462198936
CO_t	-1.0085858585858587	-3.0	6.8	0.8351491205728794
CO_t	-1.0	-3.0	6.8	0.8351984490318377
H2_g	-1.85	0.0	6.8	99.12631351137335
H2_g	-1.8414141414141416	0.0	6.8	78.67837737798014
H2_g	-1.8328282828282831	0.0	6.8	62.35479760677956
H2_g	-1.8242424242424244	0.0	6.8	49.34892179778432
H2_g	-1.8156565656565655	0.0	6.8	39.00515091722273
H2_g	-1.8070707070707075	0.0	6.8	30.792413297071164
H2_g	-1.7984848484848486	0.0	6.8	24.28184391486959
H2_g	-1.78989898989899	0.0	6.8	19.12811601363151
H2_g	-1.7813131313131314	0.0	6.8	15.053917073062443
H2_g	-1.772727272727273	0.0	6.8	11.837109101665725
H2_g	-1.7641414141414142	0.0	6.8	9.300162416055963
H2_g	-1.7555555555555555	0.0	6.8	7.301500821546046
H2_g	-1.746969696969697	0.0	6.8	5.728442870717374
H2_g	-1.7383838383838386	0.0	6.8	4.491467609227408
H2_g	-1.72979797979798	0.0	6.8	3.5195731838737814
H2_g	-1.7212121212121212	0.0	6.8	2.75653252074832
H2_g	-1.7126262626262627	0.0	6.8	2.157881885452993
H2_g	-1.7040404040404042	0.0	6.8	1.688505620711542
H2_g	-1.6954545454545455	0.0	6.8	1.3207039666328646
H2_g	-1.6868686868686869	0.0	6.8	1.0326509373439086
H2_g	-1.6782828282828284	0.0	6.8	0.8071661287951544
H2_g	-1.66969696969697	0.0	6.8	0.6307384511454683
H2_g	-1.6611111111111112	0.0	6.8	0.4927514894336576
H2_g	-1.6525252525252525	0.0	6.8	0.3848698479709531
H2_g	-1.643939393939394	0.0	6.8	0.3005537445728015
H2_g	-1.6353535353535356	0.0	6.8	0.2346755723037248
H2_g	-1.6267676767676769	0.0	6.8	0.1832173847082188
H2_g	-1.6181818181818182	0.0	6.8	0.1430324968899058
H2_g	-1.6095959595959597	0.0	6.8	0.1116578087758685
H2_g	-1.6010101010101012	0.0	6.8	0.0871661993663046
H2_g	-1.5924242424242423	0.0	6.8	0.0680505374991741
H2_g	-1.5838383838383838	0.0	6.8	0.0531326097126198
H2_g	-1.5752525252525251	0.0	6.8	0.041491664702869
H2_g	-1.5666666666666669	0.0	6.8	0.0324083865714531
H2_g	-1.5580808080808082	0.0	6.8	0.025320992405872
H2_g	-1.5494949494949497	0.0	6.8	0.0197908498018833
H2_g	-1.540909090909091	0.0	6.8	0.0154755638730071
H2_g	-1.5323232323232323	0.0	6.8	0.0121079209800493
H2_g	-1.5237373737373738	0.0	6.8	0.0094794217984971
H2_g	-1.5151515151515151	0.0	6.8	0.0074274085679215
H2_g	-1.5065656565656569	0.0	6.8	0.0058250057005384
H2_g	-1.4979797979797982	0.0	6.8	0.0045732615120719
H2_g	-1.4893939393939395	0.0	6.8	0.0035950113223685
H2_g	-1.4808080808080808	0.0	6.8	0.002830086201425
H2_g	-1.4722222222222223	0.0	6.8	0.0022315732593787
H2_g	-1.4636363636363638	0.0	6.8	0.0017628973781585
H2_g	-1.4550505050505051	0.0	6.8	0.0013955444316625
H2_g	-1.4464646464646465	0.0	6.8	0.0011072746758355
H2_g	-1.437878787878788	0.0	6.8	0.0008807663281092
H2_g	-1.4292929292929295	0.0	6.8	0.0007025166292045
H2_g	-1.4207070707070708	0.0	6.8	0.0005619935415164
H2_g	-1.412121212121212	0.0	6.8	0.0004509858991751
H2_g	-1.4035353535353536	0.0	6.8	0.0003630914555591
H2_g	-1.394949494949495	0.0	6.8	0.0002933177250305
H2_g	-1.3863636363636365	0.0	6.8	0.0002377707525622
H2_g	-1.3777777777777778	0.0	6.8	0.0001934124310745
H2_g	-1.3691919191919193	0.0	6.8	0.0001578712693356
H2_g	-1.3606060606060606	0.0	6.8	0.0001292948532648
H2_g	-1.352020202020202	0.0	6.8	0.0001062348441972
H2_g	-1.3434343434343434	0.0	6.8	8.75573795842182e-05
H2_g	-1.334848484848485	0.0	6.8	7.237331161495402e-05
H2_g	-1.3262626262626265	0.0	6.8	5.998393789162984e-05
H2_g	-1.3176767676767678	0.0	6.8	4.983882502597213e-05
H2_g	-1.309090909090909	0.0	6.8	4.1503063148189e-05
H2_g	-1.3005050505050506	0.0	6.8	3.463186512085114e-05
H2_g	-1.291919191919192	0.0	6.8	2.8950875698406006e-05
H2_g	-1.2833333333333334	0.0	6.8	2.424091098615189e-05
H2_g	-1.2747474747474747	0.0	6.8	2.0326128482067343e-05
H2_g	-1.2661616161616165	0.0	6.8	1.7064848760364917e-05
H2_g	-1.2575757575757576	0.0	6.8	1.4342423764120773e-05
H2_g	-1.248989898989899	0.0	6.8	1.2065683287385044e-05
H2_g	-1.2404040404040404	0.0	6.8	1.0158598124728933e-05
H2_g	-1.231818181818182	0.0	6.8	8.558881629429055e-06
H2_g	-1.2232323232323232	0.0	6.8	7.215315964943136e-06
H2_g	-1.2146464646464648	0.0	6.8	6.0856391356801725e-06
H2_g	-1.206060606060606	0.0	6.8	5.134867151813731e-06
H2_g	-1.1974747474747476	0.0	6.8	4.333954993543262e-06
H2_g	-1.1888888888888889	0.0	6.8	3.6587224444670166e-06
H2_g	-1.1803030303030304	0.0	6.8	3.0889879890995445e-06
H2_g	-1.1717171717171715	0.0	6.8	2.607867108226465e-06
H2_g	-1.1631313131313132	0.0	6.8	2.201201494765396e-06
H2_g	-1.1545454545454543	0.0	6.8	1.857093800978236e-06
H2_g	-1.145959595959596	0.0	6.8	1.5655292093611751e-06
H2_g	-1.1373737373737374	0.0	6.8	1.3180708736219624e-06
H2_g	-1.128787878787879	0.0	6.8	1.1076210916498991e-06
H2_g	-1.1202020202020202	0.0	6.8	9.28242836729868e-07
H2_g	-1.1116161616161615	0.0	6.8	7.750341342980055e-07
H2_g	-1.103030303030303	0.0	6.8	6.440371865046075e-07
H2_g	-1.0944444444444446	0.0	6.8	5.321466752942044e-07
H2_g	-1.085858585858586	0.0	6.8	4.369726840126688e-07
H2_g	-1.0772727272727274	0.0	6.8	3.566371817374789e-07
H2_g	-1.068686868686869	0.0	6.8	2.89538542548002e-07
H2_g	-1.0601010101010102	0.0	6.8	2.3415964274735326e-07
H2_g	-1.0515151515151515	0.0	6.8	1.8897684676961602e-07
H2_g	-1.042929292929293	0.0	6.8	1.5246810056706673e-07
H2_g	-1.0343434343434343	0.0	6.8	1.231744944222524e-07
H2_g	-1.025757575757576	0.0	6.8	9.976649074468905e-08
H2_g	-1.0171717171717172	0.0	6.8	8.10873008653997e-08
H2_g	-1.0085858585858587	0.0	6.8	6.616772896626262e-08
H2_g	-1.0	0.0	6.8	5.421876047570893e-08
H2_g	-1.85	-3.0	6.8	250.57096468978648
H2_g	-1.8414141414141416	-3.0	6.8	211.847934174481
H2_g	-1.8328282828282831	-3.0	6.8	179.08663010367124
H2_g	-1.8242424242424244	-3.0	6.8	151.36934705570667
H2_g	-1.8156565656565655	-3.0	6.8	127.91967022732324
H2_g	-1.8070707070707075	-3.0	6.8	108.08072619933895
H2_g	-1.7984848484848486	-3.0	6.8	91.29678209246512
H2_g	-1.78989898989899	-3.0	6.8	77.0976776150213
H2_g	-1.7813131313131314	-3.0	6.8	65.08565384189696
H2_g	-1.772727272727273	-3.0	6.8	54.92420968165226
H2_g	-1.7641414141414142	-3.0	6.8	46.32867376365919
H2_g	-1.7555555555555555	-3.0	6.8	39.05822750722072
H2_g	-1.746969696969697	-3.0	6.8	32.909155760402314
H2_g	-1.7383838383838386	-3.0	6.8	27.709135765190982
H2_g	-1.72979797979798	-3.0	6.8	23.312404284732818
H2_g	-1.7212121212121212	-3.0	6.8	19.595667341304857
H2_g	-1.7126262626262627	-3.0	6.8	16.454637861141244
H2_g	-1.7040404040404042	-3.0	6.8	13.801104200198129
H2_g	-1.6954545454545455	-3.0	6.8	11.560447539241173
H2_g	-1.6868686868686869	-3.0	6.8	9.669538912709166
H2_g	-1.6782828282828284	-3.0	6.8	8.074957525415334
H2_g	-1.66969696969697	-3.0	6.8	6.731481296617818
H2_g	-1.6611111111111112	-3.0	6.8	5.60080847004593
H2_g	-1.6525252525252525	-3.0	6.8	4.650475802313854
H2_g	-1.643939393939394	-3.0	6.8	3.852944409746332
H2_g	-1.6353535353535356	-3.0	6.8	3.184828912548183
H2_g	-1.6267676767676769	-3.0	6.8	2.6262491659278284
H2_g	-1.6181818181818182	-3.0	6.8	2.1602867342759446
H2_g	-1.6095959595959597	-3.0	6.8	1.7725305033713317
H2_g	-1.6010101010101012	-3.0	6.8	1.4506976176441804
H2_g	-1.5924242424242423	-3.0	6.8	1.184317455992555
H2_g	-1.5838383838383838	-3.0	6.8	0.9644677714461348
H2_g	-1.5752525252525251	-3.0	6.8	0.7835535128246299
H2_g	-1.5666666666666669	-3.0	6.8	0.635120251653466
H2_g	-1.5580808080808082	-3.0	6.8	0.5136955308151846
H2_g	-1.5494949494949497	-3.0	6.8	0.4146527756020376
H2_g	-1.540909090909091	-3.0	6.8	0.33409359915421
H2_g	-1.5323232323232323	-3.0	6.8	0.2687453433313737
H2_g	-1.5237373737373738	-3.0	6.8	0.2158714991524662
H2_g	-1.5151515151515151	-3.0	6.8	0.1731932510639577
H2_g	-1.5065656565656569	-3.0	6.8	0.1388208102163012
H2_g	-1.4979797979797982	-3.0	6.8	0.1111934791419937
H2_g	-1.4893939393939395	-3.0	6.8	0.089027562364281
H2_g	-1.4808080808080808	-3.0	6.8	0.0712713399349873
H2_g	-1.4722222222222223	-3.0	6.8	0.0570663823705873
H2_g	-1.4636363636363638	-3.0	6.8	0.0457145267345511
H2_g	-1.4550505050505051	-3.0	6.8	0.0366498681840516
H2_g	-1.4464646464646465	-3.0	6.8	0.0294149917953747
H2_g	-1.437878787878788	-3.0	6.8	0.023641631449775
H2_g	-1.4292929292929295	-3.0	6.8	0.0190339546587212
H2_g	-1.4207070707070708	-3.0	6.8	0.0153548187357027
H2_g	-1.412121212121212	-3.0	6.8	0.0124146389239014
H2_g	-1.4035353535353536	-3.0	6.8	0.0100621769387701
H2_g	-1.394949494949495	-3.0	6.8	0.0081770188863799
H2_g	-1.3863636363636365	-3.0	6.8	0.0066634567944902
H2_g	-1.3777777777777778	-3.0	6.8	0.0054455299026055
H2_g	-1.3691919191919193	-3.0	6.8	0.0044630196080279
H2_g	-1.3606060606060606	-3.0	6.8	0.0036682253021712
H2_g	-1.352020202020202	-3.0	6.8	0.0030233772556266
H2_g	-1.3434343434343434	-3.0	6.8	0.0024985674274434
H2_g	-1.334848484848485	-3.0	6.8	0.0020700999392205
H2_g	-1.3262626262626265	-3.0	6.8	0.0017191804136182
H2_g	-1.3176767676767678	-3.0	6.8	0.0014308779081848
H2_g	-1.309090909090909	-3.0	6.8	0.0011933052415806
H2_g	-1.3005050505050506	-3.0	6.8	0.0009969735240874
H2_g	-1.291919191919192	-3.0	6.8	0.0008342850168047
H2_g	-1.2833333333333334	-3.0	6.8	0.0006991353379497
H2_g	-1.2747474747474747	-3.0	6.8	0.0005866017378452
H2_g	-1.2661616161616165	-3.0	6.8	0.0004926988609561
H2_g	-1.2575757575757576	-3.0	6.8	0.0004141872575409
H2_g	-1.248989898989899	-3.0	6.8	0.0003484230319371
H2_g	-1.2404040404040404	-3.0	6.8	0.0002932395376045
H2_g	-1.231818181818182	-3.0	6.8	0.0002468540588225
H2_g	-1.2232323232323232	-3.0	6.8	0.0002077940552131
H2_g	-1.2146464646464648	-3.0	6.8	0.000174838878967
H2_g	-1.206060606060606	-3.0	6.8	0.0001469739790913
H2_g	-1.1974747474747476	-3.0	6.8	0.0001233555092119
H2_g	-1.1888888888888889	-3.0	6.8	0.000103283874167
H2_g	-1.1803030303030304	-3.0	6.8	8.618482383572917e-05
H2_g	-1.1717171717171715	-3.0	6.8	7.159586269483063e-05
H2_g	-1.1631313131313132	-3.0	6.8	5.91540581460273e-05
H2_g	-1.1545454545454543	-3.0	6.8	4.858023821978101e-05
H2_g	-1.145959595959596	-3.0	6.8	3.965663688984853e-05
H2_g	-1.1373737373737374	-3.0	6.8	3.220075851608047e-05
H2_g	-1.128787878787879	-3.0	6.8	2.6043158759953068e-05
H2_g	-1.1202020202020202	-3.0	6.8	2.1015754494783543e-05
H2_g	-1.1116161616161615	-3.0	6.8	1.6951225546692455e-05
H2_g	-1.103030303030303	-3.0	6.8	1.3688946130929348e-05
H2_g	-1.0944444444444446	-3.0	6.8	1.1082039996465382e-05
H2_g	-1.085858585858586	-3.0	6.8	9.002261244506428e-06
H2_g	-1.0772727272727274	-3.0	6.8	7.34183195570175e-06
H2_g	-1.068686868686869	-3.0	6.8	6.012797832868296e-06
H2_g	-1.0601010101010102	-3.0	6.8	4.944892339627226e-06
H2_g	-1.0515151515151515	-3.0	6.8	4.082780231662931e-06
H2_g	-1.042929292929293	-3.0	6.8	3.383261481282115e-06
H2_g	-1.0343434343434343	-3.0	6.8	2.8127479822645385e-06
H2_g	-1.025757575757576	-3.0	6.8	2.345137358168332e-06
H2_g	-1.0171717171717172	-3.0	6.8	1.9600978523149653e-06
H2_g	-1.0085858585858587	-3.0	6.8	1.6417239123199074e-06
H2_g	-1.0	-3.0	6.8	1.377501966818172e-06
OCCOH_t_1	-1.85	0.0	6.8	9.256659288179834e-17
OCCOH_t_1	-1.8414141414141416	0.0	6.8	1.0016427241843287e-16
OCCOH_t_1	-1.8328282828282831	0.0	6.8	1.077357910751623e-16
OCCOH_t_1	-1.8242424242424244	0.0	6.8	1.1523282968113666e-16
OCCOH_t_1	-1.8156565656565655	0.0	6.8	1.2261214188633262e-16
OCCOH_t_1	-1.8070707070707075	0.0	6.8	1.2983588474542022e-16
OCCOH_t_1	-1.7984848484848486	0.0	6.8	1.3687172782789428e-16
OCCOH_t_1	-1.78989898989899	0.0	6.8	1.436927805988755e-16
OCCOH_t_1	-1.7813131313131314	0.0	6.8	1.5027737765907282e-16
OCCOH_t_1	-1.772727272727273	0.0	6.8	1.5660875909149936e-16
OCCOH_t_1	-1.7641414141414142	0.0	6.8	1.6267467869475364e-16
OCCOH_t_1	-1.7555555555555555	0.0	6.8	1.6846696865784646e-16
OCCOH_t_1	-1.746969696969697	0.0	6.8	1.7398108389073764e-16
OCCOH_t_1	-1.7383838383838386	0.0	6.8	1.7921564449640195e-16
OCCOH_t_1	-1.72979797979798	0.0	6.8	1.8417199047170762e-16
OCCOH_t_1	-1.7212121212121212	0.0	6.8	1.888537588479508e-16
OCCOH_t_1	-1.7126262626262627	0.0	6.8	1.9326649020510524e-16
OCCOH_t_1	-1.7040404040404042	0.0	6.8	1.9741726880559442e-16
OCCOH_t_1	-1.6954545454545455	0.0	6.8	2.0131439845499194e-16
OCCOH_t_1	-1.6868686868686869	0.0	6.8	2.0496711454985731e-16
OCCOH_t_1	-1.6782828282828284	0.0	6.8	2.0838533154934476e-16
OCCOH_t_1	-1.66969696969697	0.0	6.8	2.1157942423831359e-16
OCCOH_t_1	-1.6611111111111112	0.0	6.8	2.1456004056981718e-16
OCCOH_t_1	-1.6525252525252525	0.0	6.8	2.1733794352463291e-16
OCCOH_t_1	-1.643939393939394	0.0	6.8	2.199238792530272e-16
OCCOH_t_1	-1.6353535353535356	0.0	6.8	2.22328468725174e-16
OCCOH_t_1	-1.6267676767676769	0.0	6.8	2.2456212017516075e-16
OCCOH_t_1	-1.6181818181818182	0.0	6.8	2.2663495974986674e-16
OCCOH_t_1	-1.6095959595959597	0.0	6.8	2.285567779449009e-16
OCCOH_t_1	-1.6010101010101012	0.0	6.8	2.3033698960724007e-16
OCCOH_t_1	-1.5924242424242423	0.0	6.8	2.3198460549461967e-16
OCCOH_t_1	-1.5838383838383838	0.0	6.8	2.335082135951294e-16
OCCOH_t_1	-1.5752525252525251	0.0	6.8	2.3491596861976366e-16
OCCOH_t_1	-1.5666666666666669	0.0	6.8	2.3621558828104667e-16
OCCOH_t_1	-1.5580808080808082	0.0	6.8	2.374143551591728e-16
OCCOH_t_1	-1.5494949494949497	0.0	6.8	2.3851912313149833e-16
OCCOH_t_1	-1.540909090909091	0.0	6.8	2.395363275006246e-16
OCCOH_t_1	-1.5323232323232323	0.0	6.8	2.40471998100144e-16
OCCOH_t_1	-1.5237373737373738	0.0	6.8	2.413317747849397e-16
OCCOH_t_1	-1.5151515151515151	0.0	6.8	2.421209248241569e-16
OCCOH_t_1	-1.5065656565656569	0.0	6.8	2.428443618086693e-16
OCCOH_t_1	-1.4979797979797982	0.0	6.8	2.435066657595906e-16
OCCOH_t_1	-1.4893939393939395	0.0	6.8	2.441121041781233e-16
OCCOH_t_1	-1.4808080808080808	0.0	6.8	2.446646538074339e-16
OCCOH_t_1	-1.4722222222222223	0.0	6.8	2.451680228820377e-16
OCCOH_t_1	-1.4636363636363638	0.0	6.8	2.45625673618075e-16
OCCOH_t_1	-1.4550505050505051	0.0	6.8	2.460408446498293e-16
OCCOH_t_1	-1.4464646464646465	0.0	6.8	2.3075406086734784e-16
OCCOH_t_1	-1.437878787878788	0.0	6.8	2.066587230931456e-16
OCCOH_t_1	-1.4292929292929295	0.0	6.8	1.8325268220018767e-16
OCCOH_t_1	-1.4207070707070708	0.0	6.8	1.6096032236983652e-16
OCCOH_t_1	-1.412121212121212	0.0	6.8	1.4012114906388148e-16
OCCOH_t_1	-1.4035353535353536	0.0	6.8	1.2097562838883815e-16
OCCOH_t_1	-1.394949494949495	0.0	6.8	1.0366337476912123e-16
OCCOH_t_1	-1.3863636363636365	0.0	6.8	8.823158065682338e-17
OCCOH_t_1	-1.3777777777777778	0.0	6.8	7.465027746438027e-17
OCCOH_t_1	-1.3691919191919193	0.0	6.8	6.283079546812524e-17
OCCOH_t_1	-1.3606060606060606	0.0	6.8	5.26443670846864e-17
OCCOH_t_1	-1.352020202020202	0.0	6.8	4.393877806681614e-17
OCCOH_t_1	-1.3434343434343434	0.0	6.8	3.655195673799688e-17
OCCOH_t_1	-1.334848484848485	0.0	6.8	3.032218645517432e-17
OCCOH_t_1	-1.3262626262626265	0.0	6.8	2.509515518535776e-17
OCCOH_t_1	-1.3176767676767678	0.0	6.8	2.072833691071348e-17
OCCOH_t_1	-1.309090909090909	0.0	6.8	1.7093294594802766e-17
OCCOH_t_1	-1.3005050505050506	0.0	6.8	1.4076472670918806e-17
OCCOH_t_1	-1.291919191919192	0.0	6.8	1.1578965498947085e-17
OCCOH_t_1	-1.2833333333333334	0.0	6.8	9.515646327842084e-18
OCCOH_t_1	-1.2747474747474747	0.0	6.8	7.813942169571555e-18
OCCOH_t_1	-1.2661616161616165	0.0	6.8	6.412454854768087e-18
OCCOH_t_1	-1.2575757575757576	0.0	6.8	5.259561006944817e-18
OCCOH_t_1	-1.248989898989899	0.0	6.8	4.312073150359863e-18
OCCOH_t_1	-1.2404040404040404	0.0	6.8	3.5340081618758214e-18
OCCOH_t_1	-1.231818181818182	0.0	6.8	2.8954847493750907e-18
OCCOH_t_1	-1.2232323232323232	0.0	6.8	2.371755705729039e-18
OCCOH_t_1	-1.2146464646464648	0.0	6.8	1.942370918602582e-18
OCCOH_t_1	-1.206060606060606	0.0	6.8	1.5904616062424925e-18
OCCOH_t_1	-1.1974747474747476	0.0	6.8	1.302133574631235e-18
OCCOH_t_1	-1.1888888888888889	0.0	6.8	1.065956429320987e-18
OCCOH_t_1	-1.1803030303030304	0.0	6.8	8.72535914453326e-19
OCCOH_t_1	-1.1717171717171715	0.0	6.8	7.14157411632394e-19
OCCOH_t_1	-1.1631313131313132	0.0	6.8	5.844897980894522e-19
OCCOH_t_1	-1.1545454545454543	0.0	6.8	4.783401383753279e-19
OCCOH_t_1	-1.145959595959596	0.0	6.8	3.914509468403502e-19
OCCOH_t_1	-1.1373737373737374	0.0	6.8	3.203329418851751e-19
OCCOH_t_1	-1.128787878787879	0.0	6.8	2.6212728370083753e-19
OCCOH_t_1	-1.1202020202020202	0.0	6.8	2.1449223265580189e-19
OCCOH_t_1	-1.1116161616161615	0.0	6.8	1.7550998668885544e-19
OCCOH_t_1	-1.103030303030303	0.0	6.8	1.4361016228900037e-19
OCCOH_t_1	-1.0944444444444446	0.0	6.8	1.1750698786060888e-19
OCCOH_t_1	-1.085858585858586	0.0	6.8	9.614779123679872e-20
OCCOH_t_1	-1.0772727272727274	0.0	6.8	7.867078867705572e-20
OCCOH_t_1	-1.068686868686869	0.0	6.8	6.437052351111352e-20
OCCOH_t_1	-1.0601010101010102	0.0	6.8	5.266957447683909e-20
OCCOH_t_1	-1.0515151515151515	0.0	6.8	4.3095384866672054e-20
OCCOH_t_1	-1.042929292929293	0.0	6.8	3.52612716635349e-20
OCCOH_t_1	-1.0343434343434343	0.0	6.8	2.8850855831781155e-20
OCCOH_t_1	-1.025757575757576	0.0	6.8	2.360530265838657e-20
OCCOH_t_1	-1.0171717171717172	0.0	6.8	1.931287572940317e-20
OCCOH_t_1	-1.0085858585858587	0.0	6.8	1.5800397496388036e-20
OCCOH_t_1	-1.0	0.0	6.8	1.2926277510977925e-20
OCCOH_t_1	-1.85	-3.0	6.8	3.7793883535140366e-21
OCCOH_t_1	-1.8414141414141416	-3.0	6.8	5.264877810178898e-21
OCCOH_t_1	-1.8328282828282831	-3.0	6.8	7.330494803821063e-21
OCCOH_t_1	-1.8242424242424244	-3.0	6.8	1.0200405908147784e-20
OCCOH_t_1	-1.8156565656565655	-3.0	6.8	1.4183882893835462e-20
OCCOH_t_1	-1.8070707070707075	-3.0	6.8	1.9706662191108327e-20
OCCOH_t_1	-1.7984848484848486	-3.0	6.8	2.7353269779916774e-20
OCCOH_t_1	-1.78989898989899	-3.0	6.8	3.792378461350984e-20
OCCOH_t_1	-1.7813131313131314	-3.0	6.8	5.25093947688033e-20
OCCOH_t_1	-1.772727272727273	-3.0	6.8	7.259207084382104e-20
OCCOH_t_1	-1.7641414141414142	-3.0	6.8	1.001746573696988e-19
OCCOH_t_1	-1.7555555555555555	-3.0	6.8	1.3794850929111266e-19
OCCOH_t_1	-1.746969696969697	-3.0	6.8	1.8950621865601778e-19
OCCOH_t_1	-1.7383838383838386	-3.0	6.8	2.596065965742633e-19
OCCOH_t_1	-1.72979797979798	-3.0	6.8	3.5449735746935297e-19
OCCOH_t_1	-1.7212121212121212	-3.0	6.8	4.822972195280722e-19
OCCOH_t_1	-1.7126262626262627	-3.0	6.8	6.534326434220992e-19
OCCOH_t_1	-1.7040404040404042	-3.0	6.8	8.811145325001756e-19
OCCOH_t_1	-1.6954545454545455	-3.0	6.8	1.1818266364616665e-18
OCCOH_t_1	-1.6868686868686869	-3.0	6.8	1.5757806230229346e-18
OCCOH_t_1	-1.6782828282828284	-3.0	6.8	2.0872744866664105e-18
OCCOH_t_1	-1.66969696969697	-3.0	6.8	2.744874339140284e-18
OCCOH_t_1	-1.6611111111111112	-3.0	6.8	3.5813293382076395e-18
OCCOH_t_1	-1.6525252525252525	-3.0	6.8	4.6331310595024776e-18
OCCOH_t_1	-1.643939393939394	-3.0	6.8	5.939646961545836e-18
OCCOH_t_1	-1.6353535353535356	-3.0	6.8	7.541795227058224e-18
OCCOH_t_1	-1.6267676767676769	-3.0	6.8	9.480283309316325e-18
OCCOH_t_1	-1.6181818181818182	-3.0	6.8	1.1793497745143369e-17
OCCOH_t_1	-1.6095959595959597	-3.0	6.8	1.4515196370485976e-17
OCCOH_t_1	-1.6010101010101012	-3.0	6.8	1.7672202182232536e-17
OCCOH_t_1	-1.5924242424242423	-3.0	6.8	2.1282318864404826e-17
OCCOH_t_1	-1.5838383838383838	-3.0	6.8	2.5352675246348877e-17
OCCOH_t_1	-1.5752525252525251	-3.0	6.8	2.987866122062499e-17
OCCOH_t_1	-1.5666666666666669	-3.0	6.8	3.484354972004096e-17
OCCOH_t_1	-1.5580808080808082	-3.0	6.8	4.021882158474167e-17
OCCOH_t_1	-1.5494949494949497	-3.0	6.8	4.596513662199348e-17
OCCOH_t_1	-1.540909090909091	-3.0	6.8	5.2033836208969444e-17
OCCOH_t_1	-1.5323232323232323	-3.0	6.8	5.836882690854549e-17
OCCOH_t_1	-1.5237373737373738	-3.0	6.8	6.490868202426202e-17
OCCOH_t_1	-1.5151515151515151	-3.0	6.8	7.158880582334267e-17
OCCOH_t_1	-1.5065656565656569	-3.0	6.8	7.834352774354965e-17
OCCOH_t_1	-1.4979797979797982	-3.0	6.8	8.510802486583733e-17
OCCOH_t_1	-1.4893939393939395	-3.0	6.8	9.182000437752828e-17
OCCOH_t_1	-1.4808080808080808	-3.0	6.8	9.842110906233104e-17
OCCOH_t_1	-1.4722222222222223	-3.0	6.8	1.0485803500494643e-16
OCCOH_t_1	-1.4636363636363638	-3.0	6.8	1.1108337016239403e-16
OCCOH_t_1	-1.4550505050505051	-3.0	6.8	1.170561749398475e-16
OCCOH_t_1	-1.4464646464646465	-3.0	6.8	1.149412254352762e-16
OCCOH_t_1	-1.437878787878788	-3.0	6.8	1.0729786391601116e-16
OCCOH_t_1	-1.4292929292929295	-3.0	6.8	9.876589502431658e-17
OCCOH_t_1	-1.4207070707070708	-3.0	6.8	8.97088535069427e-17
OCCOH_t_1	-1.412121212121212	-3.0	6.8	8.047238115773269e-17
OCCOH_t_1	-1.4035353535353536	-3.0	6.8	7.13601457120213e-17
OCCOH_t_1	-1.394949494949495	-3.0	6.8	6.261839183996225e-17
OCCOH_t_1	-1.3863636363636365	-3.0	6.8	5.442952054097889e-17
OCCOH_t_1	-1.3777777777777778	-3.0	6.8	4.691341716089015e-17
OCCOH_t_1	-1.3691919191919193	-3.0	6.8	4.013430701510688e-17
OCCOH_t_1	-1.3606060606060606	-3.0	6.8	3.411071547375645e-17
OCCOH_t_1	-1.352020202020202	-3.0	6.8	2.8826435915369277e-17
OCCOH_t_1	-1.3434343434343434	-3.0	6.8	2.424099191436173e-17
OCCOH_t_1	-1.334848484848485	-3.0	6.8	2.0298694740901e-17
OCCOH_t_1	-1.3262626262626265	-3.0	6.8	1.6935909633661988e-17
OCCOH_t_1	-1.3176767676767678	-3.0	6.8	1.408650418639237e-17
OCCOH_t_1	-1.309090909090909	-3.0	6.8	1.1685665012208146e-17
OCCOH_t_1	-1.3005050505050506	-3.0	6.8	9.672366542040092e-18
OCCOH_t_1	-1.291919191919192	-3.0	6.8	7.990796192876603e-18
OCCOH_t_1	-1.2833333333333334	-3.0	6.8	6.591015989325241e-18
OCCOH_t_1	-1.2747474747474747	-3.0	6.8	5.429095980969318e-18
OCCOH_t_1	-1.2661616161616165	-3.0	6.8	4.466904772546067e-18
OCCOH_t_1	-1.2575757575757576	-3.0	6.8	3.6716956955467695e-18
OCCOH_t_1	-1.248989898989899	-3.0	6.8	3.015587477547361e-18
OCCOH_t_1	-1.2404040404040404	-3.0	6.8	2.4750067568271852e-18
OCCOH_t_1	-1.231818181818182	-3.0	6.8	2.030135969566688e-18
OCCOH_t_1	-1.2232323232323232	-3.0	6.8	1.6643928544502366e-18
OCCOH_t_1	-1.2146464646464648	-3.0	6.8	1.3639557435972504e-18
OCCOH_t_1	-1.206060606060606	-3.0	6.8	1.1173406847800472e-18
OCCOH_t_1	-1.1974747474747476	-3.0	6.8	9.150312019087084e-19
OCCOH_t_1	-1.1888888888888889	-3.0	6.8	7.491583059043289e-19
OCCOH_t_1	-1.1803030303030304	-3.0	6.8	6.132265983449277e-19
OCCOH_t_1	-1.1717171717171715	-3.0	6.8	5.018815580508858e-19
OCCOH_t_1	-1.1631313131313132	-3.0	6.8	4.1071310809217224e-19
OCCOH_t_1	-1.1545454545454543	-3.0	6.8	3.360910585602401e-19
OCCOH_t_1	-1.145959595959596	-3.0	6.8	2.7502855755999364e-19
OCCOH_t_1	-1.1373737373737374	-3.0	6.8	2.2506978678558703e-19
OCCOH_t_1	-1.128787878787879	-3.0	6.8	1.8419785335089084e-19
OCCOH_t_1	-1.1202020202020202	-3.0	6.8	1.507587991465831e-19
OCCOH_t_1	-1.1116161616161615	-3.0	6.8	1.2339830361614945e-19
OCCOH_t_1	-1.103030303030303	-3.0	6.8	1.0100867531485601e-19
OCCOH_t_1	-1.0944444444444446	-3.0	6.8	8.268454303407407e-20
OCCOH_t_1	-1.085858585858586	-3.0	6.8	6.768606310563054e-20
OCCOH_t_1	-1.0772727272727274	-3.0	6.8	5.540859577457082e-20
OCCOH_t_1	-1.068686868686869	-3.0	6.8	4.535786099385468e-20
OCCOH_t_1	-1.0601010101010102	-3.0	6.8	3.712965822524966e-20
OCCOH_t_1	-1.0515151515151515	-3.0	6.8	3.039334022887389e-20
OCCOH_t_1	-1.042929292929293	-3.0	6.8	2.4878351065953404e-20
OCCOH_t_1	-1.0343434343434343	-3.0	6.8	2.036325624635265e-20
OCCOH_t_1	-1.025757575757576	-3.0	6.8	1.6666798182450734e-20
OCCOH_t_1	-1.0171717171717172	-3.0	6.8	1.3640599455669094e-20
OCCOH_t_1	-1.0085858585858587	-3.0	6.8	1.1163209746201424e-20
OCCOH_t_1	-1.0	-3.0	6.8	9.135248949574686e-21
OCCO_t_1	-1.85	0.0	6.8	9.256659288179835e-17
OCCO_t_1	-1.8414141414141416	0.0	6.8	1.0016427241843287e-16
OCCO_t_1	-1.8328282828282831	0.0	6.8	1.0773579107516231e-16
OCCO_t_1	-1.8242424242424244	0.0	6.8	1.1523282968113674e-16
OCCO_t_1	-1.8156565656565655	0.0	6.8	1.2261214188633267e-16
OCCO_t_1	-1.8070707070707075	0.0	6.8	1.2983588474542027e-16
OCCO_t_1	-1.7984848484848486	0.0	6.8	1.3687172782789438e-16
OCCO_t_1	-1.78989898989899	0.0	6.8	1.4369278059887568e-16
OCCO_t_1	-1.7813131313131314	0.0	6.8	1.50277377659073e-16
OCCO_t_1	-1.772727272727273	0.0	6.8	1.5660875909149968e-16
OCCO_t_1	-1.7641414141414142	0.0	6.8	1.6267467869475416e-16
OCCO_t_1	-1.7555555555555555	0.0	6.8	1.6846696865784715e-16
OCCO_t_1	-1.746969696969697	0.0	6.8	1.739810838907386e-16
OCCO_t_1	-1.7383838383838386	0.0	6.8	1.792156444964034e-16
OCCO_t_1	-1.72979797979798	0.0	6.8	1.8417199047170964e-16
OCCO_t_1	-1.7212121212121212	0.0	6.8	1.888537588479537e-16
OCCO_t_1	-1.7126262626262627	0.0	6.8	1.9326649020510943e-16
OCCO_t_1	-1.7040404040404042	0.0	6.8	1.9741726880560038e-16
OCCO_t_1	-1.6954545454545455	0.0	6.8	2.0131439845500052e-16
OCCO_t_1	-1.6868686868686869	0.0	6.8	2.0496711454986952e-16
OCCO_t_1	-1.6782828282828284	0.0	6.8	2.0838533154936199e-16
OCCO_t_1	-1.66969696969697	0.0	6.8	2.1157942423833807e-16
OCCO_t_1	-1.6611111111111112	0.0	6.8	2.1456004056985184e-16
OCCO_t_1	-1.6525252525252525	0.0	6.8	2.17337943524682e-16
OCCO_t_1	-1.643939393939394	0.0	6.8	2.199238792530965e-16
OCCO_t_1	-1.6353535353535356	0.0	6.8	2.22328468725272e-16
OCCO_t_1	-1.6267676767676769	0.0	6.8	2.2456212017529905e-16
OCCO_t_1	-1.6181818181818182	0.0	6.8	2.266349597500617e-16
OCCO_t_1	-1.6095959595959597	0.0	6.8	2.285567779451756e-16
OCCO_t_1	-1.6010101010101012	0.0	6.8	2.303369896076268e-16
OCCO_t_1	-1.5924242424242423	0.0	6.8	2.3198460549516383e-16
OCCO_t_1	-1.5838383838383838	0.0	6.8	2.335082135958945e-16
OCCO_t_1	-1.5752525252525251	0.0	6.8	2.3491596862083903e-16
OCCO_t_1	-1.5666666666666669	0.0	6.8	2.362155882825573e-16
OCCO_t_1	-1.5580808080808082	0.0	6.8	2.374143551612938e-16
OCCO_t_1	-1.5494949494949497	0.0	6.8	2.385191231344753e-16
OCCO_t_1	-1.540909090909091	0.0	6.8	2.3953632750480117e-16
OCCO_t_1	-1.5323232323232323	0.0	6.8	2.404719981060016e-16
OCCO_t_1	-1.5237373737373738	0.0	6.8	2.413317747931522e-16
OCCO_t_1	-1.5151515151515151	0.0	6.8	2.421209248356674e-16
OCCO_t_1	-1.5065656565656569	0.0	6.8	2.4284436182479785e-16
OCCO_t_1	-1.4979797979797982	0.0	6.8	2.4350666578218413e-16
OCCO_t_1	-1.4893939393939395	0.0	6.8	2.441121042097653e-16
OCCO_t_1	-1.4808080808080808	0.0	6.8	2.4466465385173867e-16
OCCO_t_1	-1.4722222222222223	0.0	6.8	2.451680229440599e-16
OCCO_t_1	-1.4636363636363638	0.0	6.8	2.456256737048832e-16
OCCO_t_1	-1.4550505050505051	0.0	6.8	2.4604084477130764e-16
OCCO_t_1	-1.4464646464646465	0.0	6.8	2.6207919440140225e-16
OCCO_t_1	-1.437878787878788	0.0	6.8	2.868530052286691e-16
OCCO_t_1	-1.4292929292929295	0.0	6.8	3.1086975611176623e-16
OCCO_t_1	-1.4207070707070708	0.0	6.8	3.3371016497599e-16
OCCO_t_1	-1.412121212121212	0.0	6.8	3.5503957302496714e-16
OCCO_t_1	-1.4035353535353536	0.0	6.8	3.746221303163615e-16
OCCO_t_1	-1.394949494949495	0.0	6.8	3.9232262628502883e-16
OCCO_t_1	-1.3863636363636365	0.0	6.8	4.080980712291209e-16
OCCO_t_1	-1.3777777777777778	0.0	6.8	4.2198243989958364e-16
OCCO_t_1	-1.3691919191919193	0.0	6.8	4.340682103717471e-16
OCCO_t_1	-1.3606060606060606	0.0	6.8	4.444877552354263e-16
OCCO_t_1	-1.352020202020202	0.0	6.8	4.53396682326003e-16
OCCO_t_1	-1.3434343434343434	0.0	6.8	4.609602367399828e-16
OCCO_t_1	-1.334848484848485	0.0	6.8	4.673430806602808e-16
OCCO_t_1	-1.3262626262626265	0.0	6.8	4.727022384741168e-16
OCCO_t_1	-1.3176767676767678	0.0	6.8	4.77182713371834e-16
OCCO_t_1	-1.309090909090909	0.0	6.8	4.809151861003382e-16
OCCO_t_1	-1.3005050505050506	0.0	6.8	4.840152278666387e-16
OCCO_t_1	-1.291919191919192	0.0	6.8	4.865835405505917e-16
OCCO_t_1	-1.2833333333333334	0.0	6.8	4.887068390660508e-16
OCCO_t_1	-1.2747474747474747	0.0	6.8	4.904590897304753e-16
OCCO_t_1	-1.2661616161616165	0.0	6.8	4.919029036271651e-16
OCCO_t_1	-1.2575757575757576	0.0	6.8	4.930909515374221e-16
OCCO_t_1	-1.248989898989899	0.0	6.8	4.940673176448536e-16
OCCO_t_1	-1.2404040404040404	0.0	6.8	4.948687453422269e-16
OCCO_t_1	-1.231818181818182	0.0	6.8	4.955257531268229e-16
OCCO_t_1	-1.2232323232323232	0.0	6.8	4.960636146277226e-16
OCCO_t_1	-1.2146464646464648	0.0	6.8	4.965032066969587e-16
OCCO_t_1	-1.206060606060606	0.0	6.8	4.9686173513009365e-16
OCCO_t_1	-1.1974747474747476	0.0	6.8	4.97153350400993e-16
OCCO_t_1	-1.1888888888888889	0.0	6.8	4.973896668523748e-16
OCCO_t_1	-1.1803030303030304	0.0	6.8	4.975801988349533e-16
OCCO_t_1	-1.1717171717171715	0.0	6.8	4.977327268781004e-16
OCCO_t_1	-1.1631313131313132	0.0	6.8	4.978536064944953e-16
OCCO_t_1	-1.1545454545454543	0.0	6.8	4.979480319183743e-16
OCCO_t_1	-1.145959595959596	0.0	6.8	4.980202669731098e-16
OCCO_t_1	-1.1373737373737374	0.0	6.8	4.980738548872212e-16
OCCO_t_1	-1.128787878787879	0.0	6.8	4.981118167466603e-16
OCCO_t_1	-1.1202020202020202	0.0	6.8	4.981368413620248e-16
OCCO_t_1	-1.1116161616161615	0.0	6.8	4.98151453796315e-16
OCCO_t_1	-1.103030303030303	0.0	6.8	4.981581256896405e-16
OCCO_t_1	-1.0944444444444446	0.0	6.8	4.981592713008641e-16
OCCO_t_1	-1.085858585858586	0.0	6.8	4.981570884829014e-16
OCCO_t_1	-1.0772727272727274	0.0	6.8	4.981532717064868e-16
OCCO_t_1	-1.068686868686869	0.0	6.8	4.981487053276393e-16
OCCO_t_1	-1.0601010101010102	0.0	6.8	4.981432592702975e-16
OCCO_t_1	-1.0515151515151515	0.0	6.8	4.981357341591958e-16
OCCO_t_1	-1.042929292929293	0.0	6.8	4.981239141919249e-16
OCCO_t_1	-1.0343434343434343	0.0	6.8	4.981046685319046e-16
OCCO_t_1	-1.025757575757576	0.0	6.8	4.980741218091926e-16
OCCO_t_1	-1.0171717171717172	0.0	6.8	4.980280996607068e-16
OCCO_t_1	-1.0085858585858587	0.0	6.8	4.979633892227226e-16
OCCO_t_1	-1.0	0.0	6.8	4.978808030280994e-16
OCCO_t_1	-1.85	-3.0	6.8	3.779388353514038e-21
OCCO_t_1	-1.8414141414141416	-3.0	6.8	5.2648778101788985e-21
OCCO_t_1	-1.8328282828282831	-3.0	6.8	7.330494803821065e-21
OCCO_t_1	-1.8242424242424244	-3.0	6.8	1.0200405908147786e-20
OCCO_t_1	-1.8156565656565655	-3.0	6.8	1.418388289383547e-20
OCCO_t_1	-1.8070707070707075	-3.0	6.8	1.9706662191108336e-20
OCCO_t_1	-1.7984848484848486	-3.0	6.8	2.735326977991679e-20
OCCO_t_1	-1.78989898989899	-3.0	6.8	3.7923784613509886e-20
OCCO_t_1	-1.7813131313131314	-3.0	6.8	5.250939476880338e-20
OCCO_t_1	-1.772727272727273	-3.0	6.8	7.259207084382118e-20
OCCO_t_1	-1.7641414141414142	-3.0	6.8	1.0017465736969908e-19
OCCO_t_1	-1.7555555555555555	-3.0	6.8	1.3794850929111324e-19
OCCO_t_1	-1.746969696969697	-3.0	6.8	1.8950621865601888e-19
OCCO_t_1	-1.7383838383838386	-3.0	6.8	2.5960659657426543e-19
OCCO_t_1	-1.72979797979798	-3.0	6.8	3.5449735746935697e-19
OCCO_t_1	-1.7212121212121212	-3.0	6.8	4.822972195280797e-19
OCCO_t_1	-1.7126262626262627	-3.0	6.8	6.534326434221135e-19
OCCO_t_1	-1.7040404040404042	-3.0	6.8	8.811145325002024e-19
OCCO_t_1	-1.6954545454545455	-3.0	6.8	1.1818266364617164e-18
OCCO_t_1	-1.6868686868686869	-3.0	6.8	1.575780623023028e-18
OCCO_t_1	-1.6782828282828284	-3.0	6.8	2.0872744866665838e-18
OCCO_t_1	-1.66969696969697	-3.0	6.8	2.744874339140601e-18
OCCO_t_1	-1.6611111111111112	-3.0	6.8	3.58132933820822e-18
OCCO_t_1	-1.6525252525252525	-3.0	6.8	4.6331310595035245e-18
OCCO_t_1	-1.643939393939394	-3.0	6.8	5.93964696154771e-18
OCCO_t_1	-1.6353535353535356	-3.0	6.8	7.541795227061548e-18
OCCO_t_1	-1.6267676767676769	-3.0	6.8	9.480283309322161e-18
OCCO_t_1	-1.6181818181818182	-3.0	6.8	1.1793497745153516e-17
OCCO_t_1	-1.6095959595959597	-3.0	6.8	1.4515196370503417e-17
OCCO_t_1	-1.6010101010101012	-3.0	6.8	1.7672202182262204e-17
OCCO_t_1	-1.5924242424242423	-3.0	6.8	2.1282318864454737e-17
OCCO_t_1	-1.5838383838383838	-3.0	6.8	2.5352675246431944e-17
OCCO_t_1	-1.5752525252525251	-3.0	6.8	2.987866122076176e-17
OCCO_t_1	-1.5666666666666669	-3.0	6.8	3.4843549720263777e-17
OCCO_t_1	-1.5580808080808082	-3.0	6.8	4.0218821585100976e-17
OCCO_t_1	-1.5494949494949497	-3.0	6.8	4.596513662256717e-17
OCCO_t_1	-1.540909090909091	-3.0	6.8	5.203383620987672e-17
OCCO_t_1	-1.5323232323232323	-3.0	6.8	5.836882690996727e-17
OCCO_t_1	-1.5237373737373738	-3.0	6.8	6.490868202647084e-17
OCCO_t_1	-1.5151515151515151	-3.0	6.8	7.158880582674605e-17
OCCO_t_1	-1.5065656565656569	-3.0	6.8	7.834352774875284e-17
OCCO_t_1	-1.4979797979797982	-3.0	6.8	8.510802487373395e-17
OCCO_t_1	-1.4893939393939395	-3.0	6.8	9.182000438943006e-17
OCCO_t_1	-1.4808080808080808	-3.0	6.8	9.842110908015348e-17
OCCO_t_1	-1.4722222222222223	-3.0	6.8	1.0485803503147326e-16
OCCO_t_1	-1.4636363636363638	-3.0	6.8	1.110833702016528e-16
OCCO_t_1	-1.4550505050505051	-3.0	6.8	1.1705617499764192e-16
OCCO_t_1	-1.4464646464646465	-3.0	6.8	1.3054463116427745e-16
OCCO_t_1	-1.437878787878788	-3.0	6.8	1.4893498933046215e-16
OCCO_t_1	-1.4292929292929295	-3.0	6.8	1.675464136717457e-16
OCCO_t_1	-1.4207070707070708	-3.0	6.8	1.859884216361313e-16
OCCO_t_1	-1.412121212121212	-3.0	6.8	2.0390126713504402e-16
OCCO_t_1	-1.4035353535353536	-3.0	6.8	2.2097913573466439e-16
OCCO_t_1	-1.394949494949495	-3.0	6.8	2.369844894121351e-16
OCCO_t_1	-1.3863636363636365	-3.0	6.8	2.517531952317063e-16
OCCO_t_1	-1.3777777777777778	-3.0	6.8	2.6519175694993873e-16
OCCO_t_1	-1.3691919191919193	-3.0	6.8	2.7726892029236804e-16
OCCO_t_1	-1.3606060606060606	-3.0	6.8	2.8800413396582943e-16
OCCO_t_1	-1.352020202020202	-3.0	6.8	2.974550267974401e-16
OCCO_t_1	-1.3434343434343434	-3.0	6.8	3.057054770487932e-16
OCCO_t_1	-1.334848484848485	-3.0	6.8	3.128552272316925e-16
OCCO_t_1	-1.3262626262626265	-3.0	6.8	3.1901147194731933e-16
OCCO_t_1	-1.3176767676767678	-3.0	6.8	3.2428246986434384e-16
OCCO_t_1	-1.309090909090909	-3.0	6.8	3.2877300118380936e-16
OCCO_t_1	-1.3005050505050506	-3.0	6.8	3.325813792490111e-16
OCCO_t_1	-1.291919191919192	-3.0	6.8	3.357976931273915e-16
OCCO_t_1	-1.2833333333333334	-3.0	6.8	3.385029749321714e-16
OCCO_t_1	-1.2747474747474747	-3.0	6.8	3.4076902734891804e-16
OCCO_t_1	-1.2661616161616165	-3.0	6.8	3.426586974265597e-16
OCCO_t_1	-1.2575757575757576	-3.0	6.8	3.4422643294419883e-16
OCCO_t_1	-1.248989898989899	-3.0	6.8	3.4551900308808424e-16
OCCO_t_1	-1.2404040404040404	-3.0	6.8	3.46576304400635e-16
OCCO_t_1	-1.231818181818182	-3.0	6.8	3.4743220646784596e-16
OCCO_t_1	-1.2232323232323232	-3.0	6.8	3.481154208018854e-16
OCCO_t_1	-1.2146464646464648	-3.0	6.8	3.486504014258924e-16
OCCO_t_1	-1.206060606060606	-3.0	6.8	3.49058304326409e-16
OCCO_t_1	-1.1974747474747476	-3.0	6.8	3.493580356218008e-16
OCCO_t_1	-1.1888888888888889	-3.0	6.8	3.4956738375395373e-16
OCCO_t_1	-1.1803030303030304	-3.0	6.8	3.497041298598296e-16
OCCO_t_1	-1.1717171717171715	-3.0	6.8	3.4978685705649563e-16
OCCO_t_1	-1.1631313131313132	-3.0	6.8	3.4983502324014543e-16
OCCO_t_1	-1.1545454545454543	-3.0	6.8	3.498679448558411e-16
OCCO_t_1	-1.145959595959596	-3.0	6.8	3.499028339740336e-16
OCCO_t_1	-1.1373737373737374	-3.0	6.8	3.499526950404169e-16
OCCO_t_1	-1.128787878787879	-3.0	6.8	3.500250949769942e-16
OCCO_t_1	-1.1202020202020202	-3.0	6.8	3.5012229153734563e-16
OCCO_t_1	-1.1116161616161615	-3.0	6.8	3.502424306564385e-16
OCCO_t_1	-1.103030303030303	-3.0	6.8	3.503811399640496e-16
OCCO_t_1	-1.0944444444444446	-3.0	6.8	3.5053295515123293e-16
OCCO_t_1	-1.085858585858586	-3.0	6.8	3.5069232162106924e-16
OCCO_t_1	-1.0772727272727274	-3.0	6.8	3.508541573044477e-16
OCCO_t_1	-1.068686868686869	-3.0	6.8	3.510140744252101e-16
OCCO_t_1	-1.0601010101010102	-3.0	6.8	3.511683765748184e-16
OCCO_t_1	-1.0515151515151515	-3.0	6.8	3.513139259644689e-16
OCCO_t_1	-1.042929292929293	-3.0	6.8	3.51447949179585e-16
OCCO_t_1	-1.0343434343434343	-3.0	6.8	3.515678377778482e-16
OCCO_t_1	-1.025757575757576	-3.0	6.8	3.51671020203839e-16
OCCO_t_1	-1.0171717171717172	-3.0	6.8	3.5175506332270523e-16
OCCO_t_1	-1.0085858585858587	-3.0	6.8	3.518183489430152e-16
OCCO_t_1	-1.0	-3.0	6.8	3.5186194006844824e-16
