Product	Voltage	pressure	pH	TOF_Coverage
CH3CH2OH_g	-1.85	0.0	6.8	0.0052903162812636
CH3CH2OH_g	-1.8414141414141416	0.0	6.8	0.006915942275142
CH3CH2OH_g	-1.8328282828282831	0.0	6.8	0.0090430854752448
CH3CH2OH_g	-1.8242424242424244	0.0	6.8	0.0118268350807004
CH3CH2OH_g	-1.8156565656565655	0.0	6.8	0.0154703125015907
CH3CH2OH_g	-1.8070707070707075	0.0	6.8	0.0202395556833338
CH3CH2OH_g	-1.7984848484848486	0.0	6.8	0.0264830114209361
CH3CH2OH_g	-1.78989898989899	0.0	6.8	0.0346543450199858
CH3CH2OH_g	-1.7813131313131314	0.0	6.8	0.0453425694099505
CH3CH2OH_g	-1.772727272727273	0.0	6.8	0.0593209931018932
CH3CH2OH_g	-1.7641414141414142	0.0	6.8	0.0775997818161274
CH3CH2OH_g	-1.7555555555555555	0.0	6.8	0.101497825210347
CH3CH2OH_g	-1.746969696969697	0.0	6.8	0.1327361256325067
CH3CH2OH_g	-1.7383838383838386	0.0	6.8	0.1735586544049603
CH3CH2OH_g	-1.72979797979798	0.0	6.8	0.2268880466223308
CH3CH2OH_g	-1.7212121212121212	0.0	6.8	0.2965247986347614
CH3CH2OH_g	-1.7126262626262627	0.0	6.8	0.3873994237265687
CH3CH2OH_g	-1.7040404040404042	0.0	6.8	0.5058863377971159
CH3CH2OH_g	-1.6954545454545455	0.0	6.8	0.6601841203352737
CH3CH2OH_g	-1.6868686868686869	0.0	6.8	0.8607554793102884
CH3CH2OH_g	-1.6782828282828284	0.0	6.8	1.1207950876627946
CH3CH2OH_g	-1.66969696969697	0.0	6.8	1.4566438219978146
CH3CH2OH_g	-1.6611111111111112	0.0	6.8	1.887979970084637
CH3CH2OH_g	-1.6525252525252525	0.0	6.8	2.437482266280841
CH3CH2OH_g	-1.643939393939394	0.0	6.8	3.1294959054913662
CH3CH2OH_g	-1.6353535353535356	0.0	6.8	3.987141335477238
CH3CH2OH_g	-1.6267676767676769	0.0	6.8	5.02752215056511
CH3CH2OH_g	-1.6181818181818182	0.0	6.8	6.25551635960928
CH3CH2OH_g	-1.6095959595959597	0.0	6.8	7.658054079018584
CH3CH2OH_g	-1.6010101010101012	0.0	6.8	9.201877211458845
CH3CH2OH_g	-1.5924242424242423	0.0	6.8	10.837012531547623
CH3CH2OH_g	-1.5838383838383838	0.0	6.8	12.505286796835774
CH3CH2OH_g	-1.5752525252525251	0.0	6.8	14.150367347676012
CH3CH2OH_g	-1.5666666666666669	0.0	6.8	15.72550526937199
CH3CH2OH_g	-1.5580808080808082	0.0	6.8	17.19720148422723
CH3CH2OH_g	-1.5494949494949497	0.0	6.8	18.54525941583121
CH3CH2OH_g	-1.540909090909091	0.0	6.8	19.76070780351508
CH3CH2OH_g	-1.5323232323232323	0.0	6.8	20.842979527879656
CH3CH2OH_g	-1.5237373737373738	0.0	6.8	21.797205015984098
CH3CH2OH_g	-1.5151515151515151	0.0	6.8	22.631994921234945
CH3CH2OH_g	-1.5065656565656569	0.0	6.8	23.35778861448118
CH3CH2OH_g	-1.4979797979797982	0.0	6.8	23.765232174521664
CH3CH2OH_g	-1.4893939393939395	0.0	6.8	23.161292066649583
CH3CH2OH_g	-1.4808080808080808	0.0	6.8	22.42113808043605
CH3CH2OH_g	-1.4722222222222223	0.0	6.8	21.57040972571944
CH3CH2OH_g	-1.4636363636363638	0.0	6.8	20.63469967284964
CH3CH2OH_g	-1.4550505050505051	0.0	6.8	19.638588569182183
CH3CH2OH_g	-1.4464646464646465	0.0	6.8	18.60479291755465
CH3CH2OH_g	-1.437878787878788	0.0	6.8	17.553519330055373
CH3CH2OH_g	-1.4292929292929295	0.0	6.8	16.502072210078378
CH3CH2OH_g	-1.4207070707070708	0.0	6.8	15.464713469078166
CH3CH2OH_g	-1.412121212121212	0.0	6.8	14.452736035738845
CH3CH2OH_g	-1.4035353535353536	0.0	6.8	13.474693460974574
CH3CH2OH_g	-1.394949494949495	0.0	6.8	12.5367246087422
CH3CH2OH_g	-1.3863636363636365	0.0	6.8	11.642920150173907
CH3CH2OH_g	-1.3777777777777778	0.0	6.8	10.795690576409212
CH3CH2OH_g	-1.3691919191919193	0.0	6.8	9.996109200252883
CH3CH2OH_g	-1.3606060606060606	0.0	6.8	9.244215468008038
CH3CH2OH_g	-1.352020202020202	0.0	6.8	8.53927279537808
CH3CH2OH_g	-1.3434343434343434	0.0	6.8	7.87998106730386
CH3CH2OH_g	-1.334848484848485	0.0	6.8	7.264647411333152
CH3CH2OH_g	-1.3262626262626265	0.0	6.8	6.691320528765264
CH3CH2OH_g	-1.3176767676767678	0.0	6.8	6.157894358544522
CH3CH2OH_g	-1.309090909090909	0.0	6.8	5.662186636577218
CH3CH2OH_g	-1.3005050505050506	0.0	6.8	5.201997337803139
CH3CH2OH_g	-1.291919191919192	0.0	6.8	4.7751512701402685
CH3CH2OH_g	-1.2833333333333334	0.0	6.8	4.379528358959488
CH3CH2OH_g	-1.2747474747474747	0.0	6.8	4.013084487402536
CH3CH2OH_g	-1.2661616161616165	0.0	6.8	3.673865172107626
CH3CH2OH_g	-1.2575757575757576	0.0	6.8	3.360013863293032
CH3CH2OH_g	-1.248989898989899	0.0	6.8	3.0697762578818986
CH3CH2OH_g	-1.2404040404040404	0.0	6.8	2.801501693904081
CH3CH2OH_g	-1.231818181818182	0.0	6.8	2.5536424413893024
CH3CH2OH_g	-1.2232323232323232	0.0	6.8	2.3247515071873504
CH3CH2OH_g	-1.2146464646464648	0.0	6.8	2.1134794176565346
CH3CH2OH_g	-1.206060606060606	0.0	6.8	1.9185703245703092
CH3CH2OH_g	-1.1974747474747476	0.0	6.8	1.7388576881451046
CH3CH2OH_g	-1.1888888888888889	0.0	6.8	1.573259720506135
CH3CH2OH_g	-1.1803030303030304	0.0	6.8	1.420774718182727
CH3CH2OH_g	-1.1717171717171715	0.0	6.8	1.280476369442492
CH3CH2OH_g	-1.1631313131313132	0.0	6.8	1.1515090884277326
CH3CH2OH_g	-1.1545454545454543	0.0	6.8	1.0330834009272014
CH3CH2OH_g	-1.145959595959596	0.0	6.8	0.9244713846999686
CH3CH2OH_g	-1.1373737373737374	0.0	6.8	0.8250021497698571
CH3CH2OH_g	-1.128787878787879	0.0	6.8	0.7340573309868593
CH3CH2OH_g	-1.1202020202020202	0.0	6.8	0.651066557181435
CH3CH2OH_g	-1.1116161616161615	0.0	6.8	0.5755028600557338
CH3CH2OH_g	-1.103030303030303	0.0	6.8	0.5068779939442172
CH3CH2OH_g	-1.0944444444444446	0.0	6.8	0.4447376574147194
CH3CH2OH_g	-1.085858585858586	0.0	6.8	0.3886566413516551
CH3CH2OH_g	-1.0772727272727274	0.0	6.8	0.3382339754077402
CH3CH2OH_g	-1.068686868686869	0.0	6.8	0.2930882015841077
CH3CH2OH_g	-1.0601010101010102	0.0	6.8	0.2528529625451355
CH3CH2OH_g	-1.0515151515151515	0.0	6.8	0.2171731433140989
CH3CH2OH_g	-1.042929292929293	0.0	6.8	0.1857018361364829
CH3CH2OH_g	-1.0343434343434343	0.0	6.8	0.1580983910614309
CH3CH2OH_g	-1.025757575757576	0.0	6.8	0.1340277462404404
CH3CH2OH_g	-1.0171717171717172	0.0	6.8	0.1131610931887333
CH3CH2OH_g	-1.0085858585858587	0.0	6.8	0.0951777463472143
CH3CH2OH_g	-1.0	0.0	6.8	0.0797678971343812
CH3CH2OH_g	-1.85	-3.0	6.8	3.7793883535140375e-08
CH3CH2OH_g	-1.8414141414141416	-3.0	6.8	5.264877810178899e-08
CH3CH2OH_g	-1.8328282828282831	-3.0	6.8	7.330494803821064e-08
CH3CH2OH_g	-1.8242424242424244	-3.0	6.8	1.0200405908147785e-07
CH3CH2OH_g	-1.8156565656565655	-3.0	6.8	1.4183882893835465e-07
CH3CH2OH_g	-1.8070707070707075	-3.0	6.8	1.9706662191108325e-07
CH3CH2OH_g	-1.7984848484848486	-3.0	6.8	2.7353269779916773e-07
CH3CH2OH_g	-1.78989898989899	-3.0	6.8	3.7923784613509844e-07
CH3CH2OH_g	-1.7813131313131314	-3.0	6.8	5.25093947688033e-07
CH3CH2OH_g	-1.772727272727273	-3.0	6.8	7.259207084382103e-07
CH3CH2OH_g	-1.7641414141414142	-3.0	6.8	1.001746573696988e-06
CH3CH2OH_g	-1.7555555555555555	-3.0	6.8	1.3794850929111269e-06
CH3CH2OH_g	-1.746969696969697	-3.0	6.8	1.8950621865601775e-06
CH3CH2OH_g	-1.7383838383838386	-3.0	6.8	2.5960659657426333e-06
CH3CH2OH_g	-1.72979797979798	-3.0	6.8	3.54497357469353e-06
CH3CH2OH_g	-1.7212121212121212	-3.0	6.8	4.822972195280722e-06
CH3CH2OH_g	-1.7126262626262627	-3.0	6.8	6.534326434220992e-06
CH3CH2OH_g	-1.7040404040404042	-3.0	6.8	8.811145325001755e-06
CH3CH2OH_g	-1.6954545454545455	-3.0	6.8	1.1818266364616664e-05
CH3CH2OH_g	-1.6868686868686869	-3.0	6.8	1.5757806230229345e-05
CH3CH2OH_g	-1.6782828282828284	-3.0	6.8	2.0872744866664103e-05
CH3CH2OH_g	-1.66969696969697	-3.0	6.8	2.744874339140284e-05
CH3CH2OH_g	-1.6611111111111112	-3.0	6.8	3.581329338207641e-05
CH3CH2OH_g	-1.6525252525252525	-3.0	6.8	4.633131059502478e-05
CH3CH2OH_g	-1.643939393939394	-3.0	6.8	5.939646961545836e-05
CH3CH2OH_g	-1.6353535353535356	-3.0	6.8	7.541795227058224e-05
CH3CH2OH_g	-1.6267676767676769	-3.0	6.8	9.480283309316324e-05
CH3CH2OH_g	-1.6181818181818182	-3.0	6.8	0.0001195393907187
CH3CH2OH_g	-1.6095959595959597	-3.0	6.8	0.0001532091303254
CH3CH2OH_g	-1.6010101010101012	-3.0	6.8	0.0001973130234561
CH3CH2OH_g	-1.5924242424242423	-3.0	6.8	0.0002546618768635
CH3CH2OH_g	-1.5838383838383838	-3.0	6.8	0.0003290163748278
CH3CH2OH_g	-1.5752525252525251	-3.0	6.8	0.0004252335893581
CH3CH2OH_g	-1.5666666666666669	-3.0	6.8	0.0005495232542398
CH3CH2OH_g	-1.5580808080808082	-3.0	6.8	0.0007097737196488
CH3CH2OH_g	-1.5494949494949497	-3.0	6.8	0.0009159443607425
CH3CH2OH_g	-1.540909090909091	-3.0	6.8	0.0011805235184521
CH3CH2OH_g	-1.5323232323232323	-3.0	6.8	0.0015190456376757
CH3CH2OH_g	-1.5237373737373738	-3.0	6.8	0.001950650464027
CH3CH2OH_g	-1.5151515151515151	-3.0	6.8	0.0024986502355645
CH3CH2OH_g	-1.5065656565656569	-3.0	6.8	0.0031910465706085
CH3CH2OH_g	-1.4979797979797982	-3.0	6.8	0.0040609065054628
CH3CH2OH_g	-1.4893939393939395	-3.0	6.8	0.0051464677249299
CH3CH2OH_g	-1.4808080808080808	-3.0	6.8	0.0064908003903261
CH3CH2OH_g	-1.4722222222222223	-3.0	6.8	0.0081408161560598
CH3CH2OH_g	-1.4636363636363638	-3.0	6.8	0.0095753494373688
CH3CH2OH_g	-1.4550505050505051	-3.0	6.8	0.0104913609290865
CH3CH2OH_g	-1.4464646464646465	-3.0	6.8	0.0112798069060856
CH3CH2OH_g	-1.437878787878788	-3.0	6.8	0.0119005460430507
CH3CH2OH_g	-1.4292929292929295	-3.0	6.8	0.0123235704925868
CH3CH2OH_g	-1.4207070707070708	-3.0	6.8	0.0125315402864544
CH3CH2OH_g	-1.412121212121212	-3.0	6.8	0.0125203098885092
CH3CH2OH_g	-1.4035353535353536	-3.0	6.8	0.0122985928979781
CH3CH2OH_g	-1.394949494949495	-3.0	6.8	0.0118866582822827
CH3CH2OH_g	-1.3863636363636365	-3.0	6.8	0.0113130568990411
CH3CH2OH_g	-1.3777777777777778	-3.0	6.8	0.0106115631609457
CH3CH2OH_g	-1.3691919191919193	-3.0	6.8	0.0098181501834684
CH3CH2OH_g	-1.3606060606060606	-3.0	6.8	0.008968280588859
CH3CH2OH_g	-1.352020202020202	-3.0	6.8	0.0080947089625484
CH3CH2OH_g	-1.3434343434343434	-3.0	6.8	0.0072259032763131
CH3CH2OH_g	-1.334848484848485	-3.0	6.8	0.0063851095847904
CH3CH2OH_g	-1.3262626262626265	-3.0	6.8	0.0055900127873726
CH3CH2OH_g	-1.3176767676767678	-3.0	6.8	0.0048528928151349
CH3CH2OH_g	-1.309090909090909	-3.0	6.8	0.0041811448984885
CH3CH2OH_g	-1.3005050505050506	-3.0	6.8	0.0035780251832265
CH3CH2OH_g	-1.291919191919192	-3.0	6.8	0.0030434951476241
CH3CH2OH_g	-1.2833333333333334	-3.0	6.8	0.0025750633754649
CH3CH2OH_g	-1.2747474747474747	-3.0	6.8	0.0021685538435321
CH3CH2OH_g	-1.2661616161616165	-3.0	6.8	0.0018187596938452
CH3CH2OH_g	-1.2575757575757576	-3.0	6.8	0.0015199663459094
CH3CH2OH_g	-1.248989898989899	-3.0	6.8	0.001266345922623
CH3CH2OH_g	-1.2404040404040404	-3.0	6.8	0.0010522362943905
CH3CH2OH_g	-1.231818181818182	-3.0	6.8	0.0008723236749715
CH3CH2OH_g	-1.2232323232323232	-3.0	6.8	0.0007217491613791
CH3CH2OH_g	-1.2146464646464648	-3.0	6.8	0.0005961584111703
CH3CH2OH_g	-1.206060606060606	-3.0	6.8	0.000491711036931
CH3CH2OH_g	-1.1974747474747476	-3.0	6.8	0.0004050631625034
CH3CH2OH_g	-1.1888888888888889	-3.0	6.8	0.0003333334932401
CH3CH2OH_g	-1.1803030303030304	-3.0	6.8	0.0002740605091034
CH3CH2OH_g	-1.1717171717171715	-3.0	6.8	0.0002251561205042
CH3CH2OH_g	-1.1631313131313132	-3.0	6.8	0.0001848593475285
CH3CH2OH_g	-1.1545454545454543	-3.0	6.8	0.0001516922507123
CH3CH2OH_g	-1.145959595959596	-3.0	6.8	0.0001244193891216
CH3CH2OH_g	-1.1373737373737374	-3.0	6.8	0.0001020114334581
CH3CH2OH_g	-1.128787878787879	-3.0	6.8	8.361313424353185e-05
CH3CH2OH_g	-1.1202020202020202	-3.0	6.8	6.85155536932646e-05
CH3CH2OH_g	-1.1116161616161615	-3.0	6.8	5.613226272332244e-05
CH3CH2OH_g	-1.103030303030303	-3.0	6.8	4.597908072526467e-05
CH3CH2OH_g	-1.0944444444444446	-3.0	6.8	3.7656905406348135e-05
CH3CH2OH_g	-1.085858585858586	-3.0	6.8	3.083721635058504e-05
CH3CH2OH_g	-1.0772727272727274	-3.0	6.8	2.5249890452091187e-05
CH3CH2OH_g	-1.068686868686869	-3.0	6.8	2.0673011220099763e-05
CH3CH2OH_g	-1.0601010101010102	-3.0	6.8	1.692438570657894e-05
CH3CH2OH_g	-1.0515151515151515	-3.0	6.8	1.3854510479038096e-05
CH3CH2OH_g	-1.042929292929293	-3.0	6.8	1.1340756460923218e-05
CH3CH2OH_g	-1.0343434343434343	-3.0	6.8	9.28257185202843e-06
CH3CH2OH_g	-1.025757575757576	-3.0	6.8	7.597531117990876e-06
CH3CH2OH_g	-1.0171717171717172	-3.0	6.8	6.218084661353845e-06
CH3CH2OH_g	-1.0085858585858587	-3.0	6.8	5.088887317131542e-06
CH3CH2OH_g	-1.0	-3.0	6.8	4.164603684628654e-06
CH4_g	-1.85	0.0	6.8	9068.141437833672
CH4_g	-1.8414141414141416	0.0	6.8	7755.050850766938
CH4_g	-1.8328282828282831	0.0	6.8	6629.216841674778
CH4_g	-1.8242424242424244	0.0	6.8	5664.583842482279
CH4_g	-1.8156565656565655	0.0	6.8	4838.565906191156
CH4_g	-1.8070707070707075	0.0	6.8	4131.625213521526
CH4_g	-1.7984848484848486	0.0	6.8	3526.8901275054013
CH4_g	-1.78989898989899	0.0	6.8	3010.0250529299296
CH4_g	-1.7813131313131314	0.0	6.8	2568.7107606104264
CH4_g	-1.772727272727273	0.0	6.8	2191.9407755762754
CH4_g	-1.7641414141414142	0.0	6.8	1870.300159072124
CH4_g	-1.7555555555555555	0.0	6.8	1595.7431970381592
CH4_g	-1.746969696969697	0.0	6.8	1361.3949069222924
CH4_g	-1.7383838383838386	0.0	6.8	1161.3812089574465
CH4_g	-1.72979797979798	0.0	6.8	990.6836381734364
CH4_g	-1.7212121212121212	0.0	6.8	845.01506363989
CH4_g	-1.7126262626262627	0.0	6.8	720.7133877014948
CH4_g	-1.7040404040404042	0.0	6.8	614.6506322834034
CH4_g	-1.6954545454545455	0.0	6.8	524.155192164996
CH4_g	-1.6868686868686869	0.0	6.8	446.9453556490727
CH4_g	-1.6782828282828284	0.0	6.8	381.0724695525742
CH4_g	-1.66969696969697	0.0	6.8	324.8723654701725
CH4_g	-1.6611111111111112	0.0	6.8	276.92387460594506
CH4_g	-1.6525252525252525	0.0	6.8	236.01344419295108
CH4_g	-1.643939393939394	0.0	6.8	201.1050299699903
CH4_g	-1.6353535353535356	0.0	6.8	171.31456627066208
CH4_g	-1.6267676767676769	0.0	6.8	145.88838297882182
CH4_g	-1.6181818181818182	0.0	6.8	124.18491973855764
CH4_g	-1.6095959595959597	0.0	6.8	105.65900463970856
CH4_g	-1.6010101010101012	0.0	6.8	89.84794956128358
CH4_g	-1.5924242424242423	0.0	6.8	76.35894535931476
CH4_g	-1.5838383838383838	0.0	6.8	64.85769423359349
CH4_g	-1.5752525252525251	0.0	6.8	55.058567509830496
CH4_g	-1.5666666666666669	0.0	6.8	46.71654078555968
CH4_g	-1.5580808080808082	0.0	6.8	39.620843689478896
CH4_g	-1.5494949494949497	0.0	6.8	33.58998975564477
CH4_g	-1.540909090909091	0.0	6.8	28.46778508193153
CH4_g	-1.5323232323232323	0.0	6.8	24.119996651563444
CH4_g	-1.5237373737373738	0.0	6.8	20.43147971982916
CH4_g	-1.5151515151515151	0.0	6.8	17.30365501707662
CH4_g	-1.5065656565656569	0.0	6.8	14.65227915100115
CH4_g	-1.4979797979797982	0.0	6.8	12.409422949917964
CH4_g	-1.4893939393939395	0.0	6.8	10.523392069045942
CH4_g	-1.4808080808080808	0.0	6.8	8.92496990557474
CH4_g	-1.4722222222222223	0.0	6.8	7.570191551578465
CH4_g	-1.4636363636363638	0.0	6.8	6.42178775504414
CH4_g	-1.4550505050505051	0.0	6.8	5.44818601124124
CH4_g	-1.4464646464646465	0.0	6.8	4.622652828612445
CH4_g	-1.437878787878788	0.0	6.8	3.922559117271495
CH4_g	-1.4292929292929295	0.0	6.8	3.3287527664519154
CH4_g	-1.4207070707070708	0.0	6.8	2.8250242817268765
CH4_g	-1.412121212121212	0.0	6.8	2.397652894270285
CH4_g	-1.4035353535353536	0.0	6.8	2.035021917267106
CH4_g	-1.394949494949495	0.0	6.8	1.7272933795393584
CH4_g	-1.3863636363636365	0.0	6.8	1.4661331507985242
CH4_g	-1.3777777777777778	0.0	6.8	1.244478893256486
CH4_g	-1.3691919191919193	0.0	6.8	1.056344219635229
CH4_g	-1.3606060606060606	0.0	6.8	0.8966533925095844
CH4_g	-1.352020202020202	0.0	6.8	0.761101752974199
CH4_g	-1.3434343434343434	0.0	6.8	0.6460378135964678
CH4_g	-1.334848484848485	0.0	6.8	0.548363594116061
CH4_g	-1.3262626262626265	0.0	6.8	0.465450325932404
CH4_g	-1.3176767676767678	0.0	6.8	0.395067113385094
CH4_g	-1.309090909090909	0.0	6.8	0.3353205274273002
CH4_g	-1.3005050505050506	0.0	6.8	0.2846034315055554
CH4_g	-1.291919191919192	0.0	6.8	0.241551610328316
CH4_g	-1.2833333333333334	0.0	6.8	0.2050069985254536
CH4_g	-1.2747474747474747	0.0	6.8	0.1739864954696214
CH4_g	-1.2661616161616165	0.0	6.8	0.1476555110337482
CH4_g	-1.2575757575757576	0.0	6.8	0.1253055200117275
CH4_g	-1.248989898989899	0.0	6.8	0.1063350146359017
CH4_g	-1.2404040404040404	0.0	6.8	0.0902333386302214
CH4_g	-1.231818181818182	0.0	6.8	0.0765669654633816
CH4_g	-1.2232323232323232	0.0	6.8	0.0649678503225509
CH4_g	-1.2146464646464648	0.0	6.8	0.0551235418108228
CH4_g	-1.206060606060606	0.0	6.8	0.0467687871359083
CH4_g	-1.1974747474747476	0.0	6.8	0.0396784049822869
CH4_g	-1.1888888888888889	0.0	6.8	0.0336612344947236
CH4_g	-1.1803030303030304	0.0	6.8	0.0285549978110413
CH4_g	-1.1717171717171715	0.0	6.8	0.0242219381743817
CH4_g	-1.1631313131313132	0.0	6.8	0.0205451165093002
CH4_g	-1.1545454545454543	0.0	6.8	0.0174252670336666
CH4_g	-1.145959595959596	0.0	6.8	0.0147781274812906
CH4_g	-1.1373737373737374	0.0	6.8	0.0125321722342045
CH4_g	-1.128787878787879	0.0	6.8	0.0106266874499397
CH4_g	-1.1202020202020202	0.0	6.8	0.0090101364036986
CH4_g	-1.1116161616161615	0.0	6.8	0.0076387709848785
CH4_g	-1.103030303030303	0.0	6.8	0.0064754517830632
CH4_g	-1.0944444444444446	0.0	6.8	0.005488644614268
CH4_g	-1.085858585858586	0.0	6.8	0.0046515657612383
CH4_g	-1.0772727272727274	0.0	6.8	0.0039414516459377
CH4_g	-1.068686868686869	0.0	6.8	0.0033389310472565
CH4_g	-1.0601010101010102	0.0	6.8	0.0028274791988089
CH4_g	-1.0515151515151515	0.0	6.8	0.0023929330938406
CH4_g	-1.042929292929293	0.0	6.8	0.0020230463444304
CH4_g	-1.0343434343434343	0.0	6.8	0.0017070612507333
CH4_g	-1.025757575757576	0.0	6.8	0.0014352801892343
CH4_g	-1.0171717171717172	0.0	6.8	0.0011986445671618
CH4_g	-1.0085858585858587	0.0	6.8	0.0009884236153328
CH4_g	-1.0	0.0	6.8	0.0007963676359884
CH4_g	-1.85	-3.0	6.8	124.28143331748066
CH4_g	-1.8414141414141416	-3.0	6.8	124.10451535086372
CH4_g	-1.8328282828282831	-3.0	6.8	123.89621003637568
CH4_g	-1.8242424242424244	-3.0	6.8	123.6511173807093
CH4_g	-1.8156565656565655	-3.0	6.8	123.36297334086004
CH4_g	-1.8070707070707075	-3.0	6.8	123.02453653633168
CH4_g	-1.7984848484848486	-3.0	6.8	122.62746987828808
CH4_g	-1.78989898989899	-3.0	6.8	122.1622212188706
CH4_g	-1.7813131313131314	-3.0	6.8	121.6179092187036
CH4_g	-1.772727272727273	-3.0	6.8	120.98222330196232
CH4_g	-1.7641414141414142	-3.0	6.8	120.24134982660502
CH4_g	-1.7555555555555555	-3.0	6.8	119.3799403972696
CH4_g	-1.746969696969697	-3.0	6.8	118.38114236057994
CH4_g	-1.7383838383838386	-3.0	6.8	117.2267155431332
CH4_g	-1.72979797979798	-3.0	6.8	115.89726251264112
CH4_g	-1.7212121212121212	-3.0	6.8	114.37260102199116
CH4_g	-1.7126262626262627	-3.0	6.8	112.63230545953812
CH4_g	-1.7040404040404042	-3.0	6.8	110.65643748058022
CH4_g	-1.6954545454545455	-3.0	6.8	108.4264729986804
CH4_g	-1.6868686868686869	-3.0	6.8	105.9264123803136
CH4_g	-1.6782828282828284	-3.0	6.8	103.14403322866944
CH4_g	-1.66969696969697	-3.0	6.8	100.07221268747256
CH4_g	-1.6611111111111112	-3.0	6.8	96.71021324389856
CH4_g	-1.6525252525252525	-3.0	6.8	93.06479930190328
CH4_g	-1.643939393939394	-3.0	6.8	89.15103926136852
CH4_g	-1.6353535353535356	-3.0	6.8	84.99265657417092
CH4_g	-1.6267676767676769	-3.0	6.8	80.62182697812047
CH4_g	-1.6181818181818182	-3.0	6.8	74.3052944237414
CH4_g	-1.6095959595959597	-3.0	6.8	65.83891770714331
CH4_g	-1.6010101010101012	-3.0	6.8	57.63578209557737
CH4_g	-1.5924242424242423	-3.0	6.8	50.13974752790229
CH4_g	-1.5838383838383838	-3.0	6.8	43.44493251491803
CH4_g	-1.5752525252525251	-3.0	6.8	37.53775694843153
CH4_g	-1.5666666666666669	-3.0	6.8	32.36446018008942
CH4_g	-1.5580808080808082	-3.0	6.8	27.856875854999817
CH4_g	-1.5494949494949497	-3.0	6.8	23.94380671587896
CH4_g	-1.540909090909091	-3.0	6.8	20.55635197263404
CH4_g	-1.5323232323232323	-3.0	6.8	17.630375741819204
CH4_g	-1.5237373737373738	-3.0	6.8	15.107523900987552
CH4_g	-1.5151515151515151	-3.0	6.8	12.935475906165747
CH4_g	-1.5065656565656569	-3.0	6.8	11.067790780457232
CH4_g	-1.4979797979797982	-3.0	6.8	9.463544432678376
CH4_g	-1.4893939393939395	-3.0	6.8	8.086869809890773
CH4_g	-1.4808080808080808	-3.0	6.8	6.906463803498451
CH4_g	-1.4722222222222223	-3.0	6.8	5.895097395936499
CH4_g	-1.4636363636363638	-3.0	6.8	5.029204316857947
CH4_g	-1.4550505050505051	-3.0	6.8	4.288360128639743
CH4_g	-1.4464646464646465	-3.0	6.8	3.654854938332311
CH4_g	-1.437878787878788	-3.0	6.8	3.1134477865736097
CH4_g	-1.4292929292929295	-3.0	6.8	2.6510056758260463
CH4_g	-1.4207070707070708	-3.0	6.8	2.2562241263145517
CH4_g	-1.412121212121212	-3.0	6.8	1.9194449941572929
CH4_g	-1.4035353535353536	-3.0	6.8	1.6323440761235837
CH4_g	-1.394949494949495	-3.0	6.8	1.3876786692914551
CH4_g	-1.3863636363636365	-3.0	6.8	1.1792539000588849
CH4_g	-1.3777777777777778	-3.0	6.8	1.00177148449785
CH4_g	-1.3691919191919193	-3.0	6.8	0.8506998749501448
CH4_g	-1.3606060606060606	-3.0	6.8	0.7221633976776622
CH4_g	-1.352020202020202	-3.0	6.8	0.6128476009056598
CH4_g	-1.3434343434343434	-3.0	6.8	0.5199184243205818
CH4_g	-1.334848484848485	-3.0	6.8	0.440953140935475
CH4_g	-1.3262626262626265	-3.0	6.8	0.373881318183748
CH4_g	-1.3176767676767678	-3.0	6.8	0.3169343031595422
CH4_g	-1.309090909090909	-3.0	6.8	0.2686019615553736
CH4_g	-1.3005050505050506	-3.0	6.8	0.2275955944246166
CH4_g	-1.291919191919192	-3.0	6.8	0.1928161241255798
CH4_g	-1.2833333333333334	-3.0	6.8	0.1633267831216907
CH4_g	-1.2747474747474747	-3.0	6.8	0.1383296591667753
CH4_g	-1.2661616161616165	-3.0	6.8	0.1171455503950682
CH4_g	-1.2575757575757576	-3.0	6.8	0.0991966666981256
CH4_g	-1.248989898989899	-3.0	6.8	0.0839917822543909
CH4_g	-1.2404040404040404	-3.0	6.8	0.0711135007810431
CH4_g	-1.231818181818182	-3.0	6.8	0.0602073423126268
CH4_g	-1.2232323232323232	-3.0	6.8	0.0509724000181857
CH4_g	-1.2146464646464648	-3.0	6.8	0.0431533493082282
CH4_g	-1.206060606060606	-3.0	6.8	0.0365336204753032
CH4_g	-1.1974747474747476	-3.0	6.8	0.0309295713167431
CH4_g	-1.1888888888888889	-3.0	6.8	0.0261855183943093
CH4_g	-1.1803030303030304	-3.0	6.8	0.0221695054731499
CH4_g	-1.1717171717171715	-3.0	6.8	0.0187697057571066
CH4_g	-1.1631313131313132	-3.0	6.8	0.0158913707636037
CH4_g	-1.1545454545454543	-3.0	6.8	0.0134542517683984
CH4_g	-1.145959595959596	-3.0	6.8	0.0113904269241027
CH4_g	-1.1373737373737374	-3.0	6.8	0.0096424667100847
CH4_g	-1.128787878787879	-3.0	6.8	0.0081618675345778
CH4_g	-1.1202020202020202	-3.0	6.8	0.006907691093831
CH4_g	-1.1116161616161615	-3.0	6.8	0.0058453720152647
CH4_g	-1.103030303030303	-3.0	6.8	0.0049456842640996
CH4_g	-1.0944444444444446	-3.0	6.8	0.0041838670241603
CH4_g	-1.085858585858586	-3.0	6.8	0.0035389014449274
CH4_g	-1.0772727272727274	-3.0	6.8	0.0029929159970397
CH4_g	-1.068686868686869	-3.0	6.8	0.0025306919307632
CH4_g	-1.0601010101010102	-3.0	6.8	0.0021392417683011
CH4_g	-1.0515151515151515	-3.0	6.8	0.0018074379519581
CH4_g	-1.042929292929293	-3.0	6.8	0.0015256720175357
CH4_g	-1.0343434343434343	-3.0	6.8	0.0012855265083215
CH4_g	-1.025757575757576	-3.0	6.8	0.0010794461600338
CH4_g	-1.0171717171717172	-3.0	6.8	0.0009004147916608
CH4_g	-1.0085858585858587	-3.0	6.8	0.0007417148539381
CH4_g	-1.0	-3.0	6.8	0.0005970352439113
CHOH_t_1	-1.85	0.0	6.8	5.356421563578817e-05
CHOH_t_1	-1.8414141414141416	0.0	6.8	5.414310467217238e-05
CHOH_t_1	-1.8328282828282831	0.0	6.8	5.470446450974944e-05
CHOH_t_1	-1.8242424242424244	0.0	6.8	5.524978539203539e-05
CHOH_t_1	-1.8156565656565655	0.0	6.8	5.5780356628941735e-05
CHOH_t_1	-1.8070707070707075	0.0	6.8	5.62973021806975e-05
CHOH_t_1	-1.7984848484848486	0.0	6.8	5.680160836366443e-05
CHOH_t_1	-1.78989898989899	0.0	6.8	5.729818307648502e-05
CHOH_t_1	-1.7813131313131314	0.0	6.8	5.779469584528705e-05
CHOH_t_1	-1.772727272727273	0.0	6.8	5.829128506276296e-05
CHOH_t_1	-1.7641414141414142	0.0	6.8	5.878792895523402e-05
CHOH_t_1	-1.7555555555555555	0.0	6.8	5.92845990115432e-05
CHOH_t_1	-1.746969696969697	0.0	6.8	5.978125681991378e-05
CHOH_t_1	-1.7383838383838386	0.0	6.8	6.027784932055884e-05
CHOH_t_1	-1.72979797979798	0.0	6.8	6.077430166537151e-05
CHOH_t_1	-1.7212121212121212	0.0	6.8	6.127050647308599e-05
CHOH_t_1	-1.7126262626262627	0.0	6.8	6.176630768236954e-05
CHOH_t_1	-1.7040404040404042	0.0	6.8	6.226147637794061e-05
CHOH_t_1	-1.6954545454545455	0.0	6.8	6.275567485372307e-05
CHOH_t_1	-1.6868686868686869	0.0	6.8	6.324840381922382e-05
CHOH_t_1	-1.6782828282828284	0.0	6.8	6.373892631663667e-05
CHOH_t_1	-1.66969696969697	0.0	6.8	6.422616140329246e-05
CHOH_t_1	-1.6611111111111112	0.0	6.8	6.470854286223892e-05
CHOH_t_1	-1.6525252525252525	0.0	6.8	6.518384680287572e-05
CHOH_t_1	-1.643939393939394	0.0	6.8	6.564901247790174e-05
CHOH_t_1	-1.6353535353535356	0.0	6.8	6.610001721342873e-05
CHOH_t_1	-1.6267676767676769	0.0	6.8	6.653191202286613e-05
CHOH_t_1	-1.6181818181818182	0.0	6.8	6.693914504595366e-05
CHOH_t_1	-1.6095959595959597	0.0	6.8	6.731623434237702e-05
CHOH_t_1	-1.6010101010101012	0.0	6.8	6.765867012092485e-05
CHOH_t_1	-1.5924242424242423	0.0	6.8	6.796372658478966e-05
CHOH_t_1	-1.5838383838383838	0.0	6.8	6.823084170082293e-05
CHOH_t_1	-1.5752525252525251	0.0	6.8	6.846144730016678e-05
CHOH_t_1	-1.5666666666666669	0.0	6.8	6.865841448178614e-05
CHOH_t_1	-1.5580808080808082	0.0	6.8	6.882539538657268e-05
CHOH_t_1	-1.5494949494949497	0.0	6.8	6.896627112320675e-05
CHOH_t_1	-1.540909090909091	0.0	6.8	6.908478368321712e-05
CHOH_t_1	-1.5323232323232323	0.0	6.8	6.918433724671442e-05
CHOH_t_1	-1.5237373737373738	0.0	6.8	6.926791972559465e-05
CHOH_t_1	-1.5151515151515151	0.0	6.8	6.933809628603252e-05
CHOH_t_1	-1.5065656565656569	0.0	6.8	6.939703976981014e-05
CHOH_t_1	-1.4979797979797982	0.0	6.8	6.94686734916896e-05
CHOH_t_1	-1.4893939393939395	0.0	6.8	6.962975144684447e-05
CHOH_t_1	-1.4808080808080808	0.0	6.8	6.979872581180101e-05
CHOH_t_1	-1.4722222222222223	0.0	6.8	6.997601515135021e-05
CHOH_t_1	-1.4636363636363638	0.0	6.8	7.01616595763326e-05
CHOH_t_1	-1.4550505050505051	0.0	6.8	7.035538734447086e-05
CHOH_t_1	-1.4464646464646465	0.0	6.8	7.055668904206916e-05
CHOH_t_1	-1.437878787878788	0.0	6.8	7.076489208191943e-05
CHOH_t_1	-1.4292929292929295	0.0	6.8	7.097922901398604e-05
CHOH_t_1	-1.4207070707070708	0.0	6.8	7.119889507819858e-05
CHOH_t_1	-1.412121212121212	0.0	6.8	7.142309276989316e-05
CHOH_t_1	-1.4035353535353536	0.0	6.8	7.165106328676095e-05
CHOH_t_1	-1.394949494949495	0.0	6.8	7.188210621460554e-05
CHOH_t_1	-1.3863636363636365	0.0	6.8	7.211558960848601e-05
CHOH_t_1	-1.3777777777777778	0.0	6.8	7.235095284835931e-05
CHOH_t_1	-1.3691919191919193	0.0	6.8	7.258770448417155e-05
CHOH_t_1	-1.3606060606060606	0.0	6.8	7.282541691943491e-05
CHOH_t_1	-1.352020202020202	0.0	6.8	7.306371935402901e-05
CHOH_t_1	-1.3434343434343434	0.0	6.8	7.330229000211618e-05
CHOH_t_1	-1.334848484848485	0.0	6.8	7.354084826137965e-05
CHOH_t_1	-1.3262626262626265	0.0	6.8	7.377914724725799e-05
CHOH_t_1	-1.3176767676767678	0.0	6.8	7.401696691562399e-05
CHOH_t_1	-1.309090909090909	0.0	6.8	7.425410786733826e-05
CHOH_t_1	-1.3005050505050506	0.0	6.8	7.449038584440775e-05
CHOH_t_1	-1.291919191919192	0.0	6.8	7.472562687740409e-05
CHOH_t_1	-1.2833333333333334	0.0	6.8	7.49596630170405e-05
CHOH_t_1	-1.2747474747474747	0.0	6.8	7.519232857146692e-05
CHOH_t_1	-1.2661616161616165	0.0	6.8	7.542345676931359e-05
CHOH_t_1	-1.2575757575757576	0.0	6.8	7.565287677298204e-05
CHOH_t_1	-1.248989898989899	0.0	6.8	7.588041097459175e-05
CHOH_t_1	-1.2404040404040404	0.0	6.8	7.610587251687104e-05
CHOH_t_1	-1.231818181818182	0.0	6.8	7.632906299226636e-05
CHOH_t_1	-1.2232323232323232	0.0	6.8	7.654977028519383e-05
CHOH_t_1	-1.2146464646464648	0.0	6.8	7.676776653449134e-05
CHOH_t_1	-1.206060606060606	0.0	6.8	7.69828062053931e-05
CHOH_t_1	-1.1974747474747476	0.0	6.8	7.719462427199805e-05
CHOH_t_1	-1.1888888888888889	0.0	6.8	7.740293452031774e-05
CHOH_t_1	-1.1803030303030304	0.0	6.8	7.76074279840333e-05
CHOH_t_1	-1.1717171717171715	0.0	6.8	7.780777151052509e-05
CHOH_t_1	-1.1631313131313132	0.0	6.8	7.800360640382172e-05
CHOH_t_1	-1.1545454545454543	0.0	6.8	7.819454696422641e-05
CHOH_t_1	-1.145959595959596	0.0	6.8	7.838017846318842e-05
CHOH_t_1	-1.1373737373737374	0.0	6.8	7.856005350260567e-05
CHOH_t_1	-1.128787878787879	0.0	6.8	7.873368450971931e-05
CHOH_t_1	-1.1202020202020202	0.0	6.8	7.89005277266857e-05
CHOH_t_1	-1.1116161616161615	0.0	6.8	7.905994932860304e-05
CHOH_t_1	-1.103030303030303	0.0	6.8	7.921115503081269e-05
CHOH_t_1	-1.0944444444444446	0.0	6.8	7.935304642579729e-05
CHOH_t_1	-1.085858585858586	0.0	6.8	7.948393199114042e-05
CHOH_t_1	-1.0772727272727274	0.0	6.8	7.960095215860296e-05
CHOH_t_1	-1.068686868686869	0.0	6.8	7.969894524933434e-05
CHOH_t_1	-1.0601010101010102	0.0	6.8	7.976822638528785e-05
CHOH_t_1	-1.0515151515151515	0.0	6.8	7.979026852923332e-05
CHOH_t_1	-1.042929292929293	0.0	6.8	7.972938331579731e-05
CHOH_t_1	-1.0343434343434343	0.0	6.8	7.951694793466754e-05
CHOH_t_1	-1.025757575757576	0.0	6.8	7.902238557904012e-05
CHOH_t_1	-1.0171717171717172	0.0	6.8	7.800296827843186e-05
CHOH_t_1	-1.0085858585858587	0.0	6.8	7.602821936034323e-05
CHOH_t_1	-1.0	0.0	6.8	7.240344682278326e-05
CHOH_t_1	-1.85	-3.0	6.8	7.341129767476456e-07
CHOH_t_1	-1.8414141414141416	-3.0	6.8	8.664555522257855e-07
CHOH_t_1	-1.8328282828282831	-3.0	6.8	1.0223951625751508e-06
CHOH_t_1	-1.8242424242424244	-3.0	6.8	1.2060376559065951e-06
CHOH_t_1	-1.8156565656565655	-3.0	6.8	1.4221640930420863e-06
CHOH_t_1	-1.8070707070707075	-3.0	6.8	1.6763267559557292e-06
CHOH_t_1	-1.7984848484848486	-3.0	6.8	1.974953002509854e-06
CHOH_t_1	-1.78989898989899	-3.0	6.8	2.325455196276192e-06
CHOH_t_1	-1.7813131313131314	-3.0	6.8	2.736343705418993e-06
CHOH_t_1	-1.772727272727273	-3.0	6.8	3.217338335447683e-06
CHOH_t_1	-1.7641414141414142	-3.0	6.8	3.7794714904417994e-06
CHOH_t_1	-1.7555555555555555	-3.0	6.8	4.435173837122991e-06
CHOH_t_1	-1.746969696969697	-3.0	6.8	5.1983303342961125e-06
CHOH_t_1	-1.7383838383838386	-3.0	6.8	6.084291354745465e-06
CHOH_t_1	-1.72979797979798	-3.0	6.8	7.109820591699528e-06
CHOH_t_1	-1.7212121212121212	-3.0	6.8	8.292959032353328e-06
CHOH_t_1	-1.7126262626262627	-3.0	6.8	9.65278324594177e-06
CHOH_t_1	-1.7040404040404042	-3.0	6.8	1.120903752259966e-05
CHOH_t_1	-1.6954545454545455	-3.0	6.8	1.298162405420632e-05
CHOH_t_1	-1.6868686868686869	-3.0	6.8	1.4989944287796036e-05
CHOH_t_1	-1.6782828282828284	-3.0	6.8	1.725209826599179e-05
CHOH_t_1	-1.66969696969697	-3.0	6.8	1.9783966794494546e-05
CHOH_t_1	-1.6611111111111112	-3.0	6.8	2.2598222017914425e-05
CHOH_t_1	-1.6525252525252525	-3.0	6.8	2.5703332456185697e-05
CHOH_t_1	-1.643939393939394	-3.0	6.8	2.9102644684215117e-05
CHOH_t_1	-1.6353535353535356	-3.0	6.8	3.2793631259907176e-05
CHOH_t_1	-1.6267676767676769	-3.0	6.8	3.676738975269967e-05
CHOH_t_1	-1.6181818181818182	-3.0	6.8	4.005265877281327e-05
CHOH_t_1	-1.6095959595959597	-3.0	6.8	4.194640024928545e-05
CHOH_t_1	-1.6010101010101012	-3.0	6.8	4.340145409602763e-05
CHOH_t_1	-1.5924242424242423	-3.0	6.8	4.462663029574001e-05
CHOH_t_1	-1.5838383838383838	-3.0	6.8	4.57036385268055e-05
CHOH_t_1	-1.5752525252525251	-3.0	6.8	4.667448334419383e-05
CHOH_t_1	-1.5666666666666669	-3.0	6.8	4.756406734954705e-05
CHOH_t_1	-1.5580808080808082	-3.0	6.8	4.838851681423372e-05
CHOH_t_1	-1.5494949494949497	-3.0	6.8	4.91589106423028e-05
CHOH_t_1	-1.540909090909091	-3.0	6.8	4.9883177608086885e-05
CHOH_t_1	-1.5323232323232323	-3.0	6.8	5.0567152929846926e-05
CHOH_t_1	-1.5237373737373738	-3.0	6.8	5.121520774434081e-05
CHOH_t_1	-1.5151515151515151	-3.0	6.8	5.183064428888516e-05
CHOH_t_1	-1.5065656565656569	-3.0	6.8	5.241595473540863e-05
CHOH_t_1	-1.4979797979797982	-3.0	6.8	5.297299706958458e-05
CHOH_t_1	-1.4893939393939395	-3.0	6.8	5.350311900914452e-05
CHOH_t_1	-1.4808080808080808	-3.0	6.8	5.400724911273936e-05
CHOH_t_1	-1.4722222222222223	-3.0	6.8	5.448596775838296e-05
CHOH_t_1	-1.4636363636363638	-3.0	6.8	5.494016851182752e-05
CHOH_t_1	-1.4550505050505051	-3.0	6.8	5.537051765348136e-05
CHOH_t_1	-1.4464646464646465	-3.0	6.8	5.577680620372817e-05
CHOH_t_1	-1.437878787878788	-3.0	6.8	5.6159173922264e-05
CHOH_t_1	-1.4292929292929295	-3.0	6.8	5.651773901065483e-05
CHOH_t_1	-1.4207070707070708	-3.0	6.8	5.685263883160562e-05
CHOH_t_1	-1.412121212121212	-3.0	6.8	5.716595671463672e-05
CHOH_t_1	-1.4035353535353536	-3.0	6.8	5.746004256284824e-05
CHOH_t_1	-1.394949494949495	-3.0	6.8	5.773437010750741e-05
CHOH_t_1	-1.3863636363636365	-3.0	6.8	5.798862240551838e-05
CHOH_t_1	-1.3777777777777778	-3.0	6.8	5.82227269270842e-05
CHOH_t_1	-1.3691919191919193	-3.0	6.8	5.843685916987856e-05
CHOH_t_1	-1.3606060606060606	-3.0	6.8	5.8631435366012354e-05
CHOH_t_1	-1.352020202020202	-3.0	6.8	5.880709464244224e-05
CHOH_t_1	-1.3434343434343434	-3.0	6.8	5.896467193260345e-05
CHOH_t_1	-1.334848484848485	-3.0	6.8	5.91051637327099e-05
CHOH_t_1	-1.3262626262626265	-3.0	6.8	5.922968933623149e-05
CHOH_t_1	-1.3176767676767678	-3.0	6.8	5.933945039162136e-05
CHOH_t_1	-1.309090909090909	-3.0	6.8	5.943569149689755e-05
CHOH_t_1	-1.3005050505050506	-3.0	6.8	5.951966411819409e-05
CHOH_t_1	-1.291919191919192	-3.0	6.8	5.959259549541303e-05
CHOH_t_1	-1.2833333333333334	-3.0	6.8	5.965566349705863e-05
CHOH_t_1	-1.2747474747474747	-3.0	6.8	5.970997772133853e-05
CHOH_t_1	-1.2661616161616165	-3.0	6.8	5.975656659480332e-05
CHOH_t_1	-1.2575757575757576	-3.0	6.8	5.979636983648955e-05
CHOH_t_1	-1.248989898989899	-3.0	6.8	5.9830235441176864e-05
CHOH_t_1	-1.2404040404040404	-3.0	6.8	5.985892027076915e-05
CHOH_t_1	-1.231818181818182	-3.0	6.8	5.988309339654301e-05
CHOH_t_1	-1.2232323232323232	-3.0	6.8	5.990334147511489e-05
CHOH_t_1	-1.2146464646464648	-3.0	6.8	5.99201756421695e-05
CHOH_t_1	-1.206060606060606	-3.0	6.8	5.993403965225761e-05
CHOH_t_1	-1.1974747474747476	-3.0	6.8	5.994531926055078e-05
CHOH_t_1	-1.1888888888888889	-3.0	6.8	5.9954353084916606e-05
CHOH_t_1	-1.1803030303030304	-3.0	6.8	5.996144527212955e-05
CHOH_t_1	-1.1717171717171715	-3.0	6.8	5.996687992948085e-05
CHOH_t_1	-1.1631313131313132	-3.0	6.8	5.997093601530777e-05
CHOH_t_1	-1.1545454545454543	-3.0	6.8	5.9973898911576105e-05
CHOH_t_1	-1.145959595959596	-3.0	6.8	5.997606203152699e-05
CHOH_t_1	-1.1373737373737374	-3.0	6.8	5.997771133681658e-05
CHOH_t_1	-1.128787878787879	-3.0	6.8	5.997909059583714e-05
CHOH_t_1	-1.1202020202020202	-3.0	6.8	5.998035343370658e-05
CHOH_t_1	-1.1116161616161615	-3.0	6.8	5.998151016399601e-05
CHOH_t_1	-1.103030303030303	-3.0	6.8	5.9982364921049896e-05
CHOH_t_1	-1.0944444444444446	-3.0	6.8	5.998241354234259e-05
CHOH_t_1	-1.085858585858586	-3.0	6.8	5.9980639028115815e-05
CHOH_t_1	-1.0772727272727274	-3.0	6.8	5.997509084742024e-05
CHOH_t_1	-1.068686868686869	-3.0	6.8	5.99620401857403e-05
CHOH_t_1	-1.0601010101010102	-3.0	6.8	5.993431769787713e-05
CHOH_t_1	-1.0515151515151515	-3.0	6.8	5.987808262522822e-05
CHOH_t_1	-1.042929292929293	-3.0	6.8	5.976660839237426e-05
CHOH_t_1	-1.0343434343434343	-3.0	6.8	5.954851412766712e-05
CHOH_t_1	-1.025757575757576	-3.0	6.8	5.912613099120348e-05
CHOH_t_1	-1.0171717171717172	-3.0	6.8	5.831810552668703e-05
CHOH_t_1	-1.0085858585858587	-3.0	6.8	5.680312216709287e-05
CHOH_t_1	-1.0	-3.0	6.8	5.406308114146261e-05
CHO_t_1	-1.85	0.0	6.8	9.068141443784148e-10
CHO_t_1	-1.8414141414141416	0.0	6.8	7.75505085916974e-10
CHO_t_1	-1.8328282828282831	0.0	6.8	6.62921685353541e-10
CHO_t_1	-1.8242424242424244	0.0	6.8	5.664583859217052e-10
CHO_t_1	-1.8156565656565655	0.0	6.8	4.838565929794559e-10
CHO_t_1	-1.8070707070707075	0.0	6.8	4.131625246801659e-10
CHO_t_1	-1.7984848484848486	0.0	6.8	3.5268901744150537e-10
CHO_t_1	-1.78989898989899	0.0	6.8	3.0100251190367926e-10
CHO_t_1	-1.7813131313131314	0.0	6.8	2.5687108537636313e-10
CHO_t_1	-1.772727272727273	0.0	6.8	2.1919409068317919e-10
CHO_t_1	-1.7641414141414142	0.0	6.8	1.8703003440016315e-10
CHO_t_1	-1.7555555555555555	0.0	6.8	1.595743457571948e-10
CHO_t_1	-1.746969696969697	0.0	6.8	1.3613952739436407e-10
CHO_t_1	-1.7383838383838386	0.0	6.8	1.1613817259545977e-10
CHO_t_1	-1.72979797979798	0.0	6.8	9.906843663798428e-11
CHO_t_1	-1.7212121212121212	0.0	6.8	8.450160892684482e-11
CHO_t_1	-1.7126262626262627	0.0	6.8	7.207148321244835e-11
CHO_t_1	-1.7040404040404042	0.0	6.8	6.146526663552209e-11
CHO_t_1	-1.6954545454545455	0.0	6.8	5.241580563692718e-11
CHO_t_1	-1.6868686868686869	0.0	6.8	4.4694938843037584e-11
CHO_t_1	-1.6782828282828284	0.0	6.8	3.8107814714171006e-11
CHO_t_1	-1.66969696969697	0.0	6.8	3.2488035783501346e-11
CHO_t_1	-1.6611111111111112	0.0	6.8	2.7693512399847678e-11
CHO_t_1	-1.6525252525252525	0.0	6.8	2.3602927530978697e-11
CHO_t_1	-1.643939393939394	0.0	6.8	2.0112730426060475e-11
CHO_t_1	-1.6353535353535356	0.0	6.8	1.7134589778407274e-11
CHO_t_1	-1.6267676767676769	0.0	6.8	1.4593243987743775e-11
CHO_t_1	-1.6181818181818182	0.0	6.8	1.2424684504935635e-11
CHO_t_1	-1.6095959595959597	0.0	6.8	1.0574600317962229e-11
CHO_t_1	-1.6010101010101012	0.0	6.8	8.997010694538287e-12
CHO_t_1	-1.5924242424242423	0.0	6.8	7.653037170509201e-12
CHO_t_1	-1.5838383838383838	0.0	6.8	6.509812233607116e-12
CHO_t_1	-1.5752525252525251	0.0	6.8	5.5395586748124e-12
CHO_t_1	-1.5666666666666669	0.0	6.8	4.718871960646283e-12
CHO_t_1	-1.5580808080808082	0.0	6.8	4.02820935064195e-12
CHO_t_1	-1.5494949494949497	0.0	6.8	3.451566300098665e-12
CHO_t_1	-1.540909090909091	0.0	6.8	2.976319579707807e-12
CHO_t_1	-1.5323232323232323	0.0	6.8	2.5932325420557733e-12
CHO_t_1	-1.5237373737373738	0.0	6.8	2.296640674277828e-12
CHO_t_1	-1.5151515151515151	0.0	6.8	2.0848598751445203e-12
CHO_t_1	-1.5065656565656569	0.0	6.8	1.9608863425600896e-12
CHO_t_1	-1.4979797979797982	0.0	6.8	1.9341041765952174e-12
CHO_t_1	-1.4893939393939395	0.0	6.8	2.0229489072233254e-12
CHO_t_1	-1.4808080808080808	0.0	6.8	2.251753412697584e-12
CHO_t_1	-1.4722222222222223	0.0	6.8	2.6607573495358117e-12
CHO_t_1	-1.4636363636363638	0.0	6.8	3.308804014600084e-12
CHO_t_1	-1.4550505050505051	0.0	6.8	4.2804464741190256e-12
CHO_t_1	-1.4464646464646465	0.0	6.8	5.695962068444359e-12
CHO_t_1	-1.437878787878788	0.0	6.8	7.725435664016639e-12
CHO_t_1	-1.4292929292929295	0.0	6.8	1.0608538831629118e-11
CHO_t_1	-1.4207070707070708	0.0	6.8	1.4682286143893014e-11
CHO_t_1	-1.412121212121212	0.0	6.8	2.041996611273683e-11
CHO_t_1	-1.4035353535353536	0.0	6.8	2.8485728161316475e-11
CHO_t_1	-1.394949494949495	0.0	6.8	3.981110586235868e-11
CHO_t_1	-1.3863636363636365	0.0	6.8	5.570227698037745e-11
CHO_t_1	-1.3777777777777778	0.0	6.8	7.799039188482301e-11
CHO_t_1	-1.3691919191919193	0.0	6.8	1.0924224880699887e-10
CHO_t_1	-1.3606060606060606	0.0	6.8	1.530555246486537e-10
CHO_t_1	-1.352020202020202	0.0	6.8	2.1447247833690692e-10
CHO_t_1	-1.3434343434343434	0.0	6.8	3.0055964299839587e-10
CHO_t_1	-1.334848484848485	0.0	6.8	4.2122007195551444e-10
CHO_t_1	-1.3262626262626265	0.0	6.8	5.903313838841743e-10
CHO_t_1	-1.3176767676767678	0.0	6.8	8.273402196038531e-10
CHO_t_1	-1.309090909090909	0.0	6.8	1.1594960540092503e-09
CHO_t_1	-1.3005050505050506	0.0	6.8	1.6249805887469687e-09
CHO_t_1	-1.291919191919192	0.0	6.8	2.2772915643725136e-09
CHO_t_1	-1.2833333333333334	0.0	6.8	3.1913835026754947e-09
CHO_t_1	-1.2747474747474747	0.0	6.8	4.4722690316293964e-09
CHO_t_1	-1.2661616161616165	0.0	6.8	6.267066018263833e-09
CHO_t_1	-1.2575757575757576	0.0	6.8	8.781869860058681e-09
CHO_t_1	-1.248989898989899	0.0	6.8	1.2305381892123384e-08
CHO_t_1	-1.2404040404040404	0.0	6.8	1.7241996788230307e-08
CHO_t_1	-1.231818181818182	0.0	6.8	2.4158131924545262e-08
CHO_t_1	-1.2232323232323232	0.0	6.8	3.384709275722728e-08
CHO_t_1	-1.2146464646464648	0.0	6.8	4.7419882008744364e-08
CHO_t_1	-1.206060606060606	0.0	6.8	6.643231675935567e-08
CHO_t_1	-1.1974747474747476	0.0	6.8	9.306295156588525e-08
CHO_t_1	-1.1888888888888889	0.0	6.8	1.3036208564184626e-07
CHO_t_1	-1.1803030303030304	0.0	6.8	1.826002116965594e-07
CHO_t_1	-1.1717171717171715	0.0	6.8	2.5575555592482724e-07
CHO_t_1	-1.1631313131313132	0.0	6.8	3.581961364935069e-07
CHO_t_1	-1.1545454545454543	0.0	6.8	5.016338079820664e-07
CHO_t_1	-1.145959595959596	0.0	6.8	7.024585365073873e-07
CHO_t_1	-1.1373737373737374	0.0	6.8	9.83604106763906e-07
CHO_t_1	-1.128787878787879	0.0	6.8	1.3771563685266256e-06
CHO_t_1	-1.1202020202020202	0.0	6.8	1.927998552929703e-06
CHO_t_1	-1.1116161616161615	0.0	6.8	2.698904042150476e-06
CHO_t_1	-1.103030303030303	0.0	6.8	3.7776470140953536e-06
CHO_t_1	-1.0944444444444446	0.0	6.8	5.286920129717917e-06
CHO_t_1	-1.085858585858586	0.0	6.8	7.398141010671885e-06
CHO_t_1	-1.0772727272727274	0.0	6.8	1.0350602750581928e-05
CHO_t_1	-1.068686868686869	0.0	6.8	1.4477849868364211e-05
CHO_t_1	-1.0601010101010102	0.0	6.8	2.0243497448269004e-05
CHO_t_1	-1.0515151515151515	0.0	6.8	2.828848274823372e-05
CHO_t_1	-1.042929292929293	0.0	6.8	3.948955589114074e-05
CHO_t_1	-1.0343434343434343	0.0	6.8	5.502089664553292e-05
CHO_t_1	-1.025757575757576	0.0	6.8	7.638748546493029e-05
CHO_t_1	-1.0171717171717172	0.0	6.8	0.0001053385470441
CHO_t_1	-1.0085858585858587	0.0	6.8	0.0001434349974528
CHO_t_1	-1.0	0.0	6.8	0.0001908286900781
CHO_t_1	-1.85	-3.0	6.8	1.2428143339903364e-11
CHO_t_1	-1.8414141414141416	-3.0	6.8	1.241045154853343e-11
CHO_t_1	-1.8328282828282831	-3.0	6.8	1.2389621025804414e-11
CHO_t_1	-1.8242424242424244	-3.0	6.8	1.2365111774600966e-11
CHO_t_1	-1.8156565656565655	-3.0	6.8	1.233629739426474e-11
CHO_t_1	-1.8070707070707075	-3.0	6.8	1.2302453752729171e-11
CHO_t_1	-1.7984848484848486	-3.0	6.8	1.2262747150930456e-11
CHO_t_1	-1.78989898989899	-3.0	6.8	1.2216222390182739e-11
CHO_t_1	-1.7813131313131314	-3.0	6.8	1.2161791362912886e-11
CHO_t_1	-1.772727272727273	-3.0	6.8	1.2098223054649988e-11
CHO_t_1	-1.7641414141414142	-3.0	6.8	1.2024136171570898e-11
CHO_t_1	-1.7555555555555555	-3.0	6.8	1.1937995988821096e-11
CHO_t_1	-1.746969696969697	-3.0	6.8	1.1838117427523529e-11
CHO_t_1	-1.7383838383838386	-3.0	6.8	1.1722676772749834e-11
CHO_t_1	-1.72979797979798	-3.0	6.8	1.1589734770353206e-11
CHO_t_1	-1.7212121212121212	-3.0	6.8	1.1437273984074925e-11
CHO_t_1	-1.7126262626262627	-3.0	6.8	1.126325311926692e-11
CHO_t_1	-1.7040404040404042	-3.0	6.8	1.1065680367792496e-11
CHO_t_1	-1.6954545454545455	-3.0	6.8	1.0842706548729927e-11
CHO_t_1	-1.6868686868686869	-3.0	6.8	1.0592736815411036e-11
CHO_t_1	-1.6782828282828284	-3.0	6.8	1.0314556997130609e-11
CHO_t_1	-1.66969696969697	-3.0	6.8	1.0007467462318797e-11
CHO_t_1	-1.6611111111111112	-3.0	6.8	9.671414187926499e-12
CHO_t_1	-1.6525252525252525	-3.0	6.8	9.307104183711937e-12
CHO_t_1	-1.643939393939394	-3.0	6.8	8.916091360282282e-12
CHO_t_1	-1.6353535353535356	-3.0	6.8	8.500820080760562e-12
CHO_t_1	-1.6267676767676769	-3.0	6.8	8.064617404877358e-12
CHO_t_1	-1.6181818181818182	-3.0	6.8	7.434234708315494e-12
CHO_t_1	-1.6095959595959597	-3.0	6.8	6.589312863578443e-12
CHO_t_1	-1.6010101010101012	-3.0	6.8	5.7714143199764025e-12
CHO_t_1	-1.5924242424242423	-3.0	6.8	5.025231022186238e-12
CHO_t_1	-1.5838383838383838	-3.0	6.8	4.360598049283258e-12
CHO_t_1	-1.5752525252525251	-3.0	6.8	3.7767524203503336e-12
CHO_t_1	-1.5666666666666669	-3.0	6.8	3.269156859655926e-12
CHO_t_1	-1.5580808080808082	-3.0	6.8	2.832177544192877e-12
CHO_t_1	-1.5494949494949497	-3.0	6.8	2.4603623284335124e-12
CHO_t_1	-1.540909090909091	-3.0	6.8	2.1491712834084797e-12
CHO_t_1	-1.5323232323232323	-3.0	6.8	1.8955015243590936e-12
CHO_t_1	-1.5237373737373738	-3.0	6.8	1.6981794336874642e-12
CHO_t_1	-1.5151515151515151	-3.0	6.8	1.5585342683041513e-12
CHO_t_1	-1.5065656565656569	-3.0	6.8	1.4811525352442268e-12
CHO_t_1	-1.4979797979797982	-3.0	6.8	1.474921644530409e-12
CHO_t_1	-1.4893939393939395	-3.0	6.8	1.5544981497568873e-12
CHO_t_1	-1.4808080808080808	-3.0	6.8	1.742380482152033e-12
CHO_t_1	-1.4722222222222223	-3.0	6.8	2.0718321847190278e-12
CHO_t_1	-1.4636363636363638	-3.0	6.8	2.591024402978236e-12
CHO_t_1	-1.4550505050505051	-3.0	6.8	3.368819102940116e-12
CHO_t_1	-1.4464646464646465	-3.0	6.8	4.502852131948703e-12
CHO_t_1	-1.437878787878788	-3.0	6.8	6.130972350975421e-12
CHO_t_1	-1.4292929292929295	-3.0	6.8	8.447174098522823e-12
CHO_t_1	-1.4207070707070708	-3.0	6.8	1.1723914653598588e-11
CHO_t_1	-1.412121212121212	-3.0	6.8	1.6343870186457493e-11
CHO_t_1	-1.4035353535353536	-3.0	6.8	2.2843957253005093e-11
CHO_t_1	-1.394949494949495	-3.0	6.8	3.1975574288382097e-11
CHO_t_1	-1.3863636363636365	-3.0	6.8	4.479060185656322e-11
CHO_t_1	-1.3777777777777778	-3.0	6.8	6.276096343652259e-11
CHO_t_1	-1.3691919191919193	-3.0	6.8	8.794569335913438e-11
CHO_t_1	-1.3606060606060606	-3.0	6.8	1.2322438316124376e-10
CHO_t_1	-1.352020202020202	-3.0	6.8	1.7262336652852174e-10
CHO_t_1	-1.3434343434343434	-3.0	6.8	2.4177147160624063e-10
CHO_t_1	-1.334848484848485	-3.0	6.8	3.3853679422827926e-10
CHO_t_1	-1.3262626262626265	-3.0	6.8	4.739163760238343e-10
CHO_t_1	-1.3176767676767678	-3.0	6.8	6.632792116324672e-10
CHO_t_1	-1.309090909090909	-3.0	6.8	9.281028782979687e-10
CHO_t_1	-1.3005050505050506	-3.0	6.8	1.2983997755243919e-09
CHO_t_1	-1.291919191919192	-3.0	6.8	1.8161067635504615e-09
CHO_t_1	-1.2833333333333334	-3.0	6.8	2.539820671173566e-09
CHO_t_1	-1.2747474747474747	-3.0	6.8	3.551413961712282e-09
CHO_t_1	-1.2661616161616165	-3.0	6.8	4.965276919532225e-09
CHO_t_1	-1.2575757575757576	-3.0	6.8	6.941228960183122e-09
CHO_t_1	-1.248989898989899	-3.0	6.8	9.702555474746452e-09
CHO_t_1	-1.2404040404040404	-3.0	6.8	1.3561204648369602e-08
CHO_t_1	-1.231818181818182	-3.0	6.8	1.895298611906784e-08
CHO_t_1	-1.2232323232323232	-3.0	6.8	2.6486741225161585e-08
CHO_t_1	-1.2146464646464648	-3.0	6.8	3.70130301836472e-08
CHO_t_1	-1.206060606060606	-3.0	6.8	5.172008275673195e-08
CHO_t_1	-1.1974747474747476	-3.0	6.8	7.226783466418146e-08
CHO_t_1	-1.1888888888888889	-3.0	6.8	1.0097517052503535e-07
CHO_t_1	-1.1803030303030304	-3.0	6.8	1.4108150322166406e-07
CHO_t_1	-1.1717171717171715	-3.0	6.8	1.9711222178055325e-07
CHO_t_1	-1.1631313131313132	-3.0	6.8	2.753892874147616e-07
CHO_t_1	-1.1545454545454543	-3.0	6.8	3.847446715818677e-07
CHO_t_1	-1.145959595959596	-3.0	6.8	5.375172344188342e-07
CHO_t_1	-1.1373737373737374	-3.0	6.8	7.509455576404658e-07
CHO_t_1	-1.128787878787879	-3.0	6.8	1.0491136939338763e-06
CHO_t_1	-1.1202020202020202	-3.0	6.8	1.4656687091554772e-06
CHO_t_1	-1.1116161616161615	-3.0	6.8	2.047615026458481e-06
CHO_t_1	-1.103030303030303	-3.0	6.8	2.860609741829582e-06
CHO_t_1	-1.0944444444444446	-3.0	6.8	3.996345998926372e-06
CHO_t_1	-1.085858585858586	-3.0	6.8	5.58282931309815e-06
CHO_t_1	-1.0772727272727274	-3.0	6.8	7.79862958240761e-06
CHO_t_1	-1.068686868686869	-3.0	6.8	1.0892508211924789e-05
CHO_t_1	-1.0601010101010102	-3.0	6.8	1.5210068749937889e-05
CHO_t_1	-1.0515151515151515	-3.0	6.8	2.1228905962643596e-05
CHO_t_1	-1.042929292929293	-3.0	6.8	2.960209554345097e-05
CHO_t_1	-1.0343434343434343	-3.0	6.8	4.120395370186292e-05
CHO_t_1	-1.025757575757576	-3.0	6.8	5.715464597269913e-05
CHO_t_1	-1.0171717171717172	-3.0	6.8	7.875526583320777e-05
CHO_t_1	-1.0085858585858587	-3.0	6.8	0.0001071648889307
CHO_t_1	-1.0	-3.0	6.8	0.0001424902737167
CH_t_1	-1.85	0.0	6.8	9.068141437833671e-10
CH_t_1	-1.8414141414141416	0.0	6.8	7.755050850766939e-10
CH_t_1	-1.8328282828282831	0.0	6.8	6.629216841674776e-10
CH_t_1	-1.8242424242424244	0.0	6.8	5.664583842482277e-10
CH_t_1	-1.8156565656565655	0.0	6.8	4.838565906191156e-10
CH_t_1	-1.8070707070707075	0.0	6.8	4.131625213521527e-10
CH_t_1	-1.7984848484848486	0.0	6.8	3.5268901275054013e-10
CH_t_1	-1.78989898989899	0.0	6.8	3.010025052929929e-10
CH_t_1	-1.7813131313131314	0.0	6.8	2.568710760610426e-10
CH_t_1	-1.772727272727273	0.0	6.8	2.1919407755762754e-10
CH_t_1	-1.7641414141414142	0.0	6.8	1.870300159072124e-10
CH_t_1	-1.7555555555555555	0.0	6.8	1.5957431970381592e-10
CH_t_1	-1.746969696969697	0.0	6.8	1.3613949069222923e-10
CH_t_1	-1.7383838383838386	0.0	6.8	1.1613812089574463e-10
CH_t_1	-1.72979797979798	0.0	6.8	9.906836381734363e-11
CH_t_1	-1.7212121212121212	0.0	6.8	8.4501506363989e-11
CH_t_1	-1.7126262626262627	0.0	6.8	7.207133877014947e-11
CH_t_1	-1.7040404040404042	0.0	6.8	6.146506322834032e-11
CH_t_1	-1.6954545454545455	0.0	6.8	5.241551921649961e-11
CH_t_1	-1.6868686868686869	0.0	6.8	4.4694535564907273e-11
CH_t_1	-1.6782828282828284	0.0	6.8	3.810724695525742e-11
CH_t_1	-1.66969696969697	0.0	6.8	3.248723654701725e-11
CH_t_1	-1.6611111111111112	0.0	6.8	2.7692387460594507e-11
CH_t_1	-1.6525252525252525	0.0	6.8	2.3601344419295108e-11
CH_t_1	-1.643939393939394	0.0	6.8	2.0110502996999032e-11
CH_t_1	-1.6353535353535356	0.0	6.8	1.713145662706621e-11
CH_t_1	-1.6267676767676769	0.0	6.8	1.4588838297882178e-11
CH_t_1	-1.6181818181818182	0.0	6.8	1.2418491973855764e-11
CH_t_1	-1.6095959595959597	0.0	6.8	1.0565900463970855e-11
CH_t_1	-1.6010101010101012	0.0	6.8	8.984794956128358e-12
CH_t_1	-1.5924242424242423	0.0	6.8	7.635894535931476e-12
CH_t_1	-1.5838383838383838	0.0	6.8	6.485769423359349e-12
CH_t_1	-1.5752525252525251	0.0	6.8	5.50585675098305e-12
CH_t_1	-1.5666666666666669	0.0	6.8	4.671654078555968e-12
CH_t_1	-1.5580808080808082	0.0	6.8	3.96208436894789e-12
CH_t_1	-1.5494949494949497	0.0	6.8	3.3589989755644768e-12
CH_t_1	-1.540909090909091	0.0	6.8	2.846778508193153e-12
CH_t_1	-1.5323232323232323	0.0	6.8	2.4119996651563444e-12
CH_t_1	-1.5237373737373738	0.0	6.8	2.043147971982916e-12
CH_t_1	-1.5151515151515151	0.0	6.8	1.7303655017076617e-12
CH_t_1	-1.5065656565656569	0.0	6.8	1.4652279151001148e-12
CH_t_1	-1.4979797979797982	0.0	6.8	1.2409422949917965e-12
CH_t_1	-1.4893939393939395	0.0	6.8	1.0523392069045942e-12
CH_t_1	-1.4808080808080808	0.0	6.8	8.92496990557474e-13
CH_t_1	-1.4722222222222223	0.0	6.8	7.570191551578465e-13
CH_t_1	-1.4636363636363638	0.0	6.8	6.421787755044142e-13
CH_t_1	-1.4550505050505051	0.0	6.8	5.44818601124124e-13
CH_t_1	-1.4464646464646465	0.0	6.8	4.622652828612444e-13
CH_t_1	-1.437878787878788	0.0	6.8	3.922559117271495e-13
CH_t_1	-1.4292929292929295	0.0	6.8	3.328752766451916e-13
CH_t_1	-1.4207070707070708	0.0	6.8	2.825024281726877e-13
CH_t_1	-1.412121212121212	0.0	6.8	2.397652894270285e-13
CH_t_1	-1.4035353535353536	0.0	6.8	2.0350219172671061e-13
CH_t_1	-1.394949494949495	0.0	6.8	1.7272933795393587e-13
CH_t_1	-1.3863636363636365	0.0	6.8	1.4661331507985242e-13
CH_t_1	-1.3777777777777778	0.0	6.8	1.2444788932564858e-13
CH_t_1	-1.3691919191919193	0.0	6.8	1.0563442196352293e-13
CH_t_1	-1.3606060606060606	0.0	6.8	8.966533925095846e-14
CH_t_1	-1.352020202020202	0.0	6.8	7.61101752974199e-14
CH_t_1	-1.3434343434343434	0.0	6.8	6.460378135964679e-14
CH_t_1	-1.334848484848485	0.0	6.8	5.4836359411606096e-14
CH_t_1	-1.3262626262626265	0.0	6.8	4.65450325932404e-14
CH_t_1	-1.3176767676767678	0.0	6.8	3.95067113385094e-14
CH_t_1	-1.309090909090909	0.0	6.8	3.3532052742730023e-14
CH_t_1	-1.3005050505050506	0.0	6.8	2.8460343150555543e-14
CH_t_1	-1.291919191919192	0.0	6.8	2.4155161032831604e-14
CH_t_1	-1.2833333333333334	0.0	6.8	2.050069985254536e-14
CH_t_1	-1.2747474747474747	0.0	6.8	1.7398649546962143e-14
CH_t_1	-1.2661616161616165	0.0	6.8	1.4765551103374828e-14
CH_t_1	-1.2575757575757576	0.0	6.8	1.2530552001172752e-14
CH_t_1	-1.248989898989899	0.0	6.8	1.0633501463590173e-14
CH_t_1	-1.2404040404040404	0.0	6.8	9.023333863022148e-15
CH_t_1	-1.231818181818182	0.0	6.8	7.656696546338159e-15
CH_t_1	-1.2232323232323232	0.0	6.8	6.4967850322550935e-15
CH_t_1	-1.2146464646464648	0.0	6.8	5.512354181082281e-15
CH_t_1	-1.206060606060606	0.0	6.8	4.676878713590834e-15
CH_t_1	-1.1974747474747476	0.0	6.8	3.967840498228698e-15
CH_t_1	-1.1888888888888889	0.0	6.8	3.3661234494723685e-15
CH_t_1	-1.1803030303030304	0.0	6.8	2.8554997811041315e-15
CH_t_1	-1.1717171717171715	0.0	6.8	2.42219381743818e-15
CH_t_1	-1.1631313131313132	0.0	6.8	2.0545116509300288e-15
CH_t_1	-1.1545454545454543	0.0	6.8	1.7425267033666697e-15
CH_t_1	-1.145959595959596	0.0	6.8	1.4778127481290648e-15
CH_t_1	-1.1373737373737374	0.0	6.8	1.2532172234204597e-15
CH_t_1	-1.128787878787879	0.0	6.8	1.0626687449939778e-15
CH_t_1	-1.1202020202020202	0.0	6.8	9.01013640369868e-16
CH_t_1	-1.1116161616161615	0.0	6.8	7.638770984878542e-16
CH_t_1	-1.103030303030303	0.0	6.8	6.475451783063201e-16
CH_t_1	-1.0944444444444446	0.0	6.8	5.488644614268082e-16
CH_t_1	-1.085858585858586	0.0	6.8	4.6515657612383745e-16
CH_t_1	-1.0772727272727274	0.0	6.8	3.941451645937774e-16
CH_t_1	-1.068686868686869	0.0	6.8	3.338931047256562e-16
CH_t_1	-1.0601010101010102	0.0	6.8	2.827479198808984e-16
CH_t_1	-1.0515151515151515	0.0	6.8	2.3929330938406834e-16
CH_t_1	-1.042929292929293	0.0	6.8	2.0230463444304015e-16
CH_t_1	-1.0343434343434343	0.0	6.8	1.707061250733399e-16
CH_t_1	-1.025757575757576	0.0	6.8	1.4352801892343316e-16
CH_t_1	-1.0171717171717172	0.0	6.8	1.1986445671618874e-16
CH_t_1	-1.0085858585858587	0.0	6.8	9.884236153328737e-17
CH_t_1	-1.0	0.0	6.8	7.9636763598846e-17
CH_t_1	-1.85	-3.0	6.8	1.2428143331748066e-11
CH_t_1	-1.8414141414141416	-3.0	6.8	1.2410451535086373e-11
CH_t_1	-1.8328282828282831	-3.0	6.8	1.2389621003637568e-11
CH_t_1	-1.8242424242424244	-3.0	6.8	1.236511173807093e-11
CH_t_1	-1.8156565656565655	-3.0	6.8	1.2336297334086004e-11
CH_t_1	-1.8070707070707075	-3.0	6.8	1.2302453653633168e-11
CH_t_1	-1.7984848484848486	-3.0	6.8	1.2262746987828809e-11
CH_t_1	-1.78989898989899	-3.0	6.8	1.221622212188706e-11
CH_t_1	-1.7813131313131314	-3.0	6.8	1.216179092187036e-11
CH_t_1	-1.772727272727273	-3.0	6.8	1.2098222330196232e-11
CH_t_1	-1.7641414141414142	-3.0	6.8	1.20241349826605e-11
CH_t_1	-1.7555555555555555	-3.0	6.8	1.193799403972696e-11
CH_t_1	-1.746969696969697	-3.0	6.8	1.1838114236057995e-11
CH_t_1	-1.7383838383838386	-3.0	6.8	1.172267155431332e-11
CH_t_1	-1.72979797979798	-3.0	6.8	1.1589726251264114e-11
CH_t_1	-1.7212121212121212	-3.0	6.8	1.1437260102199116e-11
CH_t_1	-1.7126262626262627	-3.0	6.8	1.1263230545953814e-11
CH_t_1	-1.7040404040404042	-3.0	6.8	1.1065643748058023e-11
CH_t_1	-1.6954545454545455	-3.0	6.8	1.084264729986804e-11
CH_t_1	-1.6868686868686869	-3.0	6.8	1.059264123803136e-11
CH_t_1	-1.6782828282828284	-3.0	6.8	1.0314403322866944e-11
CH_t_1	-1.66969696969697	-3.0	6.8	1.0007221268747255e-11
CH_t_1	-1.6611111111111112	-3.0	6.8	9.671021324389855e-12
CH_t_1	-1.6525252525252525	-3.0	6.8	9.306479930190328e-12
CH_t_1	-1.643939393939394	-3.0	6.8	8.915103926136852e-12
CH_t_1	-1.6353535353535356	-3.0	6.8	8.499265657417092e-12
CH_t_1	-1.6267676767676769	-3.0	6.8	8.062182697812047e-12
CH_t_1	-1.6181818181818182	-3.0	6.8	7.43052944237414e-12
CH_t_1	-1.6095959595959597	-3.0	6.8	6.583891770714331e-12
CH_t_1	-1.6010101010101012	-3.0	6.8	5.763578209557737e-12
CH_t_1	-1.5924242424242423	-3.0	6.8	5.013974752790229e-12
CH_t_1	-1.5838383838383838	-3.0	6.8	4.344493251491803e-12
CH_t_1	-1.5752525252525251	-3.0	6.8	3.753775694843153e-12
CH_t_1	-1.5666666666666669	-3.0	6.8	3.236446018008942e-12
CH_t_1	-1.5580808080808082	-3.0	6.8	2.7856875854999817e-12
CH_t_1	-1.5494949494949497	-3.0	6.8	2.3943806715878967e-12
CH_t_1	-1.540909090909091	-3.0	6.8	2.055635197263404e-12
CH_t_1	-1.5323232323232323	-3.0	6.8	1.7630375741819205e-12
CH_t_1	-1.5237373737373738	-3.0	6.8	1.510752390098755e-12
CH_t_1	-1.5151515151515151	-3.0	6.8	1.293547590616575e-12
CH_t_1	-1.5065656565656569	-3.0	6.8	1.1067790780457232e-12
CH_t_1	-1.4979797979797982	-3.0	6.8	9.463544432678376e-13
CH_t_1	-1.4893939393939395	-3.0	6.8	8.086869809890774e-13
CH_t_1	-1.4808080808080808	-3.0	6.8	6.906463803498453e-13
CH_t_1	-1.4722222222222223	-3.0	6.8	5.895097395936499e-13
CH_t_1	-1.4636363636363638	-3.0	6.8	5.029204316857947e-13
CH_t_1	-1.4550505050505051	-3.0	6.8	4.288360128639743e-13
CH_t_1	-1.4464646464646465	-3.0	6.8	3.6548549383323113e-13
CH_t_1	-1.437878787878788	-3.0	6.8	3.1134477865736095e-13
CH_t_1	-1.4292929292929295	-3.0	6.8	2.651005675826047e-13
CH_t_1	-1.4207070707070708	-3.0	6.8	2.2562241263145518e-13
CH_t_1	-1.412121212121212	-3.0	6.8	1.9194449941572929e-13
CH_t_1	-1.4035353535353536	-3.0	6.8	1.6323440761235836e-13
CH_t_1	-1.394949494949495	-3.0	6.8	1.387678669291455e-13
CH_t_1	-1.3863636363636365	-3.0	6.8	1.1792539000588848e-13
CH_t_1	-1.3777777777777778	-3.0	6.8	1.0017714844978503e-13
CH_t_1	-1.3691919191919193	-3.0	6.8	8.506998749501449e-14
CH_t_1	-1.3606060606060606	-3.0	6.8	7.221633976776624e-14
CH_t_1	-1.352020202020202	-3.0	6.8	6.128476009056598e-14
CH_t_1	-1.3434343434343434	-3.0	6.8	5.1991842432058175e-14
CH_t_1	-1.334848484848485	-3.0	6.8	4.40953140935475e-14
CH_t_1	-1.3262626262626265	-3.0	6.8	3.7388131818374805e-14
CH_t_1	-1.3176767676767678	-3.0	6.8	3.1693430315954225e-14
CH_t_1	-1.309090909090909	-3.0	6.8	2.6860196155537358e-14
CH_t_1	-1.3005050505050506	-3.0	6.8	2.2759559442461662e-14
CH_t_1	-1.291919191919192	-3.0	6.8	1.9281612412557988e-14
CH_t_1	-1.2833333333333334	-3.0	6.8	1.633267831216907e-14
CH_t_1	-1.2747474747474747	-3.0	6.8	1.3832965916677531e-14
CH_t_1	-1.2661616161616165	-3.0	6.8	1.1714555039506828e-14
CH_t_1	-1.2575757575757576	-3.0	6.8	9.919666669812569e-15
CH_t_1	-1.248989898989899	-3.0	6.8	8.399178225439099e-15
CH_t_1	-1.2404040404040404	-3.0	6.8	7.111350078104311e-15
CH_t_1	-1.231818181818182	-3.0	6.8	6.020734231262681e-15
CH_t_1	-1.2232323232323232	-3.0	6.8	5.097240001818571e-15
CH_t_1	-1.2146464646464648	-3.0	6.8	4.315334930822829e-15
CH_t_1	-1.206060606060606	-3.0	6.8	3.653362047530322e-15
CH_t_1	-1.1974747474747476	-3.0	6.8	3.09295713167431e-15
CH_t_1	-1.1888888888888889	-3.0	6.8	2.6185518394309315e-15
CH_t_1	-1.1803030303030304	-3.0	6.8	2.216950547314992e-15
CH_t_1	-1.1717171717171715	-3.0	6.8	1.876970575710664e-15
CH_t_1	-1.1631313131313132	-3.0	6.8	1.5891370763603758e-15
CH_t_1	-1.1545454545454543	-3.0	6.8	1.3454251768398458e-15
CH_t_1	-1.145959595959596	-3.0	6.8	1.1390426924102743e-15
CH_t_1	-1.1373737373737374	-3.0	6.8	9.642466710084712e-16
CH_t_1	-1.128787878787879	-3.0	6.8	8.161867534577839e-16
CH_t_1	-1.1202020202020202	-3.0	6.8	6.907691093831026e-16
CH_t_1	-1.1116161616161615	-3.0	6.8	5.845372015264746e-16
CH_t_1	-1.103030303030303	-3.0	6.8	4.94568426409964e-16
CH_t_1	-1.0944444444444446	-3.0	6.8	4.1838670241603797e-16
CH_t_1	-1.085858585858586	-3.0	6.8	3.538901444927472e-16
CH_t_1	-1.0772727272727274	-3.0	6.8	2.9929159970397697e-16
CH_t_1	-1.068686868686869	-3.0	6.8	2.5306919307632194e-16
CH_t_1	-1.0601010101010102	-3.0	6.8	2.139241768301126e-16
CH_t_1	-1.0515151515151515	-3.0	6.8	1.8074379519581047e-16
CH_t_1	-1.042929292929293	-3.0	6.8	1.5256720175357002e-16
CH_t_1	-1.0343434343434343	-3.0	6.8	1.2855265083215882e-16
CH_t_1	-1.025757575757576	-3.0	6.8	1.0794461600338971e-16
CH_t_1	-1.0171717171717172	-3.0	6.8	9.004147916608122e-17
CH_t_1	-1.0085858585858587	-3.0	6.8	7.417148539381334e-17
CH_t_1	-1.0	-3.0	6.8	5.970352439113107e-17
CO2_t_1	-1.85	0.0	6.8	9.069272558124403e-10
CO2_t_1	-1.8414141414141416	0.0	6.8	7.756197332455477e-10
CO2_t_1	-1.8328282828282831	0.0	6.8	6.630379321094876e-10
CO2_t_1	-1.8242424242424244	0.0	6.8	5.665763297321364e-10
CO2_t_1	-1.8156565656565655	0.0	6.8	4.839763747351312e-10
CO2_t_1	-1.8070707070707075	0.0	6.8	4.1328434074935247e-10
CO2_t_1	-1.7984848484848486	0.0	6.8	3.5281313583069546e-10
CO2_t_1	-1.78989898989899	0.0	6.8	3.011293014580457e-10
CO2_t_1	-1.7813131313131314	0.0	6.8	2.570010485598322e-10
CO2_t_1	-1.772727272727273	0.0	6.8	2.1932788459021547e-10
CO2_t_1	-1.7641414141414142	0.0	6.8	1.8716851766126387e-10
CO2_t_1	-1.7555555555555555	0.0	6.8	1.5971864008529282e-10
CO2_t_1	-1.746969696969697	0.0	6.8	1.3629109772721747e-10
CO2_t_1	-1.7383838383838386	0.0	6.8	1.1629893129360653e-10
CO2_t_1	-1.72979797979798	0.0	6.8	9.924087865789336e-11
CO2_t_1	-1.7212121212121212	0.0	6.8	8.468898660168729e-11
CO2_t_1	-1.7126262626262627	0.0	6.8	7.227803113565615e-11
CO2_t_1	-1.7040404040404042	0.0	6.8	6.169648885663342e-11
CO2_t_1	-1.6954545454545455	0.0	6.8	5.26788382520129e-11
CO2_t_1	-1.6868686868686869	0.0	6.8	4.499899964920693e-11
CO2_t_1	-1.6782828282828284	0.0	6.8	3.846474512285896e-11
CO2_t_1	-1.66969696969697	0.0	6.8	3.291292374653614e-11
CO2_t_1	-1.6611111111111112	0.0	6.8	2.8205351021835077e-11
CO2_t_1	-1.6525252525252525	0.0	6.8	2.4225202766786065e-11
CO2_t_1	-1.643939393939394	0.0	6.8	2.087373719149548e-11
CO2_t_1	-1.6353535353535356	0.0	6.8	1.806716340389358e-11
CO2_t_1	-1.6267676767676769	0.0	6.8	1.5733524758544476e-11
CO2_t_1	-1.6181818181818182	0.0	6.8	1.3809629207868096e-11
CO2_t_1	-1.6095959595959597	0.0	6.8	1.2238334116748009e-11
CO2_t_1	-1.6010101010101012	0.0	6.8	1.0966709620015649e-11
CO2_t_1	-1.5924242424242423	0.0	6.8	9.945474456687578e-12
CO2_t_1	-1.5838383838383838	0.0	6.8	9.129563023269964e-12
CO2_t_1	-1.5752525252525251	0.0	6.8	8.479148916518289e-12
CO2_t_1	-1.5666666666666669	0.0	6.8	7.960385920278002e-12
CO2_t_1	-1.5580808080808082	0.0	6.8	7.545504822875562e-12
CO2_t_1	-1.5494949494949497	0.0	6.8	7.212325782504412e-12
CO2_t_1	-1.540909090909091	0.0	6.8	6.9434429859806395e-12
CO2_t_1	-1.5323232323232323	0.0	6.8	6.725326830368683e-12
CO2_t_1	-1.5237373737373738	0.0	6.8	6.547495178589855e-12
CO2_t_1	-1.5151515151515151	0.0	6.8	6.401817602176834e-12
CO2_t_1	-1.5065656565656569	0.0	6.8	6.281962183391014e-12
CO2_t_1	-1.4979797979797982	0.0	6.8	6.1393152648801284e-12
CO2_t_1	-1.4893939393939395	0.0	6.8	5.830261254548851e-12
CO2_t_1	-1.4808080808080808	0.0	6.8	5.5227418714333695e-12
CO2_t_1	-1.4722222222222223	0.0	6.8	5.217489403083287e-12
CO2_t_1	-1.4636363636363638	0.0	6.8	4.915895543131604e-12
CO2_t_1	-1.4550505050505051	0.0	6.8	4.619718603080981e-12
CO2_t_1	-1.4464646464646465	0.0	6.8	4.330827469794581e-12
CO2_t_1	-1.437878787878788	0.0	6.8	4.050999150963954e-12
CO2_t_1	-1.4292929292929295	0.0	6.8	3.781777712182448e-12
CO2_t_1	-1.4207070707070708	0.0	6.8	3.524392904428129e-12
CO2_t_1	-1.412121212121212	0.0	6.8	3.279729570063485e-12
CO2_t_1	-1.4035353535353536	0.0	6.8	3.048335165273108e-12
CO2_t_1	-1.394949494949495	0.0	6.8	2.830452202782766e-12
CO2_t_1	-1.3863636363636365	0.0	6.8	2.6260640843149384e-12
CO2_t_1	-1.3777777777777778	0.0	6.8	2.434945504307583e-12
CO2_t_1	-1.3691919191919193	0.0	6.8	2.256711461559561e-12
CO2_t_1	-1.3606060606060606	0.0	6.8	2.0908613804345312e-12
CO2_t_1	-1.352020202020202	0.0	6.8	1.9368167061736257e-12
CO2_t_1	-1.3434343434343434	0.0	6.8	1.7939515979119196e-12
CO2_t_1	-1.334848484848485	0.0	6.8	1.6616171005792505e-12
CO2_t_1	-1.3262626262626265	0.0	6.8	1.5391595660039785e-12
CO2_t_1	-1.3176767676767678	0.0	6.8	1.4259342374830466e-12
CO2_t_1	-1.309090909090909	0.0	6.8	1.3213149081095292e-12
CO2_t_1	-1.3005050505050506	0.0	6.8	1.2247004803265477e-12
CO2_t_1	-1.291919191919192	0.0	6.8	1.1355191375163004e-12
CO2_t_1	-1.2833333333333334	0.0	6.8	1.0532307149167836e-12
CO2_t_1	-1.2747474747474747	0.0	6.8	9.773277413934827e-13
CO2_t_1	-1.2661616161616165	0.0	6.8	9.07335522290976e-13
CO2_t_1	-1.2575757575757576	0.0	6.8	8.428115487714842e-13
CO2_t_1	-1.248989898989899	0.0	6.8	7.833444501815791e-13
CO2_t_1	-1.2404040404040404	0.0	6.8	7.285526513204262e-13
CO2_t_1	-1.231818181818182	0.0	6.8	6.7808285382476e-13
CO2_t_1	-1.2232323232323232	0.0	6.8	6.316084280410646e-13
CO2_t_1	-1.2146464646464648	0.0	6.8	5.888277767318302e-13
CO2_t_1	-1.206060606060606	0.0	6.8	5.494627130499202e-13
CO2_t_1	-1.1974747474747476	0.0	6.8	5.13256880999412e-13
CO2_t_1	-1.1888888888888889	0.0	6.8	4.799742359409919e-13
CO2_t_1	-1.1803030303030304	0.0	6.8	4.4939759469052203e-13
CO2_t_1	-1.1717171717171715	0.0	6.8	4.213272586952557e-13
CO2_t_1	-1.1631313131313132	0.0	6.8	3.9557970911424924e-13
CO2_t_1	-1.1545454545454543	0.0	6.8	3.719863689807142e-13
CO2_t_1	-1.145959595959596	0.0	6.8	3.50392424716064e-13
CO2_t_1	-1.1373737373737374	0.0	6.8	3.306556969578103e-13
CO2_t_1	-1.128787878787879	0.0	6.8	3.1264554896032443e-13
CO2_t_1	-1.1202020202020202	0.0	6.8	2.962418199114736e-13
CO2_t_1	-1.1116161616161615	0.0	6.8	2.813337708004955e-13
CO2_t_1	-1.103030303030303	0.0	6.8	2.678190327044744e-13
CO2_t_1	-1.0944444444444446	0.0	6.8	2.556025525973424e-13
CO2_t_1	-1.085858585858586	0.0	6.8	2.4459554118554774e-13
CO2_t_1	-1.0772727272727274	0.0	6.8	2.3471444115844285e-13
CO2_t_1	-1.068686868686869	0.0	6.8	2.2587995019429426e-13
CO2_t_1	-1.0601010101010102	0.0	6.8	2.180161444409022e-13
CO2_t_1	-1.0515151515151515	0.0	6.8	2.110497471228421e-13
CO2_t_1	-1.042929292929293	0.0	6.8	2.049095736135838e-13
CO2_t_1	-1.0343434343434343	0.0	6.8	1.995261723396756e-13
CO2_t_1	-1.025757575757576	0.0	6.8	1.9483168582297222e-13
CO2_t_1	-1.0171717171717172	0.0	6.8	1.9075998176284453e-13
CO2_t_1	-1.0085858585858587	0.0	6.8	1.872471512452975e-13
CO2_t_1	-1.0	0.0	6.8	1.842325402260989e-13
CO2_t_1	-1.85	-3.0	6.8	1.2429679070462994e-11
CO2_t_1	-1.8414141414141416	-3.0	6.8	1.2412264131456616e-11
CO2_t_1	-1.8328282828282831	-3.0	6.8	1.2391759822753453e-11
CO2_t_1	-1.8242424242424244	-3.0	6.8	1.236763473471972e-11
CO2_t_1	-1.8156565656565655	-3.0	6.8	1.233927246543658e-11
CO2_t_1	-1.8070707070707075	-3.0	6.8	1.2305960492828746e-11
CO2_t_1	-1.7984848484848486	-3.0	6.8	1.2266878554923703e-11
CO2_t_1	-1.78989898989899	-3.0	6.8	1.2221086944865208e-11
CO2_t_1	-1.7813131313131314	-3.0	6.8	1.2167515334203487e-11
CO2_t_1	-1.772727272727273	-3.0	6.8	1.2104953001713684e-11
CO2_t_1	-1.7641414141414142	-3.0	6.8	1.2032041666487831e-11
CO2_t_1	-1.7555555555555555	-3.0	6.8	1.1947272498765199e-11
CO2_t_1	-1.746969696969697	-3.0	6.8	1.18489892870994e-11
CO2_t_1	-1.7383838383838386	-3.0	6.8	1.17354001359536e-11
CO2_t_1	-1.72979797979798	-3.0	6.8	1.1604600383482708e-11
CO2_t_1	-1.7212121212121212	-3.0	6.8	1.145460956214244e-11
CO2_t_1	-1.7126262626262627	-3.0	6.8	1.1283425038941532e-11
CO2_t_1	-1.7040404040404042	-3.0	6.8	1.108909430999388e-11
CO2_t_1	-1.6954545454545455	-3.0	6.8	1.0869806634108859e-11
CO2_t_1	-1.6868686868686869	-3.0	6.8	1.062400267530731e-11
CO2_t_1	-1.6782828282828284	-3.0	6.8	1.0350498106974989e-11
CO2_t_1	-1.66969696969697	-3.0	6.8	1.0048613922544106e-11
CO2_t_1	-1.6611111111111112	-3.0	6.8	9.718302945784112e-12
CO2_t_1	-1.6525252525252525	-3.0	6.8	9.360259405834564e-12
CO2_t_1	-1.643939393939394	-3.0	6.8	8.975997222301958e-12
CO2_t_1	-1.6353535353535356	-3.0	6.8	8.567883534915729e-12
CO2_t_1	-1.6267676767676769	-3.0	6.8	8.13911737538955e-12
CO2_t_1	-1.6181818181818182	-3.0	6.8	7.514341823123726e-12
CO2_t_1	-1.6095959595959597	-3.0	6.8	6.671672843314378e-12
CO2_t_1	-1.6010101010101012	-3.0	6.8	5.854412440126643e-12
CO2_t_1	-1.5924242424242423	-3.0	6.8	5.107383963365933e-12
CO2_t_1	-1.5838383838383838	-3.0	6.8	4.44017093877022e-12
CO2_t_1	-1.5752525252525251	-3.0	6.8	3.851504193694831e-12
CO2_t_1	-1.5666666666666669	-3.0	6.8	3.3360609980833417e-12
CO2_t_1	-1.5580808080808082	-3.0	6.8	2.8870600287551254e-12
CO2_t_1	-1.5494949494949497	-3.0	6.8	2.4974067286590816e-12
CO2_t_1	-1.540909090909091	-3.0	6.8	2.160230104155328e-12
CO2_t_1	-1.5323232323232323	-3.0	6.8	1.8691318826268997e-12
CO2_t_1	-1.5237373737373738	-3.0	6.8	1.6182896266021561e-12
CO2_t_1	-1.5151515151515151	-3.0	6.8	1.4024828557180705e-12
CO2_t_1	-1.5065656565656569	-3.0	6.8	1.2170782905519333e-12
CO2_t_1	-1.4979797979797982	-3.0	6.8	1.0579940277967846e-12
CO2_t_1	-1.4893939393939395	-3.0	6.8	9.216538360156002e-13
CO2_t_1	-1.4808080808080808	-3.0	6.8	8.049379694897835e-13
CO2_t_1	-1.4722222222222223	-3.0	6.8	7.051341335114226e-13
CO2_t_1	-1.4636363636363638	-3.0	6.8	6.197833495088208e-13
CO2_t_1	-1.4550505050505051	-3.0	6.8	5.467839742158063e-13
CO2_t_1	-1.4464646464646465	-3.0	6.8	4.844427907422771e-13
CO2_t_1	-1.437878787878788	-3.0	6.8	4.312279885227481e-13
CO2_t_1	-1.4292929292929295	-3.0	6.8	3.8582053856844813e-13
CO2_t_1	-1.4207070707070708	-3.0	6.8	3.4708684164050413e-13
CO2_t_1	-1.412121212121212	-3.0	6.8	3.140646469136425e-13
CO2_t_1	-1.4035353535353536	-3.0	6.8	2.8592823278166497e-13
CO2_t_1	-1.394949494949495	-3.0	6.8	2.619563279086599e-13
CO2_t_1	-1.3863636363636365	-3.0	6.8	2.4153454512225243e-13
CO2_t_1	-1.3777777777777778	-3.0	6.8	2.2413972004592442e-13
CO2_t_1	-1.3691919191919193	-3.0	6.8	2.0932632931168361e-13
CO2_t_1	-1.3606060606060606	-3.0	6.8	1.967148483132335e-13
CO2_t_1	-1.352020202020202	-3.0	6.8	1.8598181040982505e-13
CO2_t_1	-1.3434343434343434	-3.0	6.8	1.7685135289125412e-13
CO2_t_1	-1.334848484848485	-3.0	6.8	1.69088054065964e-13
CO2_t_1	-1.3262626262626265	-3.0	6.8	1.6249088225822038e-13
CO2_t_1	-1.3176767676767678	-3.0	6.8	1.568880930628883e-13
CO2_t_1	-1.309090909090909	-3.0	6.8	1.5213292725181726e-13
CO2_t_1	-1.3005050505050506	-3.0	6.8	1.4809997880767632e-13
CO2_t_1	-1.291919191919192	-3.0	6.8	1.4468212040280865e-13
CO2_t_1	-1.2833333333333334	-3.0	6.8	1.4178789140158377e-13
CO2_t_1	-1.2747474747474747	-3.0	6.8	1.3933927013410353e-13
CO2_t_1	-1.2661616161616165	-3.0	6.8	1.3726976692593828e-13
CO2_t_1	-1.2575757575757576	-3.0	6.8	1.355227866821365e-13
CO2_t_1	-1.248989898989899	-3.0	6.8	1.3405021958729693e-13
CO2_t_1	-1.2404040404040404	-3.0	6.8	1.3281122583436648e-13
CO2_t_1	-1.231818181818182	-3.0	6.8	1.3177118549088225e-13
CO2_t_1	-1.2232323232323232	-3.0	6.8	1.309007878997633e-13
CO2_t_1	-1.2146464646464648	-3.0	6.8	1.301752365516978e-13
CO2_t_1	-1.206060606060606	-3.0	6.8	1.29573545256086e-13
CO2_t_1	-1.1974747474747476	-3.0	6.8	1.2907789995526216e-13
CO2_t_1	-1.1888888888888889	-3.0	6.8	1.286730588029455e-13
CO2_t_1	-1.1803030303030304	-3.0	6.8	1.2834576453558262e-13
CO2_t_1	-1.1717171717171715	-3.0	6.8	1.2808415524010913e-13
CO2_t_1	-1.1631313131313132	-3.0	6.8	1.278771941276681e-13
CO2_t_1	-1.1545454545454543	-3.0	6.8	1.2771420303294596e-13
CO2_t_1	-1.145959595959596	-3.0	6.8	1.27584655402751e-13
CO2_t_1	-1.1373737373737374	-3.0	6.8	1.2747838577703997e-13
CO2_t_1	-1.128787878787879	-3.0	6.8	1.2738621790486849e-13
CO2_t_1	-1.1202020202020202	-3.0	6.8	1.2730074892895222e-13
CO2_t_1	-1.1116161616161615	-3.0	6.8	1.2721688293126944e-13
CO2_t_1	-1.103030303030303	-3.0	6.8	1.2713185552944238e-13
CO2_t_1	-1.0944444444444446	-3.0	6.8	1.2704479971295328e-13
CO2_t_1	-1.085858585858586	-3.0	6.8	1.269561007275477e-13
CO2_t_1	-1.0772727272727274	-3.0	6.8	1.268667798777664e-13
CO2_t_1	-1.068686868686869	-3.0	6.8	1.2677803232599092e-13
CO2_t_1	-1.0601010101010102	-3.0	6.8	1.266909382018964e-13
CO2_t_1	-1.0515151515151515	-3.0	6.8	1.2660631212016637e-13
CO2_t_1	-1.042929292929293	-3.0	6.8	1.2652464416990236e-13
CO2_t_1	-1.0343434343434343	-3.0	6.8	1.264460954304803e-13
CO2_t_1	-1.025757575757576	-3.0	6.8	1.2637053151028346e-13
CO2_t_1	-1.0171717171717172	-3.0	6.8	1.262976090820841e-13
CO2_t_1	-1.0085858585858587	-3.0	6.8	1.2622698351111205e-13
CO2_t_1	-1.0	-3.0	6.8	1.2615878417835633e-13
COOH_t_1	-1.85	0.0	6.8	9.069272558124403e-10
COOH_t_1	-1.8414141414141416	0.0	6.8	7.756197332455477e-10
COOH_t_1	-1.8328282828282831	0.0	6.8	6.630379321094876e-10
COOH_t_1	-1.8242424242424244	0.0	6.8	5.665763297321364e-10
COOH_t_1	-1.8156565656565655	0.0	6.8	4.839763747351312e-10
COOH_t_1	-1.8070707070707075	0.0	6.8	4.1328434074935247e-10
COOH_t_1	-1.7984848484848486	0.0	6.8	3.5281313583069546e-10
COOH_t_1	-1.78989898989899	0.0	6.8	3.011293014580457e-10
COOH_t_1	-1.7813131313131314	0.0	6.8	2.570010485598322e-10
COOH_t_1	-1.772727272727273	0.0	6.8	2.1932788459021547e-10
COOH_t_1	-1.7641414141414142	0.0	6.8	1.8716851766126387e-10
COOH_t_1	-1.7555555555555555	0.0	6.8	1.5971864008529282e-10
COOH_t_1	-1.746969696969697	0.0	6.8	1.3629109772721747e-10
COOH_t_1	-1.7383838383838386	0.0	6.8	1.1629893129360653e-10
COOH_t_1	-1.72979797979798	0.0	6.8	9.924087865789336e-11
COOH_t_1	-1.7212121212121212	0.0	6.8	8.468898660168729e-11
COOH_t_1	-1.7126262626262627	0.0	6.8	7.227803113565615e-11
COOH_t_1	-1.7040404040404042	0.0	6.8	6.169648885663342e-11
COOH_t_1	-1.6954545454545455	0.0	6.8	5.26788382520129e-11
COOH_t_1	-1.6868686868686869	0.0	6.8	4.499899964920693e-11
COOH_t_1	-1.6782828282828284	0.0	6.8	3.846474512285896e-11
COOH_t_1	-1.66969696969697	0.0	6.8	3.291292374653614e-11
COOH_t_1	-1.6611111111111112	0.0	6.8	2.8205351021835077e-11
COOH_t_1	-1.6525252525252525	0.0	6.8	2.4225202766786065e-11
COOH_t_1	-1.643939393939394	0.0	6.8	2.087373719149548e-11
COOH_t_1	-1.6353535353535356	0.0	6.8	1.806716340389358e-11
COOH_t_1	-1.6267676767676769	0.0	6.8	1.573352475854448e-11
COOH_t_1	-1.6181818181818182	0.0	6.8	1.3809629207868096e-11
COOH_t_1	-1.6095959595959597	0.0	6.8	1.2238334116748012e-11
COOH_t_1	-1.6010101010101012	0.0	6.8	1.0966709620015652e-11
COOH_t_1	-1.5924242424242423	0.0	6.8	9.94547445668758e-12
COOH_t_1	-1.5838383838383838	0.0	6.8	9.12956302326997e-12
COOH_t_1	-1.5752525252525251	0.0	6.8	8.479148916518295e-12
COOH_t_1	-1.5666666666666669	0.0	6.8	8.020409544433107e-12
COOH_t_1	-1.5580808080808082	0.0	6.8	8.686715406617894e-12
COOH_t_1	-1.5494949494949497	0.0	6.8	9.537733897789726e-12
COOH_t_1	-1.540909090909091	0.0	6.8	1.0595358519011948e-11
COOH_t_1	-1.5323232323232323	0.0	6.8	1.1887589835726002e-11
COOH_t_1	-1.5237373737373738	0.0	6.8	1.3449339884398378e-11
COOH_t_1	-1.5151515151515151	0.0	6.8	1.5323373708559226e-11
COOH_t_1	-1.5065656565656569	0.0	6.8	1.7561452521128154e-11
COOH_t_1	-1.4979797979797982	0.0	6.8	1.9993190870653555e-11
COOH_t_1	-1.4893939393939395	0.0	6.8	2.1720740317909085e-11
COOH_t_1	-1.4808080808080808	0.0	6.8	2.3500157012166476e-11
COOH_t_1	-1.4722222222222223	0.0	6.8	2.5314837577407657e-11
COOH_t_1	-1.4636363636363638	0.0	6.8	2.7150533975028625e-11
COOH_t_1	-1.4550505050505051	0.0	6.8	2.899625687605368e-11
COOH_t_1	-1.4464646464646465	0.0	6.8	3.0844756735999704e-11
COOH_t_1	-1.437878787878788	0.0	6.8	3.269258283845269e-11
COOH_t_1	-1.4292929292929295	0.0	6.8	3.4539798914213413e-11
COOH_t_1	-1.4207070707070708	0.0	6.8	3.638947550450945e-11
COOH_t_1	-1.412121212121212	0.0	6.8	3.8247083418590296e-11
COOH_t_1	-1.4035353535353536	0.0	6.8	4.011989059566768e-11
COOH_t_1	-1.394949494949495	0.0	6.8	4.201643113587117e-11
COOH_t_1	-1.3863636363636365	0.0	6.8	4.3946082201822525e-11
COOH_t_1	-1.3777777777777778	0.0	6.8	4.591875865472874e-11
COOH_t_1	-1.3691919191919193	0.0	6.8	4.7944718653609486e-11
COOH_t_1	-1.3606060606060606	0.0	6.8	5.0034465000871615e-11
COOH_t_1	-1.352020202020202	0.0	6.8	5.219872451938517e-11
COOH_t_1	-1.3434343434343434	0.0	6.8	5.444848889236455e-11
COOH_t_1	-1.334848484848485	0.0	6.8	5.6795103372525355e-11
COOH_t_1	-1.3262626262626265	0.0	6.8	5.925039336856569e-11
COOH_t_1	-1.3176767676767678	0.0	6.8	6.182682246793824e-11
COOH_t_1	-1.309090909090909	0.0	6.8	6.453767865181156e-11
COOH_t_1	-1.3005050505050506	0.0	6.8	6.739728822985782e-11
COOH_t_1	-1.291919191919192	0.0	6.8	7.042125942476602e-11
COOH_t_1	-1.2833333333333334	0.0	6.8	7.362675968465443e-11
COOH_t_1	-1.2747474747474747	0.0	6.8	7.703283283373528e-11
COOH_t_1	-1.2661616161616165	0.0	6.8	8.066076423024448e-11
COOH_t_1	-1.2575757575757576	0.0	6.8	8.453450432808928e-11
COOH_t_1	-1.248989898989899	0.0	6.8	8.868116357836562e-11
COOH_t_1	-1.2404040404040404	0.0	6.8	9.313159460872839e-11
COOH_t_1	-1.231818181818182	0.0	6.8	9.792108124556421e-11
COOH_t_1	-1.2232323232323232	0.0	6.8	1.0309015837914262e-10
COOH_t_1	-1.2146464646464648	0.0	6.8	1.0868559212573244e-10
COOH_t_1	-1.206060606060606	0.0	6.8	1.1476155645604086e-10
COOH_t_1	-1.1974747474747476	0.0	6.8	1.2138105071530074e-10
COOH_t_1	-1.1888888888888889	0.0	6.8	1.2861761257142584e-10
COOH_t_1	-1.1803030303030304	0.0	6.8	1.3655739323565275e-10
COOH_t_1	-1.1717171717171715	0.0	6.8	1.4530167665528774e-10
COOH_t_1	-1.1631313131313132	0.0	6.8	1.5496994210283728e-10
COOH_t_1	-1.1545454545454543	0.0	6.8	1.6570359041361222e-10
COOH_t_1	-1.145959595959596	0.0	6.8	1.7767047810746255e-10
COOH_t_1	-1.1373737373737374	0.0	6.8	1.9107043051353838e-10
COOH_t_1	-1.128787878787879	0.0	6.8	2.0614193408186047e-10
COOH_t_1	-1.1202020202020202	0.0	6.8	2.2317023799836917e-10
COOH_t_1	-1.1116161616161615	0.0	6.8	2.4249712411655777e-10
COOH_t_1	-1.103030303030303	0.0	6.8	2.6453262997841177e-10
COOH_t_1	-1.0944444444444446	0.0	6.8	2.8976903119348177e-10
COOH_t_1	-1.085858585858586	0.0	6.8	3.187974086824075e-10
COOH_t_1	-1.0772727272727274	0.0	6.8	3.5232715051152056e-10
COOH_t_1	-1.068686868686869	0.0	6.8	3.912087779708346e-10
COOH_t_1	-1.0601010101010102	0.0	6.8	4.3646054528039635e-10
COOH_t_1	-1.0515151515151515	0.0	6.8	4.892993276805114e-10
COOH_t_1	-1.042929292929293	0.0	6.8	5.511763650809928e-10
COOH_t_1	-1.0343434343434343	0.0	6.8	6.238184968574434e-10
COOH_t_1	-1.025757575757576	0.0	6.8	7.092757255003562e-10
COOH_t_1	-1.0171717171717172	0.0	6.8	8.09976492825316e-10
COOH_t_1	-1.0085858585858587	0.0	6.8	9.287933255052588e-10
COOH_t_1	-1.0	0.0	6.8	1.0691241994900928e-09
COOH_t_1	-1.85	-3.0	6.8	1.2429679070462994e-11
COOH_t_1	-1.8414141414141416	-3.0	6.8	1.2412264131456616e-11
COOH_t_1	-1.8328282828282831	-3.0	6.8	1.2391759822753453e-11
COOH_t_1	-1.8242424242424244	-3.0	6.8	1.236763473471972e-11
COOH_t_1	-1.8156565656565655	-3.0	6.8	1.233927246543658e-11
COOH_t_1	-1.8070707070707075	-3.0	6.8	1.2305960492828746e-11
COOH_t_1	-1.7984848484848486	-3.0	6.8	1.2266878554923703e-11
COOH_t_1	-1.78989898989899	-3.0	6.8	1.2221086944865208e-11
COOH_t_1	-1.7813131313131314	-3.0	6.8	1.394248623487286e-11
COOH_t_1	-1.772727272727273	-3.0	6.8	1.639470052662634e-11
COOH_t_1	-1.7641414141414142	-3.0	6.8	1.926113015413965e-11
COOH_t_1	-1.7555555555555555	-3.0	6.8	2.260545570411114e-11
COOH_t_1	-1.746969696969697	-3.0	6.8	2.6498900969736568e-11
COOH_t_1	-1.7383838383838386	-3.0	6.8	3.102033729289122e-11
COOH_t_1	-1.72979797979798	-3.0	6.8	3.6256081260150357e-11
COOH_t_1	-1.7212121212121212	-3.0	6.8	4.2299284449719e-11
COOH_t_1	-1.7126262626262627	-3.0	6.8	4.9248809479408326e-11
COOH_t_1	-1.7040404040404042	-3.0	6.8	5.7207494013839517e-11
COOH_t_1	-1.6954545454545455	-3.0	6.8	6.627972890730813e-11
COOH_t_1	-1.6868686868686869	-3.0	6.8	7.656832290398627e-11
COOH_t_1	-1.6782828282828284	-3.0	6.8	8.817069658308073e-11
COOH_t_1	-1.66969696969697	-3.0	6.8	1.0117454045481432e-10
COOH_t_1	-1.6611111111111112	-3.0	6.8	1.1565317804394845e-10
COOH_t_1	-1.6525252525252525	-3.0	6.8	1.3166097935307092e-10
COOH_t_1	-1.643939393939394	-3.0	6.8	1.4922925275162554e-10
COOH_t_1	-1.6353535353535356	-3.0	6.8	1.6836308211194363e-10
COOH_t_1	-1.6267676767676769	-3.0	6.8	1.89039553533846e-10
COOH_t_1	-1.6181818181818182	-3.0	6.8	2.0133896585057014e-10
COOH_t_1	-1.6095959595959597	-3.0	6.8	1.9852546804515947e-10
COOH_t_1	-1.6010101010101012	-3.0	6.8	1.9123512815670108e-10
COOH_t_1	-1.5924242424242423	-3.0	6.8	1.8206868591238663e-10
COOH_t_1	-1.5838383838383838	-3.0	6.8	1.7211721114397916e-10
COOH_t_1	-1.5752525252525251	-3.0	6.8	1.6195636605000114e-10
COOH_t_1	-1.5666666666666669	-3.0	6.8	1.5192245537161152e-10
COOH_t_1	-1.5580808080808082	-3.0	6.8	1.4222148332597436e-10
COOH_t_1	-1.5494949494949497	-3.0	6.8	1.3298153218213095e-10
COOH_t_1	-1.540909090909091	-3.0	6.8	1.2428131260945914e-10
COOH_t_1	-1.5323232323232323	-3.0	6.8	1.1616717147890295e-10
COOH_t_1	-1.5237373737373738	-3.0	6.8	1.086639151879018e-10
COOH_t_1	-1.5151515151515151	-3.0	6.8	1.0178206476131916e-10
COOH_t_1	-1.5065656565656569	-3.0	6.8	9.552293765545977e-11
COOH_t_1	-1.4979797979797982	-3.0	6.8	8.988235517684912e-11
COOH_t_1	-1.4893939393939395	-3.0	6.8	8.485346140437629e-11
COOH_t_1	-1.4808080808080808	-3.0	6.8	8.042896456105634e-11
COOH_t_1	-1.4722222222222223	-3.0	6.8	7.66030082768149e-11
COOH_t_1	-1.4636363636363638	-3.0	6.8	7.335209508434572e-11
COOH_t_1	-1.4550505050505051	-3.0	6.8	7.065819671554072e-11
COOH_t_1	-1.4464646464646465	-3.0	6.8	6.853293226088512e-11
COOH_t_1	-1.437878787878788	-3.0	6.8	6.69782808028215e-11
COOH_t_1	-1.4292929292929295	-3.0	6.8	6.60024419294594e-11
COOH_t_1	-1.4207070707070708	-3.0	6.8	6.562126051635515e-11
COOH_t_1	-1.412121212121212	-3.0	6.8	6.586462649517657e-11
COOH_t_1	-1.4035353535353536	-3.0	6.8	6.677404303182167e-11
COOH_t_1	-1.394949494949495	-3.0	6.8	6.839684168500597e-11
COOH_t_1	-1.3863636363636365	-3.0	6.8	7.079619162589012e-11
COOH_t_1	-1.3777777777777778	-3.0	6.8	7.405362214906656e-11
COOH_t_1	-1.3691919191919193	-3.0	6.8	7.827193681031503e-11
COOH_t_1	-1.3606060606060606	-3.0	6.8	8.357865437206277e-11
COOH_t_1	-1.352020202020202	-3.0	6.8	9.013007381530808e-11
COOH_t_1	-1.3434343434343434	-3.0	6.8	9.811608047347929e-11
COOH_t_1	-1.334848484848485	-3.0	6.8	1.0776583419765683e-10
COOH_t_1	-1.3262626262626265	-3.0	6.8	1.1935450864418848e-10
COOH_t_1	-1.3176767676767678	-3.0	6.8	1.3321128365924583e-10
COOH_t_1	-1.309090909090909	-3.0	6.8	1.4972883099780592e-10
COOH_t_1	-1.3005050505050506	-3.0	6.8	1.6937457834799072e-10
COOH_t_1	-1.291919191919192	-3.0	6.8	1.9270408936570303e-10
COOH_t_1	-1.2833333333333334	-3.0	6.8	2.2037696009524576e-10
COOH_t_1	-1.2747474747474747	-3.0	6.8	2.531757070411116e-10
COOH_t_1	-1.2661616161616165	-3.0	6.8	2.9202821181409126e-10
COOH_t_1	-1.2575757575757576	-3.0	6.8	3.380343943925985e-10
COOH_t_1	-1.248989898989899	-3.0	6.8	3.924979141694077e-10
COOH_t_1	-1.2404040404040404	-3.0	6.8	4.569638468588855e-10
COOH_t_1	-1.231818181818182	-3.0	6.8	5.332634555796975e-10
COOH_t_1	-1.2232323232323232	-3.0	6.8	6.23567360495002e-10
COOH_t_1	-1.2146464646464648	-3.0	6.8	7.304485974095803e-10
COOH_t_1	-1.206060606060606	-3.0	6.8	8.569572068111205e-10
COOH_t_1	-1.1974747474747476	-3.0	6.8	1.0067080463311592e-09
COOH_t_1	-1.1888888888888889	-3.0	6.8	1.183983373599693e-09
COOH_t_1	-1.1803030303030304	-3.0	6.8	1.3938513076781615e-09
COOH_t_1	-1.1717171717171715	-3.0	6.8	1.6423005994658012e-09
COOH_t_1	-1.1631313131313132	-3.0	6.8	1.9363917666858893e-09
COOH_t_1	-1.1545454545454543	-3.0	6.8	2.28442601389659e-09
COOH_t_1	-1.145959595959596	-3.0	6.8	2.6961384627352687e-09
COOH_t_1	-1.1373737373737374	-3.0	6.8	3.182931231361398e-09
COOH_t_1	-1.128787878787879	-3.0	6.8	3.75816971581521e-09
COOH_t_1	-1.1202020202020202	-3.0	6.8	4.437563580630469e-09
COOH_t_1	-1.1116161616161615	-3.0	6.8	5.2396412788312734e-09
COOH_t_1	-1.103030303030303	-3.0	6.8	6.186314964937658e-09
COOH_t_1	-1.0944444444444446	-3.0	6.8	7.303533116949525e-09
COOH_t_1	-1.085858585858586	-3.0	6.8	8.622029379559023e-09
COOH_t_1	-1.0772727272727274	-3.0	6.8	1.0178188402212153e-08
COOH_t_1	-1.068686868686869	-3.0	6.8	1.201505709631016e-08
COOH_t_1	-1.0601010101010102	-3.0	6.8	1.4183533440983817e-08
COOH_t_1	-1.0515151515151515	-3.0	6.8	1.6743767462119315e-08
COOH_t_1	-1.042929292929293	-3.0	6.8	1.9766812213221093e-08
COOH_t_1	-1.0343434343434343	-3.0	6.8	2.3336567668116815e-08
COOH_t_1	-1.025757575757576	-3.0	6.8	2.755206961169895e-08
COOH_t_1	-1.0171717171717172	-3.0	6.8	3.253019594321568e-08
COOH_t_1	-1.0085858585858587	-3.0	6.8	3.840891375008839e-08
COOH_t_1	-1.0	-3.0	6.8	4.53513103385526e-08
CO_g	-1.85	0.0	6.8	1.120539658168214
CO_g	-1.8414141414141416	0.0	6.8	1.1326498039874684
CO_g	-1.8328282828282831	0.0	6.8	1.1443932491476625
CO_g	-1.8242424242424244	0.0	6.8	1.1558011689242258
CO_g	-1.8156565656565655	0.0	6.8	1.1669005351534196
CO_g	-1.8070707070707075	0.0	6.8	1.177714860632301
CO_g	-1.7984848484848486	0.0	6.8	1.188264778712065
CO_g	-1.78989898989899	0.0	6.8	1.1986529604873064
CO_g	-1.7813131313131314	0.0	6.8	1.2090398490754743
CO_g	-1.772727272727273	0.0	6.8	1.219428339675766
CO_g	-1.7641414141414142	0.0	6.8	1.2298179768823367
CO_g	-1.7555555555555555	0.0	6.8	1.2402081643486518
CO_g	-1.746969696969697	0.0	6.8	1.2505980986174023
CO_g	-1.7383838383838386	0.0	6.8	1.260986669809046
CO_g	-1.72979797979798	0.0	6.8	1.27137231225271
CO_g	-1.7212121212121212	0.0	6.8	1.2817527797135109
CO_g	-1.7126262626262627	0.0	6.8	1.2921248076135916
CO_g	-1.7040404040404042	0.0	6.8	1.3024836073365524
CO_g	-1.6954545454545455	0.0	6.8	1.3128221144623669
CO_g	-1.6868686868686869	0.0	6.8	1.3231298843759574
CO_g	-1.6782828282828284	0.0	6.8	1.3333915006898434
CO_g	-1.66969696969697	0.0	6.8	1.3435843511932766
CO_g	-1.6611111111111112	0.0	6.8	1.3536756722364789
CO_g	-1.6525252525252525	0.0	6.8	1.3636189423478695
CO_g	-1.643939393939394	0.0	6.8	1.3733501339817449
CO_g	-1.6353535353535356	0.0	6.8	1.3827850973192348
CO_g	-1.6267676767676769	0.0	6.8	1.3918203054927336
CO_g	-1.6181818181818182	0.0	6.8	1.4003396209047518
CO_g	-1.6095959595959597	0.0	6.8	1.408228369734356
CO_g	-1.6010101010101012	0.0	6.8	1.4153922159552312
CO_g	-1.5924242424242423	0.0	6.8	1.4217741444657588
CO_g	-1.5838383838383838	0.0	6.8	1.4273624054346064
CO_g	-1.5752525252525251	0.0	6.8	1.4321869600003705
CO_g	-1.5666666666666669	0.0	6.8	1.436307878476362
CO_g	-1.5580808080808082	0.0	6.8	1.439801570822269
CO_g	-1.5494949494949497	0.0	6.8	1.4427492377369306
CO_g	-1.540909090909091	0.0	6.8	1.4452291708447211
CO_g	-1.5323232323232323	0.0	6.8	1.447312596364065
CO_g	-1.5237373737373738	0.0	6.8	1.4490620341011986
CO_g	-1.5151515151515151	0.0	6.8	1.4505311622218289
CO_g	-1.5065656565656569	0.0	6.8	1.4517654539466305
CO_g	-1.4979797979797982	0.0	6.8	1.453265349839997
CO_g	-1.4893939393939395	0.0	6.8	1.4566363431434006
CO_g	-1.4808080808080808	0.0	6.8	1.4601726478868584
CO_g	-1.4722222222222223	0.0	6.8	1.4638830278155208
CO_g	-1.4636363636363638	0.0	6.8	1.467768330572605
CO_g	-1.4550505050505051	0.0	6.8	1.471822881204189
CO_g	-1.4464646464646465	0.0	6.8	1.4760360342240502
CO_g	-1.437878787878788	0.0	6.8	1.4803937322572789
CO_g	-1.4292929292929295	0.0	6.8	1.4848799352157838
CO_g	-1.4207070707070708	0.0	6.8	1.4894778243980509
CO_g	-1.412121212121212	0.0	6.8	1.4941707348868285
CO_g	-1.4035353535353536	0.0	6.8	1.498942813514751
CO_g	-1.394949494949495	0.0	6.8	1.5037794308037848
CO_g	-1.3863636363636365	0.0	6.8	1.5086673920028708
CO_g	-1.3777777777777778	0.0	6.8	1.5135949970006488
CO_g	-1.3691919191919193	0.0	6.8	1.5185519954541982
CO_g	-1.3606060606060606	0.0	6.8	1.5235294758190243
CO_g	-1.352020202020202	0.0	6.8	1.5285197180049377
CO_g	-1.3434343434343434	0.0	6.8	1.5335160309135398
CO_g	-1.334848484848485	0.0	6.8	1.538512589007897
CO_g	-1.3262626262626265	0.0	6.8	1.5435042765734197
CO_g	-1.3176767676767678	0.0	6.8	1.5484865443510774
CO_g	-1.309090909090909	0.0	6.8	1.5534552805055215
CO_g	-1.3005050505050506	0.0	6.8	1.558406696141345
CO_g	-1.291919191919192	0.0	6.8	1.563337224535323
CO_g	-1.2833333333333334	0.0	6.8	1.568243432694572
CO_g	-1.2747474747474747	0.0	6.8	1.573121943615952
CO_g	-1.2661616161616165	0.0	6.8	1.5779693675930313
CO_g	-1.2575757575757576	0.0	6.8	1.5827822410131682
CO_g	-1.248989898989899	0.0	6.8	1.5875569712566613
CO_g	-1.2404040404040404	0.0	6.8	1.592289786521036
CO_g	-1.231818181818182	0.0	6.8	1.5969766896293287
CO_g	-1.2232323232323232	0.0	6.8	1.6016134151346488
CO_g	-1.2146464646464648	0.0	6.8	1.6061953893035017
CO_g	-1.206060606060606	0.0	6.8	1.6107176928499314
CO_g	-1.1974747474747476	0.0	6.8	1.615175026604276
CO_g	-1.1888888888888889	0.0	6.8	1.6195616806334228
CO_g	-1.1803030303030304	0.0	6.8	1.623871507673964
CO_g	-1.1717171717171715	0.0	6.8	1.628097902067988
CO_g	-1.1631313131313132	0.0	6.8	1.6322337856461788
CO_g	-1.1545454545454543	0.0	6.8	1.6362716020819128
CO_g	-1.145959595959596	0.0	6.8	1.6402033209806504
CO_g	-1.1373737373737374	0.0	6.8	1.6440204521504045
CO_g	-1.128787878787879	0.0	6.8	1.6477140689009877
CO_g	-1.1202020202020202	0.0	6.8	1.6512748368264538
CO_g	-1.1116161616161615	0.0	6.8	1.6546930420282246
CO_g	-1.103030303030303	0.0	6.8	1.6579586124782555
CO_g	-1.0944444444444446	0.0	6.8	1.661061133321464
CO_g	-1.085858585858586	0.0	6.8	1.6639898788708405
CO_g	-1.0772727272727274	0.0	6.8	1.6667339244881236
CO_g	-1.068686868686869	0.0	6.8	1.669282444163186
CO_g	-1.0601010101010102	0.0	6.8	1.6716252932100228
CO_g	-1.0515151515151515	0.0	6.8	1.673753860678452
CO_g	-1.042929292929293	0.0	6.8	1.6756619782193345
CO_g	-1.0343434343434343	0.0	6.8	1.6773465619565542
CO_g	-1.025757575757576	0.0	6.8	1.678807836666189
CO_g	-1.0171717171717172	0.0	6.8	1.6800494835773638
CO_g	-1.0085858585858587	0.0	6.8	1.6810797774728354
CO_g	-1.0	0.0	6.8	1.681915553495506
CO_g	-1.85	-3.0	6.8	0.0153573115615021
CO_g	-1.8414141414141416	-3.0	6.8	0.0181258584048962
CO_g	-1.8328282828282831	-3.0	6.8	0.0213880445489476
CO_g	-1.8242424242424244	-3.0	6.8	0.0252297624797719
CO_g	-1.8156565656565655	-3.0	6.8	0.0297510298281189
CO_g	-1.8070707070707075	-3.0	6.8	0.0350679978225528
CO_g	-1.7984848484848486	-3.0	6.8	0.0413151238835734
CO_g	-1.78989898989899	-3.0	6.8	0.0486474713057741
CO_g	-1.7813131313131314	-3.0	6.8	0.0572430731433864
CO_g	-1.772727272727273	-3.0	6.8	0.0673052633330842
CO_g	-1.7641414141414142	-3.0	6.8	0.079064834780168
CO_g	-1.7555555555555555	-3.0	6.8	0.0927818314122166
CO_g	-1.746969696969697	-3.0	6.8	0.1087467202896694
CO_g	-1.7383838383838386	-3.0	6.8	0.1272806242708602
CO_g	-1.72979797979798	-3.0	6.8	0.1487342322388161
CO_g	-1.7212121212121212	-3.0	6.8	0.1734849534888453
CO_g	-1.7126262626262627	-3.0	6.8	0.2019318612243164
CO_g	-1.7040404040404042	-3.0	6.8	0.2344879970679292
CO_g	-1.6954545454545455	-3.0	6.8	0.2715697058754897
CO_g	-1.6868686868686869	-3.0	6.8	0.3135828571470363
CO_g	-1.6782828282828284	-3.0	6.8	0.3609060955907369
CO_g	-1.66969696969697	-3.0	6.8	0.4138716404817172
CO_g	-1.6611111111111112	-3.0	6.8	0.4727445873558068
CO_g	-1.6525252525252525	-3.0	6.8	0.5377020938211865
CO_g	-1.643939393939394	-3.0	6.8	0.6088141687118297
CO_g	-1.6353535353535356	-3.0	6.8	0.6860279390818228
CO_g	-1.6267676767676769	-3.0	6.8	0.7691571701088371
CO_g	-1.6181818181818182	-3.0	6.8	0.8378847287144265
CO_g	-1.6095959595959597	-3.0	6.8	0.8775043077398156
CO_g	-1.6010101010101012	-3.0	6.8	0.9079476796421432
CO_g	-1.5924242424242423	-3.0	6.8	0.9335827820033058
CO_g	-1.5838383838383838	-3.0	6.8	0.956118840034513
CO_g	-1.5752525252525251	-3.0	6.8	0.9764345213380724
CO_g	-1.5666666666666669	-3.0	6.8	0.9950507542355198
CO_g	-1.5580808080808082	-3.0	6.8	1.012304885112139
CO_g	-1.5494949494949497	-3.0	6.8	1.0284286819903683
CO_g	-1.540909090909091	-3.0	6.8	1.0435880218823343
CO_g	-1.5323232323232323	-3.0	6.8	1.057904993174434
CO_g	-1.5237373737373738	-3.0	6.8	1.071471064105955
CO_g	-1.5151515151515151	-3.0	6.8	1.0843553505438277
CO_g	-1.5065656565656569	-3.0	6.8	1.0966100319208836
CO_g	-1.4979797979797982	-3.0	6.8	1.1082740322785445
CO_g	-1.4893939393939395	-3.0	6.8	1.1193756148153695
CO_g	-1.4808080808080808	-3.0	6.8	1.1299342906187315
CO_g	-1.4722222222222223	-3.0	6.8	1.139962306865607
CO_g	-1.4636363636363638	-3.0	6.8	1.1494784793555235
CO_g	-1.4550505050505051	-3.0	6.8	1.1584968916601464
CO_g	-1.4464646464646465	-3.0	6.8	1.1670133552782875
CO_g	-1.437878787878788	-3.0	6.8	1.1750310065677687
CO_g	-1.4292929292929295	-3.0	6.8	1.1825525688732588
CO_g	-1.4207070707070708	-3.0	6.8	1.1895812095175782
CO_g	-1.412121212121212	-3.0	6.8	1.1961608552021092
CO_g	-1.4035353535353536	-3.0	6.8	1.2023410658971028
CO_g	-1.394949494949495	-3.0	6.8	1.208111293230567
CO_g	-1.3863636363636365	-3.0	6.8	1.2134654373655405
CO_g	-1.3777777777777778	-3.0	6.8	1.2184025896394777
CO_g	-1.3691919191919193	-3.0	6.8	1.2229271177997163
CO_g	-1.3606060606060606	-3.0	6.8	1.2270485242768956
CO_g	-1.352020202020202	-3.0	6.8	1.2307810852674013
CO_g	-1.3434343434343434	-3.0	6.8	1.2341432980391884
CO_g	-1.334848484848485	-3.0	6.8	1.2371571805543555
CO_g	-1.3262626262626265	-3.0	6.8	1.2398474788233478
CO_g	-1.3176767676767678	-3.0	6.8	1.2422408418384931
CO_g	-1.309090909090909	-3.0	6.8	1.244365021164897
CO_g	-1.3005050505050506	-3.0	6.8	1.2462481432842063
CO_g	-1.291919191919192	-3.0	6.8	1.2479180896048592
CO_g	-1.2833333333333334	-3.0	6.8	1.2494020041393352
CO_g	-1.2747474747474747	-3.0	6.8	1.2507259344808963
CO_g	-1.2661616161616165	-3.0	6.8	1.251914599466377
CO_g	-1.2575757575757576	-3.0	6.8	1.252991267414716
CO_g	-1.248989898989899	-3.0	6.8	1.2539777217460495
CO_g	-1.2404040404040404	-3.0	6.8	1.2548942849292068
CO_g	-1.231818181818182	-3.0	6.8	1.2557598651731294
CO_g	-1.2232323232323232	-3.0	6.8	1.2565919805367445
CO_g	-1.2146464646464648	-3.0	6.8	1.257406699189451
CO_g	-1.206060606060606	-3.0	6.8	1.2582184096879758
CO_g	-1.1974747474747476	-3.0	6.8	1.259039301378384
CO_g	-1.1888888888888889	-3.0	6.8	1.2598784017721667
CO_g	-1.1803030303030304	-3.0	6.8	1.260740017420854
CO_g	-1.1717171717171715	-3.0	6.8	1.261621532024102
CO_g	-1.1631313131313132	-3.0	6.8	1.2625108478963118
CO_g	-1.1545454545454543	-3.0	6.8	1.263384387592268
CO_g	-1.145959595959596	-3.0	6.8	1.2642072776569184
CO_g	-1.1373737373737374	-3.0	6.8	1.264937350592401
CO_g	-1.128787878787879	-3.0	6.8	1.2655330562034313
CO_g	-1.1202020202020202	-3.0	6.8	1.2659627191653016
CO_g	-1.1116161616161615	-3.0	6.8	1.2662111136924712
CO_g	-1.103030303030303	-3.0	6.8	1.26628078237811
CO_g	-1.0944444444444446	-3.0	6.8	1.266188600972549
CO_g	-1.085858585858586	-3.0	6.8	1.265960076101098
CO_g	-1.0772727272727274	-3.0	6.8	1.265623796737818
CO_g	-1.068686868686869	-3.0	6.8	1.2652073179340504
CO_g	-1.0601010101010102	-3.0	6.8	1.2647346952277754
CO_g	-1.0515151515151515	-3.0	6.8	1.2642253402216783
CO_g	-1.042929292929293	-3.0	6.8	1.2636937416424971
CO_g	-1.0343434343434343	-3.0	6.8	1.26314969003331
CO_g	-1.025757575757576	-3.0	6.8	1.262598837395617
CO_g	-1.0171717171717172	-3.0	6.8	1.262043706561082
CO_g	-1.0085858585858587	-3.0	6.8	1.2614857069782717
CO_g	-1.0	-3.0	6.8	1.2609292789149764
CO_t_1	-1.85	0.0	6.8	0.2824460475668324
CO_t_1	-1.8414141414141416	0.0	6.8	0.2854985504060087
CO_t_1	-1.8328282828282831	0.0	6.8	0.2884586211454831
CO_t_1	-1.8242424242424244	0.0	6.8	0.2913341178932513
CO_t_1	-1.8156565656565655	0.0	6.8	0.2941318392271297
CO_t_1	-1.8070707070707075	0.0	6.8	0.2968577118300903
CO_t_1	-1.7984848484848486	0.0	6.8	0.2995169365840016
CO_t_1	-1.78989898989899	0.0	6.8	0.3021353930160248
CO_t_1	-1.7813131313131314	0.0	6.8	0.3047535228149964
CO_t_1	-1.772727272727273	0.0	6.8	0.3073720557305921
CO_t_1	-1.7641414141414142	0.0	6.8	0.3099908769494186
CO_t_1	-1.7555555555555555	0.0	6.8	0.3126098361311051
CO_t_1	-1.746969696969697	0.0	6.8	0.3152287307289707
CO_t_1	-1.7383838383838386	0.0	6.8	0.3178472809568362
CO_t_1	-1.72979797979798	0.0	6.8	0.320465092137925
CO_t_1	-1.7212121212121212	0.0	6.8	0.3230815980469367
CO_t_1	-1.7126262626262627	0.0	6.8	0.3256959757668157
CO_t_1	-1.7040404040404042	0.0	6.8	0.3283070182189976
CO_t_1	-1.6954545454545455	0.0	6.8	0.3309129446671243
CO_t_1	-1.6868686868686869	0.0	6.8	0.3335111223343474
CO_t_1	-1.6782828282828284	0.0	6.8	0.3360976652154926
CO_t_1	-1.66969696969697	0.0	6.8	0.3386668734607425
CO_t_1	-1.6611111111111112	0.0	6.8	0.3412104883514256
CO_t_1	-1.6525252525252525	0.0	6.8	0.3437167832319224
CO_t_1	-1.643939393939394	0.0	6.8	0.346169618670944
CO_t_1	-1.6353535353535356	0.0	6.8	0.3485477829634948
CO_t_1	-1.6267676767676769	0.0	6.8	0.3508251799241792
CO_t_1	-1.6181818181818182	0.0	6.8	0.3529725343929106
CO_t_1	-1.6095959595959597	0.0	6.8	0.3549609399000264
CO_t_1	-1.6010101010101012	0.0	6.8	0.356766616153254
CO_t_1	-1.5924242424242423	0.0	6.8	0.3583751899273795
CO_t_1	-1.5838383838383838	0.0	6.8	0.3597836976012702
CO_t_1	-1.5752525252525251	0.0	6.8	0.3609996892723608
CO_t_1	-1.5666666666666669	0.0	6.8	0.3620383043493937
CO_t_1	-1.5580808080808082	0.0	6.8	0.3629188007034667
CO_t_1	-1.5494949494949497	0.0	6.8	0.3636616435611077
CO_t_1	-1.540909090909091	0.0	6.8	0.3642865645790792
CO_t_1	-1.5323232323232323	0.0	6.8	0.3648115141223003
CO_t_1	-1.5237373737373738	0.0	6.8	0.3652522475583331
CO_t_1	-1.5151515151515151	0.0	6.8	0.3656222911012546
CO_t_1	-1.5065656565656569	0.0	6.8	0.3659331022244121
CO_t_1	-1.4979797979797982	0.0	6.8	0.3663108294323475
CO_t_1	-1.4893939393939395	0.0	6.8	0.3671601993193816
CO_t_1	-1.4808080808080808	0.0	6.8	0.3680512072610723
CO_t_1	-1.4722222222222223	0.0	6.8	0.3689860603647169
CO_t_1	-1.4636363636363638	0.0	6.8	0.369964970136226
CO_t_1	-1.4550505050505051	0.0	6.8	0.3709865036687368
CO_t_1	-1.4464646464646465	0.0	6.8	0.3720479748053983
CO_t_1	-1.437878787878788	0.0	6.8	0.3731458369695149
CO_t_1	-1.4292929292929295	0.0	6.8	0.3742760433692773
CO_t_1	-1.4207070707070708	0.0	6.8	0.3754343504757094
CO_t_1	-1.412121212121212	0.0	6.8	0.3766165530178536
CO_t_1	-1.4035353535353536	0.0	6.8	0.37781864980368
CO_t_1	-1.394949494949495	0.0	6.8	0.3790369475237799
CO_t_1	-1.3863636363636365	0.0	6.8	0.3802681139096097
CO_t_1	-1.3777777777777778	0.0	6.8	0.3815091927913974
CO_t_1	-1.3691919191919193	0.0	6.8	0.3827575927352179
CO_t_1	-1.3606060606060606	0.0	6.8	0.3840110590093191
CO_t_1	-1.352020202020202	0.0	6.8	0.3852676363712596
CO_t_1	-1.3434343434343434	0.0	6.8	0.3865256280326804
CO_t_1	-1.334848484848485	0.0	6.8	0.3877835543674335
CO_t_1	-1.3262626262626265	0.0	6.8	0.3890401135443376
CO_t_1	-1.3176767676767678	0.0	6.8	0.3902941452628367
CO_t_1	-1.309090909090909	0.0	6.8	0.3915445980842319
CO_t_1	-1.3005050505050506	0.0	6.8	0.3927905004097965
CO_t_1	-1.291919191919192	0.0	6.8	0.3940309348931146
CO_t_1	-1.2833333333333334	0.0	6.8	0.3952650159328495
CO_t_1	-1.2747474747474747	0.0	6.8	0.3964918698324673
CO_t_1	-1.2661616161616165	0.0	6.8	0.3977106172055722
CO_t_1	-1.2575757575757576	0.0	6.8	0.3989203572292542
CO_t_1	-1.248989898989899	0.0	6.8	0.4001201533901656
CO_t_1	-1.2404040404040404	0.0	6.8	0.4013090204211921
CO_t_1	-1.231818181818182	0.0	6.8	0.4024859121865623
CO_t_1	-1.2232323232323232	0.0	6.8	0.4036497103388205
CO_t_1	-1.2146464646464648	0.0	6.8	0.4047992136429372
CO_t_1	-1.206060606060606	0.0	6.8	0.4059331279431329
CO_t_1	-1.1974747474747476	0.0	6.8	0.4070500568399552
CO_t_1	-1.1888888888888889	0.0	6.8	0.4081484932527335
CO_t_1	-1.1803030303030304	0.0	6.8	0.4092268121699912
CO_t_1	-1.1717171717171715	0.0	6.8	0.4102832650415827
CO_t_1	-1.1631313131313132	0.0	6.8	0.4113159764436471
CO_t_1	-1.1545454545454543	0.0	6.8	0.4123229438500594
CO_t_1	-1.145959595959596	0.0	6.8	0.4133020415650241
CO_t_1	-1.1373737373737374	0.0	6.8	0.4142510300937224
CO_t_1	-1.128787878787879	0.0	6.8	0.4151675724182627
CO_t_1	-1.1202020202020202	0.0	6.8	0.4160492587470055
CO_t_1	-1.1116161616161615	0.0	6.8	0.4168936412239192
CO_t_1	-1.103030303030303	0.0	6.8	0.4176982796811681
CO_t_1	-1.0944444444444446	0.0	6.8	0.418460798600292
CO_t_1	-1.085858585858586	0.0	6.8	0.4191789537979344
CO_t_1	-1.0772727272727274	0.0	6.8	0.4198507048514601
CO_t_1	-1.068686868686869	0.0	6.8	0.4204742861917701
CO_t_1	-1.0601010101010102	0.0	6.8	0.4210482671287205
CO_t_1	-1.0515151515151515	0.0	6.8	0.4215715906406057
CO_t_1	-1.042929292929293	0.0	6.8	0.4220435846623091
CO_t_1	-1.0343434343434343	0.0	6.8	0.4224639507514247
CO_t_1	-1.025757575757576	0.0	6.8	0.4228327612724281
CO_t_1	-1.0171717171717172	0.0	6.8	0.423150557629992
CO_t_1	-1.0085858585858587	0.0	6.8	0.4234187699624352
CO_t_1	-1.0	0.0	6.8	0.4236408614750588
CO_t_1	-1.85	-3.0	6.8	0.003871004294355
CO_t_1	-1.8414141414141416	-3.0	6.8	0.004568851484404
CO_t_1	-1.8328282828282831	-3.0	6.8	0.0053911266933191
CO_t_1	-1.8242424242424244	-3.0	6.8	0.0063594802067818
CO_t_1	-1.8156565656565655	-3.0	6.8	0.0074991227315354
CO_t_1	-1.8070707070707075	-3.0	6.8	0.0088393316513699
CO_t_1	-1.7984848484848486	-3.0	6.8	0.0104139986569029
CO_t_1	-1.78989898989899	-3.0	6.8	0.0122622094095058
CO_t_1	-1.7813131313131314	-3.0	6.8	0.0144288393885038
CO_t_1	-1.772727272727273	-3.0	6.8	0.0169651414801134
CO_t_1	-1.7641414141414142	-3.0	6.8	0.019929289950315
CO_t_1	-1.7555555555555555	-3.0	6.8	0.0233868321546043
CO_t_1	-1.746969696969697	-3.0	6.8	0.0274109839832643
CO_t_1	-1.7383838383838386	-3.0	6.8	0.0320826885075252
CO_t_1	-1.72979797979798	-3.0	6.8	0.0374903412884683
CO_t_1	-1.7212121212121212	-3.0	6.8	0.0437290731044865
CO_t_1	-1.7126262626262627	-3.0	6.8	0.0508994753955473
CO_t_1	-1.7040404040404042	-3.0	6.8	0.0591056605180886
CO_t_1	-1.6954545454545455	-3.0	6.8	0.0684525734501623
CO_t_1	-1.6868686868686869	-3.0	6.8	0.0790425187241278
CO_t_1	-1.6782828282828284	-3.0	6.8	0.0909709385197885
CO_t_1	-1.66969696969697	-3.0	6.8	0.1043215729003405
CO_t_1	-1.6611111111111112	-3.0	6.8	0.1191612425429251
CO_t_1	-1.6525252525252525	-3.0	6.8	0.1355346022596361
CO_t_1	-1.643939393939394	-3.0	6.8	0.1534592986610713
CO_t_1	-1.6353535353535356	-3.0	6.8	0.1729220044535916
CO_t_1	-1.6267676767676769	-3.0	6.8	0.1938757767986601
CO_t_1	-1.6181818181818182	-3.0	6.8	0.2111991192374652
CO_t_1	-1.6095959595959597	-3.0	6.8	0.2211848865784803
CO_t_1	-1.6010101010101012	-3.0	6.8	0.2288574381715752
CO_t_1	-1.5924242424242423	-3.0	6.8	0.2353178366124796
CO_t_1	-1.5838383838383838	-3.0	6.8	0.2409969399924262
CO_t_1	-1.5752525252525251	-3.0	6.8	0.2461162398499412
CO_t_1	-1.5666666666666669	-3.0	6.8	0.2508070485047181
CO_t_1	-1.5580808080808082	-3.0	6.8	0.2551544003693043
CO_t_1	-1.5494949494949497	-3.0	6.8	0.2592167149056996
CO_t_1	-1.540909090909091	-3.0	6.8	0.263035800827911
CO_t_1	-1.5323232323232323	-3.0	6.8	0.2666424274530063
CO_t_1	-1.5237373737373738	-3.0	6.8	0.2700596439433035
CO_t_1	-1.5151515151515151	-3.0	6.8	0.2733048631156856
CO_t_1	-1.5065656565656569	-3.0	6.8	0.2763912262829207
CO_t_1	-1.4979797979797982	-3.0	6.8	0.2793285306707083
CO_t_1	-1.4893939393939395	-3.0	6.8	0.2821238828434213
CO_t_1	-1.4808080808080808	-3.0	6.8	0.2847821791244286
CO_t_1	-1.4722222222222223	-3.0	6.8	0.2873064798680064
CO_t_1	-1.4636363636363638	-3.0	6.8	0.2897014968787023
CO_t_1	-1.4550505050505051	-3.0	6.8	0.2919707434772223
CO_t_1	-1.4464646464646465	-3.0	6.8	0.2941131177064892
CO_t_1	-1.437878787878788	-3.0	6.8	0.2961293565244331
CO_t_1	-1.4292929292929295	-3.0	6.8	0.2980200832121918
CO_t_1	-1.4207070707070708	-3.0	6.8	0.2997860220882797
CO_t_1	-1.412121212121212	-3.0	6.8	0.3014381586246521
CO_t_1	-1.4035353535353536	-3.0	6.8	0.3029888839454053
CO_t_1	-1.394949494949495	-3.0	6.8	0.3044354230164632
CO_t_1	-1.3863636363636365	-3.0	6.8	0.3057761045854112
CO_t_1	-1.3777777777777778	-3.0	6.8	0.3070105462000085
CO_t_1	-1.3691919191919193	-3.0	6.8	0.3081396732658357
CO_t_1	-1.3606060606060606	-3.0	6.8	0.30916568058988
CO_t_1	-1.352020202020202	-3.0	6.8	0.3100919383117241
CO_t_1	-1.3434343434343434	-3.0	6.8	0.3109228490655959
CO_t_1	-1.334848484848485	-3.0	6.8	0.311663667412114
CO_t_1	-1.3262626262626265	-3.0	6.8	0.3123202954262897
CO_t_1	-1.3176767676767678	-3.0	6.8	0.3128990694439766
CO_t_1	-1.309090909090909	-3.0	6.8	0.3134065522757099
CO_t_1	-1.3005050505050506	-3.0	6.8	0.3138493429479744
CO_t_1	-1.291919191919192	-3.0	6.8	0.3142339127417238
CO_t_1	-1.2833333333333334	-3.0	6.8	0.3145664726012604
CO_t_1	-1.2747474747474747	-3.0	6.8	0.3148528734801305
CO_t_1	-1.2661616161616165	-3.0	6.8	0.3150985383127435
CO_t_1	-1.2575757575757576	-3.0	6.8	0.3153084222793759
CO_t_1	-1.248989898989899	-3.0	6.8	0.315486996902394
CO_t_1	-1.2404040404040404	-3.0	6.8	0.3156382531716913
CO_t_1	-1.231818181818182	-3.0	6.8	0.3157657191822561
CO_t_1	-1.2232323232323232	-3.0	6.8	0.3158724885087531
CO_t_1	-1.2146464646464648	-3.0	6.8	0.3159612566089046
CO_t_1	-1.206060606060606	-3.0	6.8	0.3160343638473949
CO_t_1	-1.1974747474747476	-3.0	6.8	0.3160938451662067
CO_t_1	-1.1888888888888889	-3.0	6.8	0.3161414877510595
CO_t_1	-1.1803030303030304	-3.0	6.8	0.3161788985825854
CO_t_1	-1.1717171717171715	-3.0	6.8	0.3162075820214932
CO_t_1	-1.1631313131313132	-3.0	6.8	0.316229021228527
CO_t_1	-1.1545454545454543	-3.0	6.8	0.3162447448503045
CO_t_1	-1.145959595959596	-3.0	6.8	0.3162563465494344
CO_t_1	-1.1373737373737374	-3.0	6.8	0.3162654249352836
CO_t_1	-1.128787878787879	-3.0	6.8	0.3162734424737203
CO_t_1	-1.1202020202020202	-3.0	6.8	0.3162815548195229
CO_t_1	-1.1116161616161615	-3.0	6.8	0.3162904908330234
CO_t_1	-1.103030303030303	-3.0	6.8	0.3163005340470609
CO_t_1	-1.0944444444444446	-3.0	6.8	0.3163115948720737
CO_t_1	-1.085858585858586	-3.0	6.8	0.3163233232943186
CO_t_1	-1.0772727272727274	-3.0	6.8	0.3163352131221753
CO_t_1	-1.068686868686869	-3.0	6.8	0.316346671424889
CO_t_1	-1.0601010101010102	-3.0	6.8	0.3163570478092975
CO_t_1	-1.0515151515151515	-3.0	6.8	0.3163656295702107
CO_t_1	-1.042929292929293	-3.0	6.8	0.3163716135758479
CO_t_1	-1.0343434343434343	-3.0	6.8	0.3163740711026884
CO_t_1	-1.025757575757576	-3.0	6.8	0.3163719374854835
CO_t_1	-1.0171717171717172	-3.0	6.8	0.316364100215475
CO_t_1	-1.0085858585858587	-3.0	6.8	0.3163497490849012
CO_t_1	-1.0	-3.0	6.8	0.3163292809087401
H2_g	-1.85	0.0	6.8	63.7242808293697
H2_g	-1.8414141414141416	0.0	6.8	49.63263965898392
H2_g	-1.8328282828282831	0.0	6.8	38.64805510266488
H2_g	-1.8242424242424244	0.0	6.8	30.088133285055907
H2_g	-1.8156565656565655	0.0	6.8	23.419544360909065
H2_g	-1.8070707070707075	0.0	6.8	18.225712871036876
H2_g	-1.7984848484848486	0.0	6.8	14.181429393217348
H2_g	-1.78989898989899	0.0	6.8	11.03336186714949
H2_g	-1.7813131313131314	0.0	6.8	8.583849090149915
H2_g	-1.772727272727273	0.0	6.8	6.677970762809387
H2_g	-1.7641414141414142	0.0	6.8	5.195133702673607
H2_g	-1.7555555555555555	0.0	6.8	4.041483078052526
H2_g	-1.746969696969697	0.0	6.8	3.143977225668144
H2_g	-1.7383838383838386	0.0	6.8	2.445774752489504
H2_g	-1.72979797979798	0.0	6.8	1.9026434638546812
H2_g	-1.7212121212121212	0.0	6.8	1.4801649062889417
H2_g	-1.7126262626262627	0.0	6.8	1.1515583577532085
H2_g	-1.7040404040404042	0.0	6.8	0.8959870763832474
H2_g	-1.6954545454545455	0.0	6.8	0.6972399744527001
H2_g	-1.6868686868686869	0.0	6.8	0.5427055204936834
H2_g	-1.6782828282828284	0.0	6.8	0.4225730713306342
H2_g	-1.66969696969697	0.0	6.8	0.3292111517643053
H2_g	-1.6611111111111112	0.0	6.8	0.256683334851544
H2_g	-1.6525252525252525	0.0	6.8	0.2003710431458352
H2_g	-1.643939393939394	0.0	6.8	0.1566793719400265
H2_g	-1.6353535353535356	0.0	6.8	0.1228074263886924
H2_g	-1.6267676767676769	0.0	6.8	0.0965690872701862
H2_g	-1.6181818181818182	0.0	6.8	0.0762538294962542
H2_g	-1.6095959595959597	0.0	6.8	0.0605201021832491
H2_g	-1.6010101010101012	0.0	6.8	0.0483153503495729
H2_g	-1.5924242424242423	0.0	6.8	0.038816810466756
H2_g	-1.5838383838383838	0.0	6.8	0.0313867374505938
H2_g	-1.5752525252525251	0.0	6.8	0.0255363920921892
H2_g	-1.5666666666666669	0.0	6.8	0.0208953277797469
H2_g	-1.5580808080808082	0.0	6.8	0.0171848866085424
H2_g	-1.5494949494949497	0.0	6.8	0.0141960168811425
H2_g	-1.540909090909091	0.0	6.8	0.0117715414654043
H2_g	-1.5323232323232323	0.0	6.8	0.0097925677865432
H2_g	-1.5237373737373738	0.0	6.8	0.0081683864667102
H2_g	-1.5151515151515151	0.0	6.8	0.0068291007856569
H2_g	-1.5065656565656569	0.0	6.8	0.0057202933797632
H2_g	-1.4979797979797982	0.0	6.8	0.0047812107824255
H2_g	-1.4893939393939395	0.0	6.8	0.0039361013811345
H2_g	-1.4808080808080808	0.0	6.8	0.0032360255747559
H2_g	-1.4722222222222223	0.0	6.8	0.002656708627253
H2_g	-1.4636363636363638	0.0	6.8	0.0021780062658105
H2_g	-1.4550505050505051	0.0	6.8	0.0017831070915359
H2_g	-1.4464646464646465	0.0	6.8	0.0014579285447217
H2_g	-1.437878787878788	0.0	6.8	0.0011906524285139
H2_g	-1.4292929292929295	0.0	6.8	0.0009713598845801
H2_g	-1.4207070707070708	0.0	6.8	0.000791736995534
H2_g	-1.412121212121212	0.0	6.8	0.0006448311718407
H2_g	-1.4035353535353536	0.0	6.8	0.0005248452611319
H2_g	-1.394949494949495	0.0	6.8	0.0004269610747683
H2_g	-1.3863636363636365	0.0	6.8	0.0003471870946228
H2_g	-1.3777777777777778	0.0	6.8	0.0002822269279749
H2_g	-1.3691919191919193	0.0	6.8	0.0002293660399061
H2_g	-1.3606060606060606	0.0	6.8	0.0001863747556973
H2_g	-1.352020202020202	0.0	6.8	0.0001514257351884
H2_g	-1.3434343434343434	0.0	6.8	0.0001230242282527
H2_g	-1.334848484848485	0.0	6.8	9.994950594224676e-05
H2_g	-1.3262626262626265	0.0	6.8	8.12059596842607e-05
H2_g	-1.3176767676767678	0.0	6.8	6.59824792229601e-05
H2_g	-1.309090909090909	0.0	6.8	5.361885456929689e-05
H2_g	-1.3005050505050506	0.0	6.8	4.357808971451796e-05
H2_g	-1.291919191919192	0.0	6.8	3.542365806420255e-05
H2_g	-1.2833333333333334	0.0	6.8	2.880086508741171e-05
H2_g	-1.2747474747474747	0.0	6.8	2.342160838663803e-05
H2_g	-1.2661616161616165	0.0	6.8	1.905193707112636e-05
H2_g	-1.2575757575757576	0.0	6.8	1.550191023908429e-05
H2_g	-1.248989898989899	0.0	6.8	1.2617338838953895e-05
H2_g	-1.2404040404040404	0.0	6.8	1.027306710263952e-05
H2_g	-1.231818181818182	0.0	6.8	8.367510366952745e-06
H2_g	-1.2232323232323232	0.0	6.8	6.818216788768553e-06
H2_g	-1.2146464646464648	0.0	6.8	5.558262572150556e-06
H2_g	-1.206060606060606	0.0	6.8	4.533325135572771e-06
H2_g	-1.1974747474747476	0.0	6.8	3.699307304528034e-06
H2_g	-1.1888888888888889	0.0	6.8	3.0204091310394308e-06
H2_g	-1.1803030303030304	0.0	6.8	2.467563190278593e-06
H2_g	-1.1717171717171715	0.0	6.8	2.0171649293258587e-06
H2_g	-1.1631313131313132	0.0	6.8	1.6500424711808605e-06
H2_g	-1.1545454545454543	0.0	6.8	1.3506207339311166e-06
H2_g	-1.145959595959596	0.0	6.8	1.1062432497226684e-06
H2_g	-1.1373737373737374	0.0	6.8	9.066220283530972e-07
H2_g	-1.128787878787879	0.0	6.8	7.43391514221689e-07
H2_g	-1.1202020202020202	0.0	6.8	6.097473892239223e-07
H2_g	-1.1116161616161615	0.0	6.8	5.00154876119529e-07
H2_g	-1.103030303030303	0.0	6.8	4.101144034303148e-07
H2_g	-1.0944444444444446	0.0	6.8	3.359749437252343e-07
H2_g	-1.085858585858586	0.0	6.8	2.7478671889876294e-07
H2_g	-1.0772727272727274	0.0	6.8	2.2418479784353597e-07
H2_g	-1.068686868686869	0.0	6.8	1.8229339079704095e-07
H2_g	-1.0601010101010102	0.0	6.8	1.4763912814821026e-07
H2_g	-1.0515151515151515	0.0	6.8	1.19064130903054e-07
H2_g	-1.042929292929293	0.0	6.8	9.563858493407246e-08
H2_g	-1.0343434343434343	0.0	6.8	7.658315571246724e-08
H2_g	-1.025757575757576	0.0	6.8	6.121432702883803e-08
H2_g	-1.0171717171717172	0.0	6.8	4.8917486323438515e-08
H2_g	-1.0085858585858587	0.0	6.8	3.914126682775589e-08
H2_g	-1.0	0.0	6.8	3.140145550068744e-08
H2_g	-1.85	-3.0	6.8	250.57096468978648
H2_g	-1.8414141414141416	-3.0	6.8	211.847934174481
H2_g	-1.8328282828282831	-3.0	6.8	179.08663010367124
H2_g	-1.8242424242424244	-3.0	6.8	151.36934705570667
H2_g	-1.8156565656565655	-3.0	6.8	127.91967022732324
H2_g	-1.8070707070707075	-3.0	6.8	108.08072619933895
H2_g	-1.7984848484848486	-3.0	6.8	91.29678209246512
H2_g	-1.78989898989899	-3.0	6.8	77.0976776150213
H2_g	-1.7813131313131314	-3.0	6.8	65.08565384189696
H2_g	-1.772727272727273	-3.0	6.8	54.92420968165226
H2_g	-1.7641414141414142	-3.0	6.8	46.32867376365919
H2_g	-1.7555555555555555	-3.0	6.8	39.05822750722072
H2_g	-1.746969696969697	-3.0	6.8	32.909155760402314
H2_g	-1.7383838383838386	-3.0	6.8	27.709135765190982
H2_g	-1.72979797979798	-3.0	6.8	23.312404284732818
H2_g	-1.7212121212121212	-3.0	6.8	19.595667341304857
H2_g	-1.7126262626262627	-3.0	6.8	16.454637861141244
H2_g	-1.7040404040404042	-3.0	6.8	13.801104200198129
H2_g	-1.6954545454545455	-3.0	6.8	11.560447539241173
H2_g	-1.6868686868686869	-3.0	6.8	9.669538912709166
H2_g	-1.6782828282828284	-3.0	6.8	8.074957525415334
H2_g	-1.66969696969697	-3.0	6.8	6.731481296617818
H2_g	-1.6611111111111112	-3.0	6.8	5.60080847004593
H2_g	-1.6525252525252525	-3.0	6.8	4.650475802313854
H2_g	-1.643939393939394	-3.0	6.8	3.852944409746332
H2_g	-1.6353535353535356	-3.0	6.8	3.184828912548183
H2_g	-1.6267676767676769	-3.0	6.8	2.6262491659278284
H2_g	-1.6181818181818182	-3.0	6.8	2.132577202943589
H2_g	-1.6095959595959597	-3.0	6.8	1.6952245704674722
H2_g	-1.6010101010101012	-3.0	6.8	1.3389663944802308
H2_g	-1.5924242424242423	-3.0	6.8	1.054211738773753
H2_g	-1.5838383838383838	-3.0	6.8	0.8284320392776178
H2_g	-1.5752525252525251	-3.0	6.8	0.6502083021458769
H2_g	-1.5666666666666669	-3.0	6.8	0.5099190990130026
H2_g	-1.5580808080808082	-3.0	6.8	0.3997018491081434
H2_g	-1.5494949494949497	-3.0	6.8	0.3132288076403499
H2_g	-1.540909090909091	-3.0	6.8	0.2454523333734251
H2_g	-1.5323232323232323	-3.0	6.8	0.1923685992108281
H2_g	-1.5237373737373738	-3.0	6.8	0.1508139790058326
H2_g	-1.5151515151515151	-3.0	6.8	0.1182956692143693
H2_g	-1.5065656565656569	-3.0	6.8	0.0928535262247448
H2_g	-1.4979797979797982	-3.0	6.8	0.0729487160916671
H2_g	-1.4893939393939395	-3.0	6.8	0.0573746833408873
H2_g	-1.4808080808080808	-3.0	6.8	0.0451863575544985
H2_g	-1.4722222222222223	-3.0	6.8	0.0356440873152439
H2_g	-1.4636363636363638	-3.0	6.8	0.0281667927565292
H2_g	-1.4550505050505051	-3.0	6.8	0.0223016053261439
H2_g	-1.4464646464646465	-3.0	6.8	0.0176975292783108
H2_g	-1.437878787878788	-3.0	6.8	0.0140788151440138
H2_g	-1.4292929292929295	-3.0	6.8	0.0112302660528082
H2_g	-1.4207070707070708	-3.0	6.8	0.0089839969935606
H2_g	-1.412121212121212	-3.0	6.8	0.0072091940818558
H2_g	-1.4035353535353536	-3.0	6.8	0.0058037714787696
H2_g	-1.394949494949495	-3.0	6.8	0.0046879283968879
H2_g	-1.3863636363636365	-3.0	6.8	0.0037994637769202
H2_g	-1.3777777777777778	-3.0	6.8	0.003089868154391
H2_g	-1.3691919191919193	-3.0	6.8	0.0025212811346606
H2_g	-1.3606060606060606	-3.0	6.8	0.0020641247910996
H2_g	-1.352020202020202	-3.0	6.8	0.0016952635102243
H2_g	-1.3434343434343434	-3.0	6.8	0.0013965736798148
H2_g	-1.334848484848485	-3.0	6.8	0.0011538323045759
H2_g	-1.3262626262626265	-3.0	6.8	0.0009558536975132
H2_g	-1.3176767676767678	-3.0	6.8	0.0007938190552143
H2_g	-1.309090909090909	-3.0	6.8	0.0006607559387924
H2_g	-1.3005050505050506	-3.0	6.8	0.0005511342006282
H2_g	-1.291919191919192	-3.0	6.8	0.0004605523111085
H2_g	-1.2833333333333334	-3.0	6.8	0.0003854938141681
H2_g	-1.2747474747474747	-3.0	6.8	0.0003231381401924
H2_g	-1.2661616161616165	-3.0	6.8	0.0002712135140173
H2_g	-1.2575757575757576	-3.0	6.8	0.0002278824345654
H2_g	-1.248989898989899	-3.0	6.8	0.0001916523409936
H2_g	-1.2404040404040404	-3.0	6.8	0.0001613057492625
H2_g	-1.231818181818182	-3.0	6.8	0.0001358454447543
H2_g	-1.2232323232323232	-3.0	6.8	0.0001144513312385
H2_g	-1.2146464646464648	-3.0	6.8	9.644632855459482e-05
H2_g	-1.206060606060606	-3.0	6.8	8.126933376221272e-05
H2_g	-1.1974747474747476	-3.0	6.8	6.845375742318441e-05
H2_g	-1.1888888888888889	-3.0	6.8	5.761055335846672e-05
H2_g	-1.1803030303030304	-3.0	6.8	4.841499577840907e-05
H2_g	-1.1717171717171715	-3.0	6.8	4.059670497290932e-05
H2_g	-1.1631313131313132	-3.0	6.8	3.3932497655311864e-05
H2_g	-1.1545454545454543	-3.0	6.8	2.8241392334759583e-05
H2_g	-1.145959595959596	-3.0	6.8	2.3380476794460284e-05
H2_g	-1.1373737373737374	-3.0	6.8	1.923974276544489e-05
H2_g	-1.128787878787879	-3.0	6.8	1.573438875683829e-05
H2_g	-1.1202020202020202	-3.0	6.8	1.2795053512799938e-05
H2_g	-1.1116161616161615	-3.0	6.8	1.035868460773352e-05
H2_g	-1.103030303030303	-3.0	6.8	8.362986180831257e-06
H2_g	-1.0944444444444446	-3.0	6.8	6.745313330185031e-06
H2_g	-1.085858585858586	-3.0	6.8	5.444599055350292e-06
H2_g	-1.0772727272727274	-3.0	6.8	4.404162787911099e-06
H2_g	-1.068686868686869	-3.0	6.8	3.5738901559228184e-06
H2_g	-1.0601010101010102	-3.0	6.8	2.911252831352317e-06
H2_g	-1.0515151515151515	-3.0	6.8	2.381293111701845e-06
H2_g	-1.042929292929293	-3.0	6.8	1.9559400671686108e-06
H2_g	-1.0343434343434343	-3.0	6.8	1.613012369017201e-06
H2_g	-1.025757575757576	-3.0	6.8	1.3351581816327946e-06
H2_g	-1.0171717171717172	-3.0	6.8	1.108874352472265e-06
H2_g	-1.0085858585858587	-3.0	6.8	9.236674743304676e-07
H2_g	-1.0	-3.0	6.8	7.713707257463556e-07
H_t_1	-1.85	0.0	6.8	1.249679328863056e-07
H_t_1	-1.8414141414141416	0.0	6.8	1.2824044648857365e-07
H_t_1	-1.8328282828282831	0.0	6.8	1.315550261956847e-07
H_t_1	-1.8242424242424244	0.0	6.8	1.349146605695085e-07
H_t_1	-1.8156565656565655	0.0	6.8	1.383221359254263e-07
H_t_1	-1.8070707070707075	0.0	6.8	1.417800934133591e-07
H_t_1	-1.7984848484848486	0.0	6.8	1.4529107973603666e-07
H_t_1	-1.78989898989899	0.0	6.8	1.488663282071035e-07
H_t_1	-1.7813131313131314	0.0	6.8	1.5252400874522237e-07
H_t_1	-1.772727272727273	0.0	6.8	1.562667880088654e-07
H_t_1	-1.7641414141414142	0.0	6.8	1.6009724992922514e-07
H_t_1	-1.7555555555555555	0.0	6.8	1.640183236108149e-07
H_t_1	-1.746969696969697	0.0	6.8	1.6803343097785145e-07
H_t_1	-1.7383838383838386	0.0	6.8	1.7214671190261421e-07
H_t_1	-1.72979797979798	0.0	6.8	1.7636336905721566e-07
H_t_1	-1.7212121212121212	0.0	6.8	1.806901976203103e-07
H_t_1	-1.7126262626262627	0.0	6.8	1.8513639963849194e-07
H_t_1	-1.7040404040404042	0.0	6.8	1.897148344086466e-07
H_t_1	-1.6954545454545455	0.0	6.8	1.944439307198361e-07
H_t_1	-1.6868686868686869	0.0	6.8	1.99350589091931e-07
H_t_1	-1.6782828282828284	0.0	6.8	2.0447453032189002e-07
H_t_1	-1.66969696969697	0.0	6.8	2.0987467808705602e-07
H_t_1	-1.6611111111111112	0.0	6.8	2.156382271127677e-07
H_t_1	-1.6525252525252525	0.0	6.8	2.218928817522935e-07
H_t_1	-1.643939393939394	0.0	6.8	2.2882206287862047e-07
H_t_1	-1.6353535353535356	0.0	6.8	2.3668132778962854e-07
H_t_1	-1.6267676767676769	0.0	6.8	2.4581180849724095e-07
H_t_1	-1.6181818181818182	0.0	6.8	2.566442513026995e-07
H_t_1	-1.6095959595959597	0.0	6.8	2.6968793583343346e-07
H_t_1	-1.6010101010101012	0.0	6.8	2.8550484450666377e-07
H_t_1	-1.5924242424242423	0.0	6.8	3.0467879561281417e-07
H_t_1	-1.5838383838383838	0.0	6.8	3.277940632817104e-07
H_t_1	-1.5752525252525251	0.0	6.8	3.554328760329937e-07
H_t_1	-1.5666666666666669	0.0	6.8	3.881907063657328e-07
H_t_1	-1.5580808080808082	0.0	6.8	4.267014888341389e-07
H_t_1	-1.5494949494949497	0.0	6.8	4.716649973226502e-07
H_t_1	-1.540909090909091	0.0	6.8	5.238722679639698e-07
H_t_1	-1.5323232323232323	0.0	6.8	5.84228324436312e-07
H_t_1	-1.5237373737373738	0.0	6.8	6.537731954670664e-07
H_t_1	-1.5151515151515151	0.0	6.8	7.337026716717649e-07
H_t_1	-1.5065656565656569	0.0	6.8	8.253901224315177e-07
H_t_1	-1.4979797979797982	0.0	6.8	9.260111943081908e-07
H_t_1	-1.4893939393939395	0.0	6.8	1.0191569239671192e-06
H_t_1	-1.4808080808080808	0.0	6.8	1.1197716539975192e-06
H_t_1	-1.4722222222222223	0.0	6.8	1.2281243669819151e-06
H_t_1	-1.4636363636363638	0.0	6.8	1.3445464831332753e-06
H_t_1	-1.4550505050505051	0.0	6.8	1.4694508452250966e-06
H_t_1	-1.4464646464646465	0.0	6.8	1.6033465255502155e-06
H_t_1	-1.437878787878788	0.0	6.8	1.7468489372464331e-06
H_t_1	-1.4292929292929295	0.0	6.8	1.900685725607632e-06
H_t_1	-1.4207070707070708	0.0	6.8	2.0656995851647946e-06
H_t_1	-1.412121212121212	0.0	6.8	2.242849420328817e-06
H_t_1	-1.4035353535353536	0.0	6.8	2.433211207297712e-06
H_t_1	-1.394949494949495	0.0	6.8	2.6379796572560667e-06
H_t_1	-1.3863636363636365	0.0	6.8	2.8584714591951523e-06
H_t_1	-1.3777777777777778	0.0	6.8	3.096130588681637e-06
H_t_1	-1.3691919191919193	0.0	6.8	3.3525359528922235e-06
H_t_1	-1.3606060606060606	0.0	6.8	3.629411511913255e-06
H_t_1	-1.352020202020202	0.0	6.8	3.928638960713856e-06
H_t_1	-1.3434343434343434	0.0	6.8	4.252273056917878e-06
H_t_1	-1.334848484848485	0.0	6.8	4.602559718647368e-06
H_t_1	-1.3262626262626265	0.0	6.8	4.981957080498934e-06
H_t_1	-1.3176767676767678	0.0	6.8	5.393159775072644e-06
H_t_1	-1.309090909090909	0.0	6.8	5.839126797321401e-06
H_t_1	-1.3005050505050506	0.0	6.8	6.323113406990611e-06
H_t_1	-1.291919191919192	0.0	6.8	6.848707629688472e-06
H_t_1	-1.2833333333333334	0.0	6.8	7.419872028966013e-06
H_t_1	-1.2747474747474747	0.0	6.8	8.040991538305628e-06
H_t_1	-1.2661616161616165	0.0	6.8	8.716928258292077e-06
H_t_1	-1.2575757575757576	0.0	6.8	9.45308423010003e-06
H_t_1	-1.248989898989899	0.0	6.8	1.025547327176994e-05
H_t_1	-1.2404040404040404	0.0	6.8	1.1130802972115652e-05
H_t_1	-1.231818181818182	0.0	6.8	1.2086567814537152e-05
H_t_1	-1.2232323232323232	0.0	6.8	1.3131154039583098e-05
H_t_1	-1.2146464646464648	0.0	6.8	1.4273956064727997e-05
H_t_1	-1.206060606060606	0.0	6.8	1.5525502750910657e-05
H_t_1	-1.1974747474747476	0.0	6.8	1.6897589021021148e-05
H_t_1	-1.1888888888888889	0.0	6.8	1.840340344681583e-05
H_t_1	-1.1803030303030304	0.0	6.8	2.005763405080681e-05
H_t_1	-1.1717171717171715	0.0	6.8	2.187652052566575e-05
H_t_1	-1.1631313131313132	0.0	6.8	2.3877797961315783e-05
H_t_1	-1.1545454545454543	0.0	6.8	2.6080439981592088e-05
H_t_1	-1.145959595959596	0.0	6.8	2.8504051167689182e-05
H_t_1	-1.1373737373737374	0.0	6.8	3.1167672284613255e-05
H_t_1	-1.128787878787879	0.0	6.8	3.408764323997179e-05
H_t_1	-1.1202020202020202	0.0	6.8	3.727402991418251e-05
H_t_1	-1.1116161616161615	0.0	6.8	4.072501788886798e-05
H_t_1	-1.103030303030303	0.0	6.8	4.441875855284989e-05
H_t_1	-1.0944444444444446	0.0	6.8	4.830272134080589e-05
H_t_1	-1.085858585858586	0.0	6.8	5.228207891462761e-05
H_t_1	-1.0772727272727274	0.0	6.8	5.6211215808828064e-05
H_t_1	-1.068686868686869	0.0	6.8	5.989518047101346e-05
H_t_1	-1.0601010101010102	0.0	6.8	6.310795740840241e-05
H_t_1	-1.0515151515151515	0.0	6.8	6.562849569927457e-05
H_t_1	-1.042929292929293	0.0	6.8	6.728454073917864e-05
H_t_1	-1.0343434343434343	0.0	6.8	6.798671718533591e-05
H_t_1	-1.025757575757576	0.0	6.8	6.773920449863193e-05
H_t_1	-1.0171717171717172	0.0	6.8	6.66261979471142e-05
H_t_1	-1.0085858585858587	0.0	6.8	6.478424912620588e-05
H_t_1	-1.0	0.0	6.8	6.237279169116599e-05
H_t_1	-1.85	-3.0	6.8	6.561707355362468e-07
H_t_1	-1.8414141414141416	-3.0	6.8	7.470368228732254e-07
H_t_1	-1.8328282828282831	-3.0	6.8	8.503791517645169e-07
H_t_1	-1.8242424242424244	-3.0	6.8	9.678744851910192e-07
H_t_1	-1.8156565656565655	-3.0	6.8	1.101412747514311e-06
H_t_1	-1.8070707070707075	-3.0	6.8	1.2531200687767983e-06
H_t_1	-1.7984848484848486	-3.0	6.8	1.4253829688791486e-06
H_t_1	-1.78989898989899	-3.0	6.8	1.6208732497220406e-06
H_t_1	-1.7813131313131314	-3.0	6.8	1.8425729643045288e-06
H_t_1	-1.772727272727273	-3.0	6.8	2.0937985885581423e-06
H_t_1	-1.7641414141414142	-3.0	6.8	2.3782232358800813e-06
H_t_1	-1.7555555555555555	-3.0	6.8	2.6998954347549896e-06
H_t_1	-1.746969696969697	-3.0	6.8	3.0632526558337306e-06
H_t_1	-1.7383838383838386	-3.0	6.8	3.473127460680592e-06
H_t_1	-1.72979797979798	-3.0	6.8	3.934743902769308e-06
H_t_1	-1.7212121212121212	-3.0	6.8	4.453701715249832e-06
H_t_1	-1.7126262626262627	-3.0	6.8	5.035945960846951e-06
H_t_1	-1.7040404040404042	-3.0	6.8	5.687720297815584e-06
H_t_1	-1.6954545454545455	-3.0	6.8	6.415502924545341e-06
H_t_1	-1.6868686868686869	-3.0	6.8	7.2259256601174225e-06
H_t_1	-1.6782828282828284	-3.0	6.8	8.1256784831279e-06
H_t_1	-1.66969696969697	-3.0	6.8	9.121404064830052e-06
H_t_1	-1.6611111111111112	-3.0	6.8	1.0219589148600576e-05
H_t_1	-1.6525252525252525	-3.0	6.8	1.1426461687318547e-05
H_t_1	-1.643939393939394	-3.0	6.8	1.274790403948938e-05
H_t_1	-1.6353535353535356	-3.0	6.8	1.418939287336991e-05
H_t_1	-1.6267676767676769	-3.0	6.8	1.5755975526913824e-05
H_t_1	-1.6181818181818182	-3.0	6.8	1.7136213746063224e-05
H_t_1	-1.6095959595959597	-3.0	6.8	1.809195714088015e-05
H_t_1	-1.6010101010101012	-3.0	6.8	1.89304644423977e-05
H_t_1	-1.5924242424242423	-3.0	6.8	1.9719173580057675e-05
H_t_1	-1.5838383838383838	-3.0	6.8	2.048523922433575e-05
H_t_1	-1.5752525252525251	-3.0	6.8	2.1243638555570555e-05
H_t_1	-1.5666666666666669	-3.0	6.8	2.2004428572286405e-05
H_t_1	-1.5580808080808082	-3.0	6.8	2.2775455006251617e-05
H_t_1	-1.5494949494949497	-3.0	6.8	2.3563619093779745e-05
H_t_1	-1.540909090909091	-3.0	6.8	2.437558681092169e-05
H_t_1	-1.5323232323232323	-3.0	6.8	2.521825869160992e-05
H_t_1	-1.5237373737373738	-3.0	6.8	2.609913531551517e-05
H_t_1	-1.5151515151515151	-3.0	6.8	2.7026644431274225e-05
H_t_1	-1.5065656565656569	-3.0	6.8	2.80104665965085e-05
H_t_1	-1.4979797979797982	-3.0	6.8	2.906188297302761e-05
H_t_1	-1.4893939393939395	-3.0	6.8	3.019416237024852e-05
H_t_1	-1.4808080808080808	-3.0	6.8	3.142300078457122e-05
H_t_1	-1.4722222222222223	-3.0	6.8	3.276702343169161e-05
H_t_1	-1.4636363636363638	-3.0	6.8	3.42443911343301e-05
H_t_1	-1.4550505050505051	-3.0	6.8	3.587620364168461e-05
H_t_1	-1.4464646464646465	-3.0	6.8	3.769228666792147e-05
H_t_1	-1.437878787878788	-3.0	6.8	3.9724104732198325e-05
H_t_1	-1.4292929292929295	-3.0	6.8	4.200788403553881e-05
H_t_1	-1.4207070707070708	-3.0	6.8	4.4585260138141206e-05
H_t_1	-1.412121212121212	-3.0	6.8	4.7505301208165865e-05
H_t_1	-1.4035353535353536	-3.0	6.8	5.082450693295353e-05
H_t_1	-1.394949494949495	-3.0	6.8	5.460543887540855e-05
H_t_1	-1.3863636363636365	-3.0	6.8	5.891962986791852e-05
H_t_1	-1.3777777777777778	-3.0	6.8	6.384876763516378e-05
H_t_1	-1.3691919191919193	-3.0	6.8	6.948600937146506e-05
H_t_1	-1.3606060606060606	-3.0	6.8	7.593746302024778e-05
H_t_1	-1.352020202020202	-3.0	6.8	8.332386245392563e-05
H_t_1	-1.3434343434343434	-3.0	6.8	9.1782469140785e-05
H_t_1	-1.334848484848485	-3.0	6.8	0.0001014692379196
H_t_1	-1.3262626262626265	-3.0	6.8	0.0001125612882906
H_t_1	-1.3176767676767678	-3.0	6.8	0.0001252597241076
H_t_1	-1.309090909090909	-3.0	6.8	0.0001397928423909
H_t_1	-1.3005050505050506	-3.0	6.8	0.0001564197641059
H_t_1	-1.291919191919192	-3.0	6.8	0.0001754345025631
H_t_1	-1.2833333333333334	-3.0	6.8	0.000197170451868
H_t_1	-1.2747474747474747	-3.0	6.8	0.0002220052164355
H_t_1	-1.2661616161616165	-3.0	6.8	0.0002503655914335
H_t_1	-1.2575757575757576	-3.0	6.8	0.000282732305891
H_t_1	-1.248989898989899	-3.0	6.8	0.0003196437920107
H_t_1	-1.2404040404040404	-3.0	6.8	0.0003616976417115
H_t_1	-1.231818181818182	-3.0	6.8	0.0004095473884924
H_t_1	-1.2232323232323232	-3.0	6.8	0.0004638905610694
H_t_1	-1.2146464646464648	-3.0	6.8	0.0005254412674792
H_t_1	-1.206060606060606	-3.0	6.8	0.0005948765737139
H_t_1	-1.1974747474747476	-3.0	6.8	0.0006727407029127
H_t_1	-1.1888888888888889	-3.0	6.8	0.000759285991082
H_t_1	-1.1803030303030304	-3.0	6.8	0.0008542292851641
H_t_1	-1.1717171717171715	-3.0	6.8	0.0009564177887879
H_t_1	-1.1631313131313132	-3.0	6.8	0.0010634461060096
H_t_1	-1.1545454545454543	-3.0	6.8	0.001171356734068
H_t_1	-1.145959595959596	-3.0	6.8	0.0012746570631059
H_t_1	-1.1373737373737374	-3.0	6.8	0.0013668869506845
H_t_1	-1.128787878787879	-3.0	6.8	0.0014417480586154
H_t_1	-1.1202020202020202	-3.0	6.8	0.0014944251966608
H_t_1	-1.1116161616161615	-3.0	6.8	0.0015225212838558
H_t_1	-1.103030303030303	-3.0	6.8	0.0015262385998406
H_t_1	-1.0944444444444446	-3.0	6.8	0.0015078807258286
H_t_1	-1.085858585858586	-3.0	6.8	0.001471033364561
H_t_1	-1.0772727272727274	-3.0	6.8	0.001419771529336
H_t_1	-1.068686868686869	-3.0	6.8	0.0013580762807472
H_t_1	-1.0601010101010102	-3.0	6.8	0.0012894922701768
H_t_1	-1.0515151515151515	-3.0	6.8	0.001216978786105
H_t_1	-1.042929292929293	-3.0	6.8	0.0011428879051546
H_t_1	-1.0343434343434343	-3.0	6.8	0.0010690131009986
H_t_1	-1.025757575757576	-3.0	6.8	0.0009966690884313
H_t_1	-1.0171717171717172	-3.0	6.8	0.0009267792639338
H_t_1	-1.0085858585858587	-3.0	6.8	0.0008599582807872
H_t_1	-1.0	-3.0	6.8	0.0007965843686509
OCCOH_t_1	-1.85	0.0	6.8	5.290316281263696e-16
OCCOH_t_1	-1.8414141414141416	0.0	6.8	6.915942275142069e-16
OCCOH_t_1	-1.8328282828282831	0.0	6.8	9.043085475244805e-16
OCCOH_t_1	-1.8242424242424244	0.0	6.8	1.1826835080700458e-15
OCCOH_t_1	-1.8156565656565655	0.0	6.8	1.5470312501590726e-15
OCCOH_t_1	-1.8070707070707075	0.0	6.8	2.023955568333384e-15
OCCOH_t_1	-1.7984848484848486	0.0	6.8	2.6483011420936178e-15
OCCOH_t_1	-1.78989898989899	0.0	6.8	3.4654345019985806e-15
OCCOH_t_1	-1.7813131313131314	0.0	6.8	4.534256940995051e-15
OCCOH_t_1	-1.772727272727273	0.0	6.8	5.932099310189321e-15
OCCOH_t_1	-1.7641414141414142	0.0	6.8	7.759978181612751e-15
OCCOH_t_1	-1.7555555555555555	0.0	6.8	1.01497825210347e-14
OCCOH_t_1	-1.746969696969697	0.0	6.8	1.3273612563250676e-14
OCCOH_t_1	-1.7383838383838386	0.0	6.8	1.735586544049603e-14
OCCOH_t_1	-1.72979797979798	0.0	6.8	2.268880466223308e-14
OCCOH_t_1	-1.7212121212121212	0.0	6.8	2.9652479863476154e-14
OCCOH_t_1	-1.7126262626262627	0.0	6.8	3.8739942372656874e-14
OCCOH_t_1	-1.7040404040404042	0.0	6.8	5.058863377971159e-14
OCCOH_t_1	-1.6954545454545455	0.0	6.8	6.601841203352737e-14
OCCOH_t_1	-1.6868686868686869	0.0	6.8	8.607554793102883e-14
OCCOH_t_1	-1.6782828282828284	0.0	6.8	1.1207950876627945e-13
OCCOH_t_1	-1.66969696969697	0.0	6.8	1.456643821997815e-13
OCCOH_t_1	-1.6611111111111112	0.0	6.8	1.887979970084637e-13
OCCOH_t_1	-1.6525252525252525	0.0	6.8	2.4374822662808414e-13
OCCOH_t_1	-1.643939393939394	0.0	6.8	3.129495905491367e-13
OCCOH_t_1	-1.6353535353535356	0.0	6.8	3.987141335477238e-13
OCCOH_t_1	-1.6267676767676769	0.0	6.8	5.02752215056511e-13
OCCOH_t_1	-1.6181818181818182	0.0	6.8	6.25551635960928e-13
OCCOH_t_1	-1.6095959595959597	0.0	6.8	7.658054079018585e-13
OCCOH_t_1	-1.6010101010101012	0.0	6.8	9.201877211458849e-13
OCCOH_t_1	-1.5924242424242423	0.0	6.8	1.0837012531547625e-12
OCCOH_t_1	-1.5838383838383838	0.0	6.8	1.2505286796835774e-12
OCCOH_t_1	-1.5752525252525251	0.0	6.8	1.415036734767601e-12
OCCOH_t_1	-1.5666666666666669	0.0	6.8	1.572550526937199e-12
OCCOH_t_1	-1.5580808080808082	0.0	6.8	1.7197201484227228e-12
OCCOH_t_1	-1.5494949494949497	0.0	6.8	1.854525941583121e-12
OCCOH_t_1	-1.540909090909091	0.0	6.8	1.976070780351508e-12
OCCOH_t_1	-1.5323232323232323	0.0	6.8	2.0842979527879657e-12
OCCOH_t_1	-1.5237373737373738	0.0	6.8	2.1797205015984096e-12
OCCOH_t_1	-1.5151515151515151	0.0	6.8	2.2631994921234945e-12
OCCOH_t_1	-1.5065656565656569	0.0	6.8	2.335778861448118e-12
OCCOH_t_1	-1.4979797979797982	0.0	6.8	2.3765232174521666e-12
OCCOH_t_1	-1.4893939393939395	0.0	6.8	2.3161292066649578e-12
OCCOH_t_1	-1.4808080808080808	0.0	6.8	2.2421138080436055e-12
OCCOH_t_1	-1.4722222222222223	0.0	6.8	2.1570409725719442e-12
OCCOH_t_1	-1.4636363636363638	0.0	6.8	2.0634699672849647e-12
OCCOH_t_1	-1.4550505050505051	0.0	6.8	1.9638588569182186e-12
OCCOH_t_1	-1.4464646464646465	0.0	6.8	1.8604792917554656e-12
OCCOH_t_1	-1.437878787878788	0.0	6.8	1.7553519330055377e-12
OCCOH_t_1	-1.4292929292929295	0.0	6.8	1.650207221007838e-12
OCCOH_t_1	-1.4207070707070708	0.0	6.8	1.5464713469078169e-12
OCCOH_t_1	-1.412121212121212	0.0	6.8	1.4452736035738845e-12
OCCOH_t_1	-1.4035353535353536	0.0	6.8	1.3474693460974573e-12
OCCOH_t_1	-1.394949494949495	0.0	6.8	1.25367246087422e-12
OCCOH_t_1	-1.3863636363636365	0.0	6.8	1.164292015017391e-12
OCCOH_t_1	-1.3777777777777778	0.0	6.8	1.0795690576409212e-12
OCCOH_t_1	-1.3691919191919193	0.0	6.8	9.996109200252889e-13
OCCOH_t_1	-1.3606060606060606	0.0	6.8	9.244215468008038e-13
OCCOH_t_1	-1.352020202020202	0.0	6.8	8.539272795378079e-13
OCCOH_t_1	-1.3434343434343434	0.0	6.8	7.879981067303859e-13
OCCOH_t_1	-1.334848484848485	0.0	6.8	7.264647411333151e-13
OCCOH_t_1	-1.3262626262626265	0.0	6.8	6.691320528765264e-13
OCCOH_t_1	-1.3176767676767678	0.0	6.8	6.157894358544521e-13
OCCOH_t_1	-1.309090909090909	0.0	6.8	5.662186636577218e-13
OCCOH_t_1	-1.3005050505050506	0.0	6.8	5.201997337803139e-13
OCCOH_t_1	-1.291919191919192	0.0	6.8	4.775151270140268e-13
OCCOH_t_1	-1.2833333333333334	0.0	6.8	4.379528358959488e-13
OCCOH_t_1	-1.2747474747474747	0.0	6.8	4.013084487402536e-13
OCCOH_t_1	-1.2661616161616165	0.0	6.8	3.673865172107626e-13
OCCOH_t_1	-1.2575757575757576	0.0	6.8	3.3600138632930323e-13
OCCOH_t_1	-1.248989898989899	0.0	6.8	3.0697762578818984e-13
OCCOH_t_1	-1.2404040404040404	0.0	6.8	2.801501693904081e-13
OCCOH_t_1	-1.231818181818182	0.0	6.8	2.5536424413893025e-13
OCCOH_t_1	-1.2232323232323232	0.0	6.8	2.3247515071873505e-13
OCCOH_t_1	-1.2146464646464648	0.0	6.8	2.1134794176565346e-13
OCCOH_t_1	-1.206060606060606	0.0	6.8	1.9185703245703093e-13
OCCOH_t_1	-1.1974747474747476	0.0	6.8	1.7388576881451048e-13
OCCOH_t_1	-1.1888888888888889	0.0	6.8	1.573259720506135e-13
OCCOH_t_1	-1.1803030303030304	0.0	6.8	1.4207747181827274e-13
OCCOH_t_1	-1.1717171717171715	0.0	6.8	1.280476369442492e-13
OCCOH_t_1	-1.1631313131313132	0.0	6.8	1.1515090884277328e-13
OCCOH_t_1	-1.1545454545454543	0.0	6.8	1.0330834009272017e-13
OCCOH_t_1	-1.145959595959596	0.0	6.8	9.244713846999685e-14
OCCOH_t_1	-1.1373737373737374	0.0	6.8	8.25002149769857e-14
OCCOH_t_1	-1.128787878787879	0.0	6.8	7.340573309868595e-14
OCCOH_t_1	-1.1202020202020202	0.0	6.8	6.51066557181435e-14
OCCOH_t_1	-1.1116161616161615	0.0	6.8	5.755028600557339e-14
OCCOH_t_1	-1.103030303030303	0.0	6.8	5.0687799394421714e-14
OCCOH_t_1	-1.0944444444444446	0.0	6.8	4.447376574147194e-14
OCCOH_t_1	-1.085858585858586	0.0	6.8	3.886566413516551e-14
OCCOH_t_1	-1.0772727272727274	0.0	6.8	3.382339754077402e-14
OCCOH_t_1	-1.068686868686869	0.0	6.8	2.930882015841077e-14
OCCOH_t_1	-1.0601010101010102	0.0	6.8	2.528529625451356e-14
OCCOH_t_1	-1.0515151515151515	0.0	6.8	2.17173143314099e-14
OCCOH_t_1	-1.042929292929293	0.0	6.8	1.8570183613648292e-14
OCCOH_t_1	-1.0343434343434343	0.0	6.8	1.5809839106143092e-14
OCCOH_t_1	-1.025757575757576	0.0	6.8	1.3402774624044041e-14
OCCOH_t_1	-1.0171717171717172	0.0	6.8	1.1316109318873332e-14
OCCOH_t_1	-1.0085858585858587	0.0	6.8	9.517774634721438e-15
OCCOH_t_1	-1.0	0.0	6.8	7.976789713438129e-15
OCCOH_t_1	-1.85	-3.0	6.8	3.7793883535140366e-21
OCCOH_t_1	-1.8414141414141416	-3.0	6.8	5.264877810178898e-21
OCCOH_t_1	-1.8328282828282831	-3.0	6.8	7.330494803821063e-21
OCCOH_t_1	-1.8242424242424244	-3.0	6.8	1.0200405908147784e-20
OCCOH_t_1	-1.8156565656565655	-3.0	6.8	1.4183882893835462e-20
OCCOH_t_1	-1.8070707070707075	-3.0	6.8	1.9706662191108327e-20
OCCOH_t_1	-1.7984848484848486	-3.0	6.8	2.7353269779916774e-20
OCCOH_t_1	-1.78989898989899	-3.0	6.8	3.792378461350984e-20
OCCOH_t_1	-1.7813131313131314	-3.0	6.8	5.25093947688033e-20
OCCOH_t_1	-1.772727272727273	-3.0	6.8	7.259207084382104e-20
OCCOH_t_1	-1.7641414141414142	-3.0	6.8	1.001746573696988e-19
OCCOH_t_1	-1.7555555555555555	-3.0	6.8	1.3794850929111266e-19
OCCOH_t_1	-1.746969696969697	-3.0	6.8	1.8950621865601778e-19
OCCOH_t_1	-1.7383838383838386	-3.0	6.8	2.596065965742633e-19
OCCOH_t_1	-1.72979797979798	-3.0	6.8	3.5449735746935297e-19
OCCOH_t_1	-1.7212121212121212	-3.0	6.8	4.822972195280722e-19
OCCOH_t_1	-1.7126262626262627	-3.0	6.8	6.534326434220992e-19
OCCOH_t_1	-1.7040404040404042	-3.0	6.8	8.811145325001756e-19
OCCOH_t_1	-1.6954545454545455	-3.0	6.8	1.1818266364616665e-18
OCCOH_t_1	-1.6868686868686869	-3.0	6.8	1.5757806230229346e-18
OCCOH_t_1	-1.6782828282828284	-3.0	6.8	2.0872744866664105e-18
OCCOH_t_1	-1.66969696969697	-3.0	6.8	2.744874339140284e-18
OCCOH_t_1	-1.6611111111111112	-3.0	6.8	3.5813293382076395e-18
OCCOH_t_1	-1.6525252525252525	-3.0	6.8	4.6331310595024776e-18
OCCOH_t_1	-1.643939393939394	-3.0	6.8	5.939646961545836e-18
OCCOH_t_1	-1.6353535353535356	-3.0	6.8	7.541795227058224e-18
OCCOH_t_1	-1.6267676767676769	-3.0	6.8	9.480283309316325e-18
OCCOH_t_1	-1.6181818181818182	-3.0	6.8	1.1953939071874125e-17
OCCOH_t_1	-1.6095959595959597	-3.0	6.8	1.5320913032542634e-17
OCCOH_t_1	-1.6010101010101012	-3.0	6.8	1.973130234561812e-17
OCCOH_t_1	-1.5924242424242423	-3.0	6.8	2.5466187686356288e-17
OCCOH_t_1	-1.5838383838383838	-3.0	6.8	3.2901637482789684e-17
OCCOH_t_1	-1.5752525252525251	-3.0	6.8	4.2523358935810736e-17
OCCOH_t_1	-1.5666666666666669	-3.0	6.8	5.4952325423983085e-17
OCCOH_t_1	-1.5580808080808082	-3.0	6.8	7.09773719648883e-17
OCCOH_t_1	-1.5494949494949497	-3.0	6.8	9.159443607425513e-17
OCCOH_t_1	-1.540909090909091	-3.0	6.8	1.180523518452154e-16
OCCOH_t_1	-1.5323232323232323	-3.0	6.8	1.5190456376757938e-16
OCCOH_t_1	-1.5237373737373738	-3.0	6.8	1.9506504640270122e-16
OCCOH_t_1	-1.5151515151515151	-3.0	6.8	2.4986502355645787e-16
OCCOH_t_1	-1.5065656565656569	-3.0	6.8	3.1910465706085464e-16
OCCOH_t_1	-1.4979797979797982	-3.0	6.8	4.060906505462826e-16
OCCOH_t_1	-1.4893939393939395	-3.0	6.8	5.146467724929918e-16
OCCOH_t_1	-1.4808080808080808	-3.0	6.8	6.490800390326137e-16
OCCOH_t_1	-1.4722222222222223	-3.0	6.8	8.140816156059826e-16
OCCOH_t_1	-1.4636363636363638	-3.0	6.8	9.57534943736889e-16
OCCOH_t_1	-1.4550505050505051	-3.0	6.8	1.0491360929086576e-15
OCCOH_t_1	-1.4464646464646465	-3.0	6.8	1.1279806906085684e-15
OCCOH_t_1	-1.437878787878788	-3.0	6.8	1.1900546043050765e-15
OCCOH_t_1	-1.4292929292929295	-3.0	6.8	1.2323570492586852e-15
OCCOH_t_1	-1.4207070707070708	-3.0	6.8	1.2531540286454445e-15
OCCOH_t_1	-1.412121212121212	-3.0	6.8	1.2520309888509249e-15
OCCOH_t_1	-1.4035353535353536	-3.0	6.8	1.2298592897978118e-15
OCCOH_t_1	-1.394949494949495	-3.0	6.8	1.188665828228277e-15
OCCOH_t_1	-1.3863636363636365	-3.0	6.8	1.1313056899041185e-15
OCCOH_t_1	-1.3777777777777778	-3.0	6.8	1.0611563160945772e-15
OCCOH_t_1	-1.3691919191919193	-3.0	6.8	9.81815018346843e-16
OCCOH_t_1	-1.3606060606060606	-3.0	6.8	8.968280588859037e-16
OCCOH_t_1	-1.352020202020202	-3.0	6.8	8.094708962548425e-16
OCCOH_t_1	-1.3434343434343434	-3.0	6.8	7.225903276313191e-16
OCCOH_t_1	-1.334848484848485	-3.0	6.8	6.385109584790498e-16
OCCOH_t_1	-1.3262626262626265	-3.0	6.8	5.590012787372663e-16
OCCOH_t_1	-1.3176767676767678	-3.0	6.8	4.852892815134969e-16
OCCOH_t_1	-1.309090909090909	-3.0	6.8	4.181144898488522e-16
OCCOH_t_1	-1.3005050505050506	-3.0	6.8	3.5780251832265423e-16
OCCOH_t_1	-1.291919191919192	-3.0	6.8	3.043495147624151e-16
OCCOH_t_1	-1.2833333333333334	-3.0	6.8	2.575063375464976e-16
OCCOH_t_1	-1.2747474747474747	-3.0	6.8	2.168553843532131e-16
OCCOH_t_1	-1.2661616161616165	-3.0	6.8	1.8187596938452692e-16
OCCOH_t_1	-1.2575757575757576	-3.0	6.8	1.519966345909498e-16
OCCOH_t_1	-1.248989898989899	-3.0	6.8	1.266345922623073e-16
OCCOH_t_1	-1.2404040404040404	-3.0	6.8	1.0522362943905405e-16
OCCOH_t_1	-1.231818181818182	-3.0	6.8	8.723236749715126e-17
OCCOH_t_1	-1.2232323232323232	-3.0	6.8	7.217491613791286e-17
OCCOH_t_1	-1.2146464646464648	-3.0	6.8	5.961584111703019e-17
OCCOH_t_1	-1.206060606060606	-3.0	6.8	4.9171103693109716e-17
OCCOH_t_1	-1.1974747474747476	-3.0	6.8	4.050631625034079e-17
OCCOH_t_1	-1.1888888888888889	-3.0	6.8	3.333334932401729e-17
OCCOH_t_1	-1.1803030303030304	-3.0	6.8	2.7406050910347858e-17
OCCOH_t_1	-1.1717171717171715	-3.0	6.8	2.251561205042988e-17
OCCOH_t_1	-1.1631313131313132	-3.0	6.8	1.8485934752850588e-17
OCCOH_t_1	-1.1545454545454543	-3.0	6.8	1.5169225071232173e-17
OCCOH_t_1	-1.145959595959596	-3.0	6.8	1.2441938912164285e-17
OCCOH_t_1	-1.1373737373737374	-3.0	6.8	1.0201143345818165e-17
OCCOH_t_1	-1.128787878787879	-3.0	6.8	8.361313424353184e-18
OCCOH_t_1	-1.1202020202020202	-3.0	6.8	6.85155536932646e-18
OCCOH_t_1	-1.1116161616161615	-3.0	6.8	5.613226272332244e-18
OCCOH_t_1	-1.103030303030303	-3.0	6.8	4.597908072526466e-18
OCCOH_t_1	-1.0944444444444446	-3.0	6.8	3.7656905406348145e-18
OCCOH_t_1	-1.085858585858586	-3.0	6.8	3.0837216350585043e-18
OCCOH_t_1	-1.0772727272727274	-3.0	6.8	2.5249890452091193e-18
OCCOH_t_1	-1.068686868686869	-3.0	6.8	2.0673011220099762e-18
OCCOH_t_1	-1.0601010101010102	-3.0	6.8	1.6924385706578938e-18
OCCOH_t_1	-1.0515151515151515	-3.0	6.8	1.3854510479038097e-18
OCCOH_t_1	-1.042929292929293	-3.0	6.8	1.1340756460923221e-18
OCCOH_t_1	-1.0343434343434343	-3.0	6.8	9.282571852028431e-19
OCCOH_t_1	-1.025757575757576	-3.0	6.8	7.597531117990877e-19
OCCOH_t_1	-1.0171717171717172	-3.0	6.8	6.218084661353846e-19
OCCOH_t_1	-1.0085858585858587	-3.0	6.8	5.0888873171315415e-19
OCCOH_t_1	-1.0	-3.0	6.8	4.1646036846286544e-19
OCCO_t_1	-1.85	0.0	6.8	5.290316281263697e-16
OCCO_t_1	-1.8414141414141416	0.0	6.8	6.915942275142069e-16
OCCO_t_1	-1.8328282828282831	0.0	6.8	9.043085475244805e-16
OCCO_t_1	-1.8242424242424244	0.0	6.8	1.1826835080700458e-15
OCCO_t_1	-1.8156565656565655	0.0	6.8	1.5470312501590726e-15
OCCO_t_1	-1.8070707070707075	0.0	6.8	2.0239555683333845e-15
OCCO_t_1	-1.7984848484848486	0.0	6.8	2.6483011420936178e-15
OCCO_t_1	-1.78989898989899	0.0	6.8	3.465434501998581e-15
OCCO_t_1	-1.7813131313131314	0.0	6.8	4.534256940995052e-15
OCCO_t_1	-1.772727272727273	0.0	6.8	5.9320993101893215e-15
OCCO_t_1	-1.7641414141414142	0.0	6.8	7.759978181612751e-15
OCCO_t_1	-1.7555555555555555	0.0	6.8	1.0149782521034702e-14
OCCO_t_1	-1.746969696969697	0.0	6.8	1.3273612563250678e-14
OCCO_t_1	-1.7383838383838386	0.0	6.8	1.7355865440496034e-14
OCCO_t_1	-1.72979797979798	0.0	6.8	2.2688804662233088e-14
OCCO_t_1	-1.7212121212121212	0.0	6.8	2.9652479863476154e-14
OCCO_t_1	-1.7126262626262627	0.0	6.8	3.8739942372656887e-14
OCCO_t_1	-1.7040404040404042	0.0	6.8	5.0588633779711616e-14
OCCO_t_1	-1.6954545454545455	0.0	6.8	6.601841203352741e-14
OCCO_t_1	-1.6868686868686869	0.0	6.8	8.60755479310289e-14
OCCO_t_1	-1.6782828282828284	0.0	6.8	1.1207950876627955e-13
OCCO_t_1	-1.66969696969697	0.0	6.8	1.4566438219978165e-13
OCCO_t_1	-1.6611111111111112	0.0	6.8	1.8879799700846392e-13
OCCO_t_1	-1.6525252525252525	0.0	6.8	2.437482266280845e-13
OCCO_t_1	-1.643939393939394	0.0	6.8	3.129495905491372e-13
OCCO_t_1	-1.6353535353535356	0.0	6.8	3.9871413354772476e-13
OCCO_t_1	-1.6267676767676769	0.0	6.8	5.027522150565125e-13
OCCO_t_1	-1.6181818181818182	0.0	6.8	6.255516359609301e-13
OCCO_t_1	-1.6095959595959597	0.0	6.8	7.658054079018617e-13
OCCO_t_1	-1.6010101010101012	0.0	6.8	9.201877211458897e-13
OCCO_t_1	-1.5924242424242423	0.0	6.8	1.0837012531547698e-12
OCCO_t_1	-1.5838383838383838	0.0	6.8	1.2505286796835885e-12
OCCO_t_1	-1.5752525252525251	0.0	6.8	1.4150367347676176e-12
OCCO_t_1	-1.5666666666666669	0.0	6.8	1.5725505269372232e-12
OCCO_t_1	-1.5580808080808082	0.0	6.8	1.7197201484227582e-12
OCCO_t_1	-1.5494949494949497	0.0	6.8	1.854525941583172e-12
OCCO_t_1	-1.540909090909091	0.0	6.8	1.976070780351581e-12
OCCO_t_1	-1.5323232323232323	0.0	6.8	2.0842979527880708e-12
OCCO_t_1	-1.5237373737373738	0.0	6.8	2.17972050159856e-12
OCCO_t_1	-1.5151515151515151	0.0	6.8	2.263199492123708e-12
OCCO_t_1	-1.5065656565656569	0.0	6.8	2.3357788614484205e-12
OCCO_t_1	-1.4979797979797982	0.0	6.8	2.477715578299911e-12
OCCO_t_1	-1.4893939393939395	0.0	6.8	2.975356777339782e-12
OCCO_t_1	-1.4808080808080808	0.0	6.8	3.550377655409068e-12
OCCO_t_1	-1.4722222222222223	0.0	6.8	4.212102098968474e-12
OCCO_t_1	-1.4636363636363638	0.0	6.8	4.971026657715342e-12
OCCO_t_1	-1.4550505050505051	0.0	6.8	5.839067884303127e-12
OCCO_t_1	-1.4464646464646465	0.0	6.8	6.829832689523109e-12
OCCO_t_1	-1.437878787878788	0.0	6.8	7.95890383578013e-12
OCCO_t_1	-1.4292929292929295	0.0	6.8	9.244136328560868e-12
OCCO_t_1	-1.4207070707070708	0.0	6.8	1.0705964600314299e-11
OCCO_t_1	-1.412121212121212	0.0	6.8	1.2367723807046116e-11
OCCO_t_1	-1.4035353535353536	0.0	6.8	1.4255990649653006e-11
OCCO_t_1	-1.394949494949495	0.0	6.8	1.6400949838513214e-11
OCCO_t_1	-1.3863636363636365	0.0	6.8	1.883679193941904e-11
OCCO_t_1	-1.3777777777777778	0.0	6.8	2.1602147265715684e-11
OCCO_t_1	-1.3691919191919193	0.0	6.8	2.474055903591247e-11
OCCO_t_1	-1.3606060606060606	0.0	6.8	2.8300997378863437e-11
OCCO_t_1	-1.352020202020202	0.0	6.8	3.2338413986496325e-11
OCCO_t_1	-1.3434343434343434	0.0	6.8	3.691433523516207e-11
OCCO_t_1	-1.334848484848485	0.0	6.8	4.2097489308403267e-11
OCCO_t_1	-1.3262626262626265	0.0	6.8	4.796446011090881e-11
OCCO_t_1	-1.3176767676767678	0.0	6.8	5.460035740369921e-11
OCCO_t_1	-1.309090909090909	0.0	6.8	6.209948844394376e-11
OCCO_t_1	-1.3005050505050506	0.0	6.8	7.056601130472137e-11
OCCO_t_1	-1.291919191919192	0.0	6.8	8.011454380577058e-11
OCCO_t_1	-1.2833333333333334	0.0	6.8	9.08706944375166e-11
OCCO_t_1	-1.2747474747474747	0.0	6.8	1.0297147265767552e-10
OCCO_t_1	-1.2661616161616165	0.0	6.8	1.1656552537126517e-10
OCCO_t_1	-1.2575757575757576	0.0	6.8	1.3181313422919055e-10
OCCO_t_1	-1.248989898989899	0.0	6.8	1.4888589467032218e-10
OCCO_t_1	-1.2404040404040404	0.0	6.8	1.679659826377587e-10
OCCO_t_1	-1.231818181818182	0.0	6.8	1.8924489913609228e-10
OCCO_t_1	-1.2232323232323232	0.0	6.8	2.1292156715455966e-10
OCCO_t_1	-1.2146464646464648	0.0	6.8	2.3919964137199036e-10
OCCO_t_1	-1.206060606060606	0.0	6.8	2.6828388058710787e-10
OCCO_t_1	-1.1974747474747476	0.0	6.8	3.0037542897112226e-10
OCCO_t_1	-1.1888888888888889	0.0	6.8	3.3566585908886557e-10
OCCO_t_1	-1.1803030303030304	0.0	6.8	3.7432985248477854e-10
OCCO_t_1	-1.1717171717171715	0.0	6.8	4.16516439059219e-10
OCCO_t_1	-1.1631313131313132	0.0	6.8	4.6233879212329644e-10
OCCO_t_1	-1.1545454545454543	0.0	6.8	5.11862690035126e-10
OCCO_t_1	-1.145959595959596	0.0	6.8	5.650939150008513e-10
OCCO_t_1	-1.1373737373737374	0.0	6.8	6.219650692779936e-10
OCCO_t_1	-1.128787878787879	0.0	6.8	6.823225465668746e-10
OCCO_t_1	-1.1202020202020202	0.0	6.8	7.459146887500542e-10
OCCO_t_1	-1.1116161616161615	0.0	6.8	8.123824558826362e-10
OCCO_t_1	-1.103030303030303	0.0	6.8	8.812541896751223e-10
OCCO_t_1	-1.0944444444444446	0.0	6.8	9.51946183512275e-10
OCCO_t_1	-1.085858585858586	0.0	6.8	1.0237706921662142e-09
OCCO_t_1	-1.0772727272727274	0.0	6.8	1.095952624245683e-09
OCCO_t_1	-1.068686868686869	0.0	6.8	1.1676553863418475e-09
OCCO_t_1	-1.0601010101010102	0.0	6.8	1.2380151835412914e-09
OCCO_t_1	-1.0515151515151515	0.0	6.8	1.3061816428652703e-09
OCCO_t_1	-1.042929292929293	0.0	6.8	1.3713611934097432e-09
OCCO_t_1	-1.0343434343434343	0.0	6.8	1.4328586176994707e-09
OCCO_t_1	-1.025757575757576	0.0	6.8	1.4901119770825332e-09
OCCO_t_1	-1.0171717171717172	0.0	6.8	1.542716907266231e-09
OCCO_t_1	-1.0085858585858587	0.0	6.8	1.5904379595105882e-09
OCCO_t_1	-1.0	0.0	6.8	1.6332066889353556e-09
OCCO_t_1	-1.85	-3.0	6.8	3.779388353514038e-21
OCCO_t_1	-1.8414141414141416	-3.0	6.8	5.2648778101788985e-21
OCCO_t_1	-1.8328282828282831	-3.0	6.8	7.330494803821065e-21
OCCO_t_1	-1.8242424242424244	-3.0	6.8	1.0200405908147786e-20
OCCO_t_1	-1.8156565656565655	-3.0	6.8	1.418388289383547e-20
OCCO_t_1	-1.8070707070707075	-3.0	6.8	1.9706662191108336e-20
OCCO_t_1	-1.7984848484848486	-3.0	6.8	2.735326977991679e-20
OCCO_t_1	-1.78989898989899	-3.0	6.8	3.7923784613509886e-20
OCCO_t_1	-1.7813131313131314	-3.0	6.8	5.250939476880338e-20
OCCO_t_1	-1.772727272727273	-3.0	6.8	7.259207084382118e-20
OCCO_t_1	-1.7641414141414142	-3.0	6.8	1.0017465736969908e-19
OCCO_t_1	-1.7555555555555555	-3.0	6.8	1.3794850929111324e-19
OCCO_t_1	-1.746969696969697	-3.0	6.8	1.8950621865601888e-19
OCCO_t_1	-1.7383838383838386	-3.0	6.8	2.5960659657426543e-19
OCCO_t_1	-1.72979797979798	-3.0	6.8	3.5449735746935697e-19
OCCO_t_1	-1.7212121212121212	-3.0	6.8	4.822972195280797e-19
OCCO_t_1	-1.7126262626262627	-3.0	6.8	6.534326434221135e-19
OCCO_t_1	-1.7040404040404042	-3.0	6.8	8.811145325002024e-19
OCCO_t_1	-1.6954545454545455	-3.0	6.8	1.1818266364617164e-18
OCCO_t_1	-1.6868686868686869	-3.0	6.8	1.575780623023028e-18
OCCO_t_1	-1.6782828282828284	-3.0	6.8	2.0872744866665838e-18
OCCO_t_1	-1.66969696969697	-3.0	6.8	2.744874339140601e-18
OCCO_t_1	-1.6611111111111112	-3.0	6.8	3.58132933820822e-18
OCCO_t_1	-1.6525252525252525	-3.0	6.8	4.6331310595035245e-18
OCCO_t_1	-1.643939393939394	-3.0	6.8	5.93964696154771e-18
OCCO_t_1	-1.6353535353535356	-3.0	6.8	7.541795227061548e-18
OCCO_t_1	-1.6267676767676769	-3.0	6.8	9.480283309322161e-18
OCCO_t_1	-1.6181818181818182	-3.0	6.8	1.1953939071884064e-17
OCCO_t_1	-1.6095959595959597	-3.0	6.8	1.5320913032558944e-17
OCCO_t_1	-1.6010101010101012	-3.0	6.8	1.9731302345644578e-17
OCCO_t_1	-1.5924242424242423	-3.0	6.8	2.546618768639896e-17
OCCO_t_1	-1.5838383838383838	-3.0	6.8	3.290163748285821e-17
OCCO_t_1	-1.5752525252525251	-3.0	6.8	4.2523358935920456e-17
OCCO_t_1	-1.5666666666666669	-3.0	6.8	5.495232542415836e-17
OCCO_t_1	-1.5580808080808082	-3.0	6.8	7.097737196516764e-17
OCCO_t_1	-1.5494949494949497	-3.0	6.8	9.159443607469955e-17
OCCO_t_1	-1.540909090909091	-3.0	6.8	1.1805235184592107e-16
OCCO_t_1	-1.5323232323232323	-3.0	6.8	1.519045637686978e-16
OCCO_t_1	-1.5237373737373738	-3.0	6.8	1.9506504640447051e-16
OCCO_t_1	-1.5151515151515151	-3.0	6.8	2.4986502355925123e-16
OCCO_t_1	-1.5065656565656569	-3.0	6.8	3.1910465706525555e-16
OCCO_t_1	-1.4979797979797982	-3.0	6.8	4.0609065055320014e-16
OCCO_t_1	-1.4893939393939395	-3.0	6.8	5.14646772503838e-16
OCCO_t_1	-1.4808080808080808	-3.0	6.8	6.490800390495726e-16
OCCO_t_1	-1.4722222222222223	-3.0	6.8	8.140816156324177e-16
OCCO_t_1	-1.4636363636363638	-3.0	6.8	1.0721445676521806e-15
OCCO_t_1	-1.4550505050505051	-3.0	6.8	1.4644009153414905e-15
OCCO_t_1	-1.4464646464646465	-3.0	6.8	1.961441239721525e-15
OCCO_t_1	-1.437878787878788	-3.0	6.8	2.576148837239402e-15
OCCO_t_1	-1.4292929292929295	-3.0	6.8	3.318384442760368e-15
OCCO_t_1	-1.4207070707070708	-3.0	6.8	4.193818629755183e-15
OCCO_t_1	-1.412121212121212	-3.0	6.8	5.202793178018319e-15
OCCO_t_1	-1.4035353535353536	-3.0	6.8	6.339726631487387e-15
OCCO_t_1	-1.394949494949495	-3.0	6.8	7.593355581965896e-15
OCCO_t_1	-1.3863636363636365	-3.0	6.8	8.946868283010821e-15
OCCO_t_1	-1.3777777777777778	-3.0	6.8	1.037872991597812e-14
OCCO_t_1	-1.3691919191919193	-3.0	6.8	1.1863936600383004e-14
OCCO_t_1	-1.3606060606060606	-3.0	6.8	1.337557053005554e-14
OCCO_t_1	-1.352020202020202	-3.0	6.8	1.48864826525674e-14
OCCO_t_1	-1.3434343434343434	-3.0	6.8	1.6370911029962923e-14
OCCO_t_1	-1.334848484848485	-3.0	6.8	1.7805859941822154e-14
OCCO_t_1	-1.3262626262626265	-3.0	6.8	1.9172112453929135e-14
OCCO_t_1	-1.3176767676767678	-3.0	6.8	2.0454814765420975e-14
OCCO_t_1	-1.309090909090909	-3.0	6.8	2.1643637866454994e-14
OCCO_t_1	-1.3005050505050506	-3.0	6.8	2.273257660662769e-14
OCCO_t_1	-1.291919191919192	-3.0	6.8	2.3719479778723447e-14
OCCO_t_1	-1.2833333333333334	-3.0	6.8	2.4605415778751022e-14
OCCO_t_1	-1.2747474747474747	-3.0	6.8	2.5393970830226412e-14
OCCO_t_1	-1.2661616161616165	-3.0	6.8	2.6090557491511563e-14
OCCO_t_1	-1.2575757575757576	-3.0	6.8	2.670178722395929e-14
OCCO_t_1	-1.248989898989899	-3.0	6.8	2.7234937671512452e-14
OCCO_t_1	-1.2404040404040404	-3.0	6.8	2.7697526289050574e-14
OCCO_t_1	-1.231818181818182	-3.0	6.8	2.8096988345415676e-14
OCCO_t_1	-1.2232323232323232	-3.0	6.8	2.8440448980541355e-14
OCCO_t_1	-1.2146464646464648	-3.0	6.8	2.8734575002582993e-14
OCCO_t_1	-1.206060606060606	-3.0	6.8	2.898549129730995e-14
OCCO_t_1	-1.1974747474747476	-3.0	6.8	2.9198747956452344e-14
OCCO_t_1	-1.1888888888888889	-3.0	6.8	2.937932651182779e-14
OCCO_t_1	-1.1803030303030304	-3.0	6.8	2.953167601057431e-14
OCCO_t_1	-1.1717171717171715	-3.0	6.8	2.9659770903455044e-14
OCCO_t_1	-1.1631313131313132	-3.0	6.8	2.9767181390404395e-14
OCCO_t_1	-1.1545454545454543	-3.0	6.8	2.9857142091819574e-14
OCCO_t_1	-1.145959595959596	-3.0	6.8	2.993259894653897e-14
OCCO_t_1	-1.1373737373737374	-3.0	6.8	2.999621502392794e-14
OCCO_t_1	-1.128787878787879	-3.0	6.8	3.005033262406836e-14
OCCO_t_1	-1.1202020202020202	-3.0	6.8	3.0096917216351085e-14
OCCO_t_1	-1.1116161616161615	-3.0	6.8	3.0137524711191783e-14
OCCO_t_1	-1.103030303030303	-3.0	6.8	3.017331906648665e-14
OCCO_t_1	-1.0944444444444446	-3.0	6.8	3.0205135544609226e-14
OCCO_t_1	-1.085858585858586	-3.0	6.8	3.023356419974756e-14
OCCO_t_1	-1.0772727272727274	-3.0	6.8	3.0259028656339663e-14
OCCO_t_1	-1.068686868686869	-3.0	6.8	3.028184700915242e-14
OCCO_t_1	-1.0601010101010102	-3.0	6.8	3.030227272282924e-14
OCCO_t_1	-1.0515151515151515	-3.0	6.8	3.0320519230396715e-14
OCCO_t_1	-1.042929292929293	-3.0	6.8	3.0336773495493083e-14
OCCO_t_1	-1.0343434343434343	-3.0	6.8	3.035120338120729e-14
OCCO_t_1	-1.025757575757576	-3.0	6.8	3.0363962910934394e-14
OCCO_t_1	-1.0171717171717172	-3.0	6.8	3.0375199177744106e-14
OCCO_t_1	-1.0085858585858587	-3.0	6.8	3.0385064438218344e-14
OCCO_t_1	-1.0	-3.0	6.8	3.0393733754773405e-14
